"","I01","I02","I03","I04","I05","I06","I07","I08","I09","I10","I11","I12","I13","I14","I15","I16","I17","I18","I19","I20","I21","I22","I23","I24","I25","I26","I27","I28","I29","I30","I31","I32","I33","I34","I35","I36","I37","I38","I39","I40"
"E001",34.3683775567532,10.1998935328786,13.1944931674001,45.1490193323536,15.62288278697,14.8010848667498,7.19281194631941,20.349685243806,24.4572081169806,22.1199044506158,13.1152324440782,20.2141844476524,15.9578351617335,25.7907204174588,22.5391700085333,26.3948200510714,30.9689778095389,17.7401206375933,18.4744675515635,19.449938901599,46.0748270452251,23.4427898998448,21.9695698160325,15.0745138005997,15.1270920222573,32.1265616970979,13.6538620149022,30.6966765717256,16.9185510883002,15.8710869564837,14.7905507022922,23.4153367094956,25.8847206693658,25.3987163674107,16.6124535067394,17.5926177933794,21.0642164473937,15.327607144081,19.9153377905381,23.0797970300703
"E002",19.5468784704317,21.4180152648945,18.2081549277043,37.5300694633904,17.5152152998637,23.897592831229,20.7035489815768,33.8140780951366,20.3262748882075,40.9582249111984,15.9125836418474,37.6886469850742,17.8899233778946,20.2085050694263,40.4982892543334,33.470815710484,47.9617976620377,41.7196555398779,25.32382447864,21.7279477592619,29.5895909883846,38.0422200901759,26.2017243930626,16.339474187796,19.9797004856872,40.012738539391,30.3967662889459,28.6376852233553,18.4813132453315,42.1978131602518,25.2223091307959,38.4304268884871,49.2131057606118,21.288698100776,29.7337124764518,27.9047724353733,48.3026625898425,41.5362447523006,34.357613112165,28.7861222401894
"E003",36.0340073611781,38.0260067700967,23.7070074272112,39.023891978659,26.9616991550446,37.3109566819831,41.7422688122494,44.6772419531698,38.9990054207058,30.632806397117,23.0668345053393,37.3332530549692,29.9877300414258,21.3292490474595,48.0420906093865,66.058943766903,48.3327289425516,40.3531384890107,45.2598681800453,50.1240304954346,31.1957257533866,88.3938880704517,20.3101429101545,31.5770335759995,22.281313854572,35.6338681638469,27.8743473081464,42.9045472813872,16.0861915634993,31.8102857803387,32.3536136104114,55.5669470319613,41.0478206129784,24.281503160078,37.2654461716843,26.5272214949941,33.8837903339548,47.6604125603167,25.5369533453837,28.9512851163818
"E004",13.3140963032667,12.748784739136,18.6394098564958,21.4715798442711,12.5853289648875,17.4458448230514,13.7575553671982,11.9942259142276,12.7387102912846,23.49898511005,6.24985012615837,21.6770650974339,16.173157225041,13.9142469305316,26.7572567999278,27.293769706325,31.7490984631935,12.4102660713771,13.0998933372435,19.9331603634232,28.3838343747267,21.3090104819252,12.6601956754579,12.9777839410522,15.1377484544679,12.5125851555361,10.7142224413942,17.2607514648275,10.9943022830625,17.6662030004246,18.5417804922055,18.6629925909659,35.0414056691195,22.6704760400545,12.0053901721804,11.8000185848607,25.1924954466026,24.3846166888144,19.7054487152426,20.2245658672815
"E005",22.679951900648,25.0588741964096,27.9850982579004,27.2445016107669,19.5183574925365,21.6194483535308,24.8077920264203,28.3761530392587,38.6437106262714,20.5602766739081,18.2307885710728,42.1524968628006,22.2647196983854,39.6046927737226,31.5166158983336,49.7437693737427,38.6363720164084,23.351787254345,37.3050993712592,24.3209569312696,25.1976424412757,53.0012629156222,39.4437960065927,18.4960496944309,25.0946348925597,45.4136396998333,32.4563939399413,81.7198170330988,13.8247022677792,27.0106680864781,25.4360290612196,31.1142968717295,43.1092500205066,23.178528816554,29.0814652457912,25.8536413447299,40.2212825813212,24.4789972621708,22.0662705432877,42.6303042520299
"E006",25.689156192743,32.3079413998311,25.3212001080085,46.303103909381,23.4403123164278,46.8750506093202,30.6889934759821,39.3063087379898,46.7822503581107,30.5347177696599,27.7276726958147,34.6539825965536,28.9963315069862,32.8923096656202,39.097515039689,65.1029830363902,29.7453920409303,35.1432692624391,28.0240602576472,57.6433016054866,29.1201992951332,51.1156242440088,14.507333014987,28.7366178806878,31.7352383869806,35.8737410448876,42.1029163123204,37.8455779135506,23.5269493887389,27.9183373018897,24.7507966115278,24.9994434586395,66.8225522159664,45.966224982629,33.2023287141978,32.4943032005575,51.587757835061,33.1155423887309,18.7439142196451,31.2383293940398
"E007",29.2215867297351,17.8617747396605,30.3872172582973,28.7301471769345,18.2495856255844,29.5350142885325,32.9003875922671,30.944711308399,43.3979979162837,21.3843154088858,27.9566883724899,32.9263631734104,20.395913715444,22.0488549020215,57.3974059785237,61.7151967351567,38.7622541032959,35.8348312562162,19.9714845850044,45.1121596194342,22.989615577641,43.4460996509634,32.9467531149724,17.2660072548919,27.0504057346367,26.988225177722,17.8965451036346,34.6276394045993,19.6863289008498,40.3254406002695,22.6077989650794,23.3811292323999,84.4645236226957,30.429316238089,24.5269733785998,21.5107981521892,39.6230915175117,38.9146690232842,15.341788190786,29.0687668581869
"E008",24.325267809746,26.6523074084998,25.0754537602396,60.6941518150848,33.7438177292395,21.7766159432318,41.0128813916438,37.1655638246418,59.4153221537558,34.5957257078945,21.081615547199,31.3512766868336,22.9470206544167,34.6575175735792,77.5151776521408,89.5488012218069,32.8128524388092,35.1247312492671,25.5990419826973,55.0664090579441,31.5068985707127,35.7289969465499,24.7863788699135,25.2552365411457,36.2984744722847,56.6656340317033,35.2384744974096,54.6016982875923,28.3585957560617,39.3177829289569,26.8206541026101,36.9604730778342,38.841640185993,40.0043959500909,44.1331831973987,35.5424197588196,26.6284601787371,39.9552815842956,20.7836301762186,44.4857725462959
"E009",24.8981784633661,25.5486647866254,31.0915952515147,46.404438915364,16.343716924568,24.9349041339341,24.2901095859187,28.5312292835369,27.5802461959553,25.7766902874096,18.0234384351399,37.6594989812925,31.1591152936349,25.8658682341423,38.1784840818091,34.6317094237459,57.1652450057777,39.8114109451043,20.44578784169,30.101019054074,45.1976748771396,29.2340873218773,30.3746485209951,21.3682137844114,27.2420690716246,41.9530143527988,26.4217376728697,42.7827430855357,24.3289007807756,31.195122562486,33.2850769502982,32.5989465499783,47.2904945119373,29.9069927994777,21.0083382492329,31.2007277322806,52.8537495879097,54.6628095361244,35.4140417412729,32.6941706605975
"E010",25.0394879158151,17.7461281026061,16.8811670711925,18.5982358477923,12.8429062029027,18.9366072763518,21.698154116984,18.5734587888689,34.1075340621642,27.7900273582573,11.5979302005541,21.7443866646968,32.3180610076514,10.5674809185466,35.1134597038384,23.8775268711414,22.4381495048328,27.3835401300985,19.8393448681785,18.1523872836864,40.2524986053344,19.4444631528822,13.3073436422809,16.8206398512859,15.4652507210905,23.7830213217605,17.4307443137871,26.2141182365232,17.1146195149073,15.2974468496972,20.4536768429544,15.3440802221519,30.4338534471857,25.5566386684856,12.9417750983138,32.2308301136535,18.6935323895329,26.2450447872526,15.9124634302054,27.973157267423
"E011",24.4481505853148,22.7983710024012,23.4378968419176,43.4161789127577,24.0097761619289,37.6905708468255,15.5459665754642,40.2280821877163,31.5652178122101,26.0208160183848,14.1084958115624,25.6315769564497,18.0998378278024,29.1123745874551,33.2260506407789,50.1874776202191,30.2794104918459,26.1208784300857,30.8793418480373,43.8083048681679,50.0047137086874,35.5042352212951,17.2265487591471,21.1474300886206,15.4760407836817,18.3295489619559,19.215920412349,26.158065010556,17.9711289061399,31.2598318682134,23.7811413539799,45.0300248634162,33.7290123156634,29.4582797260385,30.0278667671131,19.3136848951465,31.4936187011636,36.7139375646846,31.6802957814998,28.4483455455612
"E012",33.7323333587929,18.6826766186691,11.0545237273179,24.6622073517317,14.4902224902728,11.4672041439551,16.8038561549518,15.8380558099004,13.0147036259507,13.0444091234005,9.97896424348794,13.4635450900689,15.0742798515376,11.7431011530251,23.7551136162378,32.5540043240205,20.9249904754387,23.0730484686937,15.2904416257118,11.9487670564056,11.1610682301565,17.5134501404839,9.39525676630278,11.8086926254658,18.657328799077,16.1486892095326,8.45274546115441,22.7807392524823,6.27019512483767,15.140853261782,11.8607744732548,17.0437204884963,21.6346245152027,17.8966949579456,22.5839404421755,16.3188914939652,23.3945476740662,21.869545082324,10.8204227283996,23.7592819959695
"E013",29.7384007188626,30.3641352271126,38.5046919000039,54.8504287273203,21.3915918364375,31.7402134466992,29.1990104137116,35.8066728708335,38.130722339455,43.1506328444717,15.212596760983,29.09756637065,26.7582718052801,35.4235089203713,84.2446564328112,70.7175855516553,55.5102096260968,37.775681551037,26.8923192747228,39.1451642543685,66.8681454599983,32.9115117420138,18.6713656442758,27.5009384979413,28.4414082671585,39.1496799165151,18.2684598632315,50.7668816945787,25.8034325448102,54.4021028250163,24.2442980695423,31.5541744890363,59.9297910468072,35.0532713446994,31.9182907878095,19.2259907129985,43.1725738791213,58.4251572448729,24.730175635185,39.9783312139436
"E014",37.5590602278697,37.1485214633465,23.7926278118757,57.5211004646792,25.2863593767395,52.0181484434619,21.2811453555345,39.861726441217,24.2035825813064,53.0363887176972,22.3455836807863,34.0087508191097,30.2062201323213,23.5199925023701,54.5875557185129,55.4918804176952,54.2645056749224,32.1580093792323,31.5003547313358,40.2678417639394,36.3904325516727,42.420992414317,28.6728576492533,27.5314105369165,31.4470680717011,32.222608780476,15.7880951749849,42.4379063102765,19.4237505248136,28.6269712116119,48.9508839551307,48.596460833386,67.3707354562586,35.6533507317165,34.0980045756587,33.0141446439822,47.3710763095366,44.6582913364077,29.3465680681606,28.0161754475398
"E015",17.4639597279065,12.5945028192326,14.6850203549619,22.1398486888263,14.7508753691711,15.0719774985586,16.6020462287043,27.7346820897352,27.2775020321104,17.0368048849667,10.6741218161369,11.4136687131178,13.7143346659369,18.1972100644374,27.1084568568241,21.9986972848804,27.4062343700921,18.8447962084514,13.2064042019183,18.259096036319,29.8575379513663,20.5962634181547,12.9852974316947,10.1603681850166,16.5897797254241,13.455667000159,7.9656075402129,17.7703603815202,9.7823182888455,18.6762972570871,15.5133852929812,14.5585152461221,28.6106003139216,14.9956693560645,21.2409493343414,16.7440160369231,17.1223590702681,28.6940942301198,13.2584619493167,19.7094105402226
"E016",49.4246344524568,39.8895080304341,45.3669774591894,89.6549137010049,54.0178312515947,48.9107783771182,34.9834997380345,54.7490892054887,50.883110209942,31.2885545652396,24.6250139574216,56.4384000599437,35.3074467693863,50.532010484499,86.1188696657821,104.338460080621,52.5643530563517,26.0528076835923,31.2237619611068,52.5346178468617,39.954125003794,48.2787300321906,25.4930436261037,33.6395352642949,48.1130476268154,57.4603211201233,32.155395009408,57.9476292831637,30.5379805116632,75.7561014410129,44.8357182190464,32.0151698857581,74.2973895538426,55.438948336939,41.4595072542614,50.1306294126155,67.4746395025934,63.2818298187672,37.9278871595831,32.995884820874
"E017",63.3657906579908,50.3292731198658,49.8112265160038,107.014415290065,56.5880060571682,5.62250758660957,58.127403999859,81.2120763598131,5.249850618653,4.76151474541984,38.0449866504044,43.5426412616531,51.6762647412339,49.0517560120351,93.3553734481163,73.0599467666724,80.7176638635874,58.6763992271026,2.40371811809018,76.4799812140473,61.1908497193135,79.1996884431835,2.04313850053586,1.22153019206598,33.7910076800093,4.17030411213636,5.17735956376418,92.962116558805,4.81519954535179,56.6005279319464,69.6415656245697,42.294031022149,86.3483619209447,62.0618481565948,58.5571625050976,49.5115682945943,67.4289749710089,3.37836950691417,28.9060876519713,42.8160415207154
"E018",30.913131591019,16.7230687851481,21.632305040977,33.620407008857,15.3251290772603,29.0904522196095,22.8560296389993,33.088910413384,29.591383694697,27.3459851473196,18.3995592192977,29.7984263004203,18.7932652013378,15.2643691136301,48.9422598228871,31.9955631155908,25.95318297908,16.8040684595646,26.0367095314501,25.3191714022179,21.9829768854813,34.7580573154265,18.7460552825467,15.8518040834202,11.2119908792303,27.6714318756493,30.2883284987753,29.7811891073463,8.65622499637802,21.818559653168,20.7134078796903,19.7636395453082,32.3075195268946,26.0992842354006,29.9948449072158,20.2441857280737,39.0785188549754,20.9684144762181,15.9778702033034,24.0353153345932
"E019",33.8881605070246,24.0985251576737,27.2977337128442,31.5406511842828,26.6645905056214,25.7408070647113,38.1317940456704,49.1440396017376,42.5172895577712,28.2415265657434,49.5877840213226,27.5309871338633,30.3991497872005,31.6840121733532,49.0159599158817,59.2362137488639,40.3439982179287,30.7708302718185,32.0995602927846,41.2660111959664,44.4546418053388,36.9735920231224,15.1881749017571,24.347272926489,24.4758717635656,60.84292732537,35.9826085349775,67.8374474345166,16.7273255768555,46.6152639425882,24.1014077843238,40.7523793810594,82.4863393318264,28.0527914140907,20.5591858101388,31.3502675308932,39.1561955104454,44.9544191191125,38.1770139207502,39.8825823437466
"E020",65.0557989537602,23.7896743306435,20.1396195357449,73.9900265556893,24.3993654091336,30.1958076077857,39.6088291854335,66.3441505530276,41.6895867542449,55.3797139894796,46.8342725842992,65.6880735537261,30.2031827859088,71.4130046768293,56.2661323914424,92.1604897936015,61.9759919465425,41.3236051309458,54.5758856510135,49.0520823723196,43.4267453674949,47.5676695220947,29.5647489140923,18.5348445510962,25.0564781764895,50.5671990212962,34.4550417843371,82.2373201866547,31.6643835422576,56.3502137957082,57.7782780544715,38.339829150607,66.2198064096201,39.3656829060584,40.8008134820012,55.7636307036854,46.9748912559941,79.7806292314871,41.7770149267075,43.3957756151338
"E021",30.5208823177316,39.757146504275,42.119969019842,92.0440295738699,22.0268633400891,41.2984735503439,24.3272182291262,56.8926758740461,37.7678957620075,43.2324845094103,27.0616374448636,36.5886727604455,33.7148303696165,34.9806224330399,65.7439554059103,78.5853567358276,66.7007525657323,51.3724250360759,65.2222854339239,58.1802010690162,61.4802790797981,60.532272366751,23.793735692172,31.4330390682826,23.1793081401398,50.6966495291513,28.3577679585366,39.8677688813898,28.0503384893064,59.6942027657652,38.5396758857505,55.0019815752449,58.7870347030275,35.3364993786803,30.7956991585496,52.8557644587291,31.4276317717564,57.7194414232769,35.8660123304113,56.4996916602383
"E022",27.738387075369,23.4044054611335,17.792187566775,26.4682653753986,8.92620257883888,18.4694837225071,23.9965790490851,18.455788531168,22.7860451994055,20.9818251998576,17.7095922986254,21.4681822005836,20.4033439752433,17.5420500372716,31.6574006800656,30.050243599963,35.1313767047743,27.1507911895287,19.7736415767383,23.413122352408,20.6885383874819,27.2880429537272,17.3476392608042,14.8162407702756,18.7502973539593,27.375727485108,17.5249212623099,29.7509386626317,20.0333654295431,24.6988118286737,27.0413747797382,36.0943315901337,48.3674626396054,27.7173322211765,27.25611939956,17.1435754487137,22.8505670019466,32.3487418901602,30.3612303312359,26.200898767369
"E023",37.5863205723027,27.4698351387908,31.7852973134216,58.4949029434353,21.9846745782003,42.4114409673271,38.7221427637116,69.8880632546087,37.6721822204283,24.88039630659,37.9493630540516,50.962175817752,43.1129223358379,49.9405837598392,46.1573932790336,48.6823329215505,50.266755172543,49.2078012243754,17.950128063716,42.5055857042033,32.6164123421373,78.9815448479124,38.700342064458,29.930101215551,39.2010940615924,31.2745988589232,19.5507765530816,38.9874874347739,24.3746565452106,53.8959878982268,33.5648214577778,40.6804023070512,64.2260875478362,35.3610465748491,50.3440928460933,33.4932174764333,37.1199529060117,79.1949637371253,37.9452142639587,62.5871901927424
"E024",26.5132611021283,19.6807132364927,17.3970655138252,65.6323881923032,16.4479210267278,42.535620386798,28.4616397290079,32.5282388296681,42.6799697809907,25.405277418052,12.171651708404,31.9796936720641,27.3285191065797,25.7655294291711,45.1535030817721,49.4349918156657,35.9919747178499,61.4061856579719,39.3036147725405,49.3760389306954,30.0081311294537,39.8416452506791,28.2684916019084,39.0113126101275,27.2578927963591,45.8752451058769,28.8739461860085,45.2665592161711,21.7765797000739,38.4222973294812,36.4329795985727,29.4015831717866,34.0599929274372,27.2121053334179,29.3517678601333,21.947230311431,25.9905630644735,33.2117069684164,22.5342507542692,20.7956104106163
"E025",45.0576970314215,32.5675959988526,50.977679476916,39.7209993360099,27.9114906141648,44.2507846846988,42.3530104802376,65.7025370490498,54.458433887923,29.2230478335565,31.2675820325523,35.7644518508111,40.1463423835241,44.2125995134894,63.0260397942116,57.0490659012163,42.0087257780693,45.6074182679267,62.9002899460874,55.5946934340777,51.777518616383,33.4965356518861,29.8786261337418,24.645840164005,31.6701300022789,45.2845759375595,34.0905603178327,29.1753020773174,39.2280597476957,47.3748739080889,40.0258307763515,45.1516968760498,25.3124052400194,38.0439326568308,36.4974486074288,33.8047314695969,61.6383630658545,60.1373854677593,20.8512208415595,34.4663693214484
"E026",33.4214678441173,18.9977355208721,19.3106496624084,32.4506487339254,15.0884731211396,22.6084580653547,25.9957748877009,33.662809634757,26.5064939663591,22.4572994312346,12.8415628151147,23.6728905310171,25.7682802647974,4.0133472813759,1.00224199844524,50.20139225129,3.6970293931663,3.14969699038193,21.5390968283539,4.04561858298257,32.270611236796,3.89231561939232,20.785397149286,22.2375263320252,19.8703061681198,27.5454382752766,12.4519594742283,38.1413946463606,13.7774920466512,2.00580345722847,2.19518168387003,23.8022785764688,2.82271643890999,27.301845075903,23.7052807252827,5.77572332136333,23.8768771547422,35.4483962499758,16.1677961188222,35.5565829362001
"E027",4.29041862743907,24.7019485792353,3.88721766904928,1.94147502677515,2.39408385730349,45.1019965492174,2.6230540513061,47.5593619645309,41.3244335900182,42.5750363210829,31.5557067387943,5.98045475455001,37.691284383464,43.9476927367631,2.26649743760936,58.2021688016943,42.2735561446074,46.3691629764661,52.0378345836164,53.0126724916344,58.1698711268019,48.6153679156824,26.7677470922224,28.0506123200864,4.71267767972313,4.29755343147554,48.5826926134127,48.4906212859918,31.526906660179,51.3862995029153,41.9884536215684,40.5492906858078,78.5087919841258,54.536153432153,56.5119791386964,26.3661347695146,24.3522877490373,57.5262683361449,29.4154730765393,3.64146325644106
"E028",16.1887730160288,13.8184057088755,19.4628895887784,37.2304153297183,18.4868333244857,27.6320102546237,26.5492399760285,45.2928284507897,28.9430900477752,31.7951209232077,21.7957612000293,38.0152583890513,18.0482454794942,22.4140334310368,31.2973128860502,48.0271156595433,47.3789660255153,34.0511443727326,22.3468091651829,32.6782642308872,19.6583907750734,26.5569198209159,19.4934151123718,15.9031407064369,24.6372389064079,28.1681963445469,17.7365282262555,34.7450665261877,12.1916322442922,38.6982578565089,24.5535483517189,19.6794676724229,34.1968660863858,27.3084955166381,33.3516360849226,18.3227647662881,34.321375231029,32.7179468389499,20.0796502371723,22.2901551049321
"E029",4.66067367256619,31.6439150041084,28.8188692188408,43.9017773715721,21.5589647101766,3.02870048582554,2.69233687338419,29.2368920057344,39.2820648422259,26.3152729379502,4.94356851466,44.0732702313493,5.04859082889743,23.8734627798657,57.5640093271876,38.8520057270568,38.360517835993,53.2841534563372,34.4092756833885,3.87672695354559,56.5743364968447,51.4805932614471,29.9712101323839,3.30656433734111,37.9549091207794,36.4452561099317,30.256975677096,66.9754955216634,2.42612899071537,41.8708383709512,28.6350321077591,4.34981720545329,60.5385292261527,30.3058562736784,49.6551516584199,1.37105170078576,58.9016877843726,58.3020152385727,25.9946688064313,21.2972267371858
"E030",12.0082239776102,8.99344727436046,19.3372067583215,24.7011167163102,11.1278513079039,11.930255395953,16.8393199016461,15.6714843105011,18.974665564702,12.7734656914865,6.77299228641577,18.7062839632869,12.4716024588847,8.44840754765549,19.9016209707673,20.3952496292927,9.88019108955244,12.8707728939812,6.40317678583975,14.760561350419,20.9260126290259,19.5096468442018,14.4892230643329,19.1241946450233,9.31629280030156,17.6032156770365,7.02274037911136,22.3762576511883,7.28595470155393,17.7099226756773,12.2891620262422,13.565885139803,17.8299018298246,10.2375674603846,15.8714470495355,18.5963651505152,20.4294466370846,16.5242553140679,6.94699606668592,9.47348039739668
"E031",37.8946347769419,9.84096391671799,23.5070939498542,36.7439461187738,17.3511571860229,22.3056220485116,25.1356249275508,32.4432360364041,35.4600044522411,14.5010509564012,13.2670319579726,20.3724033051349,19.3149311349047,18.563856540684,40.8240734564695,24.7818662266333,23.9089411455429,22.4823259355365,23.6131622385094,25.9426245854726,31.6964096255575,21.7701229877293,18.2722719518561,15.5194708625926,19.9586334639545,22.3771676277179,18.1485926831476,23.2052131439391,19.2032946579792,31.7679381440869,27.6073113872529,32.3865658179461,62.5600926709656,23.3419555431726,39.956563384291,19.6604962718881,39.1804624983154,36.8078519660173,23.1011131041369,19.082503663962
"E032",49.9707217863181,48.3957509839331,58.3069871755459,87.7802087275746,84.1385233757389,66.8514070117305,43.6206434764928,106.442418837504,72.7199505579951,88.3008478436176,41.8336092482121,88.0774284527774,34.0919070024848,64.5701806935889,133.695631630309,112.398084331728,79.8723250395702,42.919794909818,50.891494096927,62.2149505003374,69.1967163730699,65.4440747562151,48.7539569184794,58.7037778466184,49.0988183091028,51.2741862675019,41.2234036843931,100.950108697937,29.9784362999219,65.3212895794321,52.2303930899355,93.7040087699698,93.6296253063513,82.4042042959654,60.3945633159826,36.0277943092754,82.5656905827275,65.7807347644518,38.6463359312378,64.7429271656116
"E033",18.0524104199359,11.1216594148777,15.0487084542153,23.6829261098902,10.0574763476511,12.1014878189504,9.47380296536226,16.0412286862967,23.3873880351522,11.7096334920922,11.9292436452165,19.8837201762203,8.92318872517906,12.3852911539942,22.5290893288822,29.1396969666737,28.1592648716468,24.6919170252735,14.25115010936,18.0366714984372,29.7726397576824,25.7143798086964,9.88139590920818,15.1873795826216,25.3241156326497,18.6426348903147,11.6639326731836,24.985244773267,11.0557210396057,19.7746859171737,20.4557033437196,17.1397537808733,29.8973434053425,14.8166008157356,16.0424013948764,13.4738485534349,26.7075165253125,22.1011992269329,11.5954331415284,16.3688243228755
"E034",24.340222039652,19.3396702411182,25.2929135208882,58.9901633509174,29.4924101594094,4.94266140414402,32.1795546308369,34.4733615133897,1.89419709518552,3.16347492532805,4.46904495614581,1.29359303531237,19.6449080462333,25.3138994093703,55.3830705964016,39.2092979154996,38.2086894063586,4.25463034678251,18.8651798966954,42.6013275624365,33.3342911688615,2.60474634496495,18.222698455676,13.5893676358019,23.9953939964319,43.2605041866353,20.2753291177491,4.88978521805257,16.5240502049438,32.7872057409346,33.9523589119708,27.4093731541528,4.32611748133786,24.5660083216986,39.4302848406643,40.8035428824999,30.2774613641387,5.54012231901288,21.2471967137298,36.2288124178874
"E035",32.1396078890709,28.8499027724644,18.139099800325,44.9327480686908,11.7233355543466,18.4593447186287,18.1187482069612,37.1404867531026,38.2354143370817,32.3058508384739,21.8314168671229,30.0798003563146,25.3013970328822,33.540584476899,34.7909378631506,37.8939906828417,31.2620558878898,35.3204643179423,23.1359601904608,22.3149703016694,26.4648139221465,35.8785773306103,15.974818818968,14.3769081401958,25.5335540058236,28.8962501029836,18.0211294818147,32.5325236045889,21.4650332208222,49.9260812105645,29.1691165945109,29.4697999635134,49.9892151649915,48.8959382884125,37.4768528190817,24.2564094278759,24.6100560435104,42.1260577906075,20.082142083369,25.3215832869069
"E036",25.0478330479515,11.6862308058205,8.28997306787162,15.2277912189388,8.73731808317414,14.1719246325927,7.05119757851331,16.3894981274534,12.8542240413906,10.3397466039324,7.7291723648818,10.4011380841565,13.2502833811371,9.48389225089219,18.628382580264,17.4579217776401,11.2272696035178,14.7866950018854,7.87194492397949,10.5808478860978,11.3002094048689,8.50046581319773,6.1960643273158,6.12510499614587,8.47690736010049,13.5635134362243,8.77192345065473,15.1508328897322,8.59226419345889,14.0578257966666,10.7583070372291,11.4510258887292,18.239600026789,13.4544887504266,12.4580919389206,6.30032892809915,10.3489822797694,16.138292381474,10.9812560768897,8.53780079767741
"E037",35.3227281268964,13.9864539741697,20.0586371270189,43.3166610311356,28.648202117383,17.3437615053761,24.3246836493224,27.2414914597776,19.9680376801636,19.6720032458899,14.7821995236239,21.5565042816508,16.4947174969177,19.8209810639039,33.0552126518863,43.0735263972624,38.743910481871,25.8600793446237,25.4057187991341,21.2151303774323,30.1076815466749,20.0692592344049,18.7526905982535,28.9417865899159,12.4667385752163,23.0138792095378,19.6574908627315,24.3284180261111,11.903694924749,40.3199715045143,20.5543435286352,28.537714697354,33.2688569729022,37.4346866788555,17.7166861243538,32.615072781526,31.147372183974,32.8442145676622,14.6673229081311,19.30061500865
"E038",7.99007772021245,7.32574260933324,7.2374807221807,13.2501691650664,10.2496876271907,15.3065650017638,9.32873903399091,11.882170894242,13.2778415493277,12.1156316212825,8.77924070047614,8.81741088949685,5.9863160269629,9.21547909394666,11.8919921402423,13.2226952478842,6.85281335772691,14.7994482733931,8.03294831660629,10.7363709082755,7.11335613543738,12.9056825964144,10.317595959809,9.33097795833128,9.57276272579367,17.8666239863408,8.68712558621246,13.3959020121058,5.60565841865871,12.1971379196009,9.76245475451181,10.8905326608602,16.5260163273282,15.8772595602353,12.4213754308884,8.47154399717334,14.6443936974383,15.2497602579336,6.85055175432521,11.8471817232864
"E039",30.4560925948096,21.3462286963259,26.3377004299146,40.87342395383,40.5204255897489,38.5875617679953,29.909086289706,30.2121601727441,38.0403682017965,41.0089040507655,29.9617324797972,45.8878092462664,31.7727001618514,30.6958471844173,37.9433446676405,64.2188557936272,33.3180498428365,47.4433368979573,34.2008031490677,37.5896291539412,46.3614927327286,34.7009722448018,26.0403242291735,32.4996130540534,33.6343619981051,53.8202026244759,27.315017100076,44.9585042193976,19.6414637545517,67.7414816707821,40.7873453739389,44.5224190943659,61.5864447844254,31.4607235077173,50.8855677460632,28.5796982393075,48.2249922948269,67.7396627639677,28.1879046960864,26.3257207318039
"E040",35.9296581078262,35.319834644006,22.1992239140765,21.4568217230145,16.5210004001709,27.1987588512542,29.1498782762337,44.5919031848752,28.871386526665,32.1503589843907,20.4272100119047,26.3524933022307,14.0813338677195,15.0668557801184,43.908260669807,34.6231282455735,35.7018989278379,23.5402595899928,22.8137729045017,33.5492624525846,22.5774559230219,30.3269480910231,23.5338737216691,22.7714028223068,12.2371718357588,50.3528370402854,13.4243721301417,37.6636394226879,16.9022170086394,23.5133803806878,22.7547812251204,30.1123920317668,38.8230505098696,18.4110775231061,28.0154186827418,17.3210374953282,31.8661478099853,31.3663560873984,14.5240914870352,21.4618875137864
"E041",24.6092690988056,21.335719608687,19.1624504133359,27.4336419668077,24.2523030702072,22.045335861504,19.3131258453871,37.0505978533063,26.0822046102033,31.1674827237968,14.3724788765445,22.4130814424852,14.5232753718969,20.3412210387701,55.8381617659237,27.4356655522364,34.90151573057,40.5019906813621,17.1743458902793,29.0407014541865,30.8757634747649,47.3600732583664,23.2343340472196,22.314337931329,18.5927369630619,23.1492591895769,18.0165987037586,28.6170087072275,20.2421669572194,32.8967172753323,22.8082818064009,29.6498760376819,39.6972966238989,22.2009842370426,28.6614436737923,23.9457912397767,22.6637382826243,14.4628036227434,20.4018885500498,32.38598848764
"E042",22.6618370472449,17.6822401535589,20.7826315204187,30.4598489907959,18.3385186546023,17.1366097411238,30.3489205599621,24.0320507532156,23.898728830962,24.3505396579023,16.5149556968775,28.6729480811674,27.6735261670421,24.4119787373448,20.4999176414663,33.6296547103256,28.02224997289,33.8487945558341,20.6936193090643,25.1840162595784,24.6875646372038,27.8112236070525,22.1487243097639,16.1760412567301,13.5333903074176,21.6841474746527,18.1433597159661,26.7376299052183,18.1718915690542,24.9710237412922,14.168631793757,28.004496925543,40.1369006027083,18.9606846332755,15.224100877677,16.0076533399597,27.0205909346762,27.5610210119488,14.1900562969849,29.1770571908881
"E043",23.1962818867451,20.7163450258851,15.1261879537415,17.1423041388837,13.3373430006363,30.9113947010498,15.5750783426594,19.1960888269709,23.2897515551254,23.7987726440036,16.0998446214421,25.1535516845633,16.257209813981,20.1723510447513,26.7944125469875,41.2661862464462,22.9867066898932,20.5408638521412,17.2480288698272,30.1987325996992,26.4607516727712,23.3800123708639,18.5177764338994,19.5806969079262,10.154722228899,24.7145155415278,15.2504238531143,23.0911517762971,12.9384018615666,19.9134172505074,18.6762473320182,23.8790295608981,46.2111397782062,14.2894773660463,32.6653366947342,19.0424199254708,25.5012918185959,40.5948302144547,13.8212589131944,20.2584282014719
"E044",21.9511002935251,19.1618543024819,30.3616945398218,42.6062376708131,16.7638686594117,21.5388352447864,22.9099219356323,31.0260005597495,21.2616339412869,23.2292426811909,14.2100942388039,35.4555901769893,27.340528005478,14.7238327754041,76.8993382150061,50.3537590690785,34.3726511025895,16.3735227943278,21.7953050947304,20.9622869364502,24.4936287579198,39.1702719849333,20.5967006800458,21.8785391402171,25.8802059767124,32.4915362997372,24.8568820674745,39.818061840918,21.7510560930972,28.0634916328843,21.9097417434331,30.1120273537781,23.7489636275144,24.3286373707004,17.3552569889525,24.100476567087,24.0760883382499,41.3933757919242,18.3689630188016,31.2218611845446
"E045",54.0290184469529,61.3576896098894,30.6396883895804,66.5548737818012,27.2893095638246,37.1534272547336,44.6032520254729,59.3674302408477,70.3205334616434,50.3098519846506,35.8348507395634,37.8869910519534,33.6496657751358,44.1437992704834,82.884491239435,67.9127787483623,68.4020520109303,70.7991045610393,48.7785219091753,56.2490338944786,65.1486922842921,41.6766146876539,23.4828683708443,33.8276059710308,34.423041503812,66.0880422888524,38.8614546922626,46.8248950862997,30.3071290133971,52.1881228229903,53.0495194336296,46.2297156166582,88.0112502878114,35.8635405514085,44.0652319340311,64.0417617999027,64.2893447435322,69.1895450903307,27.4422762161844,42.3621109251255
"E046",29.5838882792491,25.7246435193492,29.9674879812366,47.10195467884,24.5346737008587,38.9000492603641,38.4011352132729,78.337018414482,45.0273969993556,32.1950542597259,14.8712055400758,44.0654976737897,40.4890823864093,39.7657026215946,57.7321520493435,75.2389647645583,49.9497043806879,32.694174433209,22.4494568277616,29.1031944329335,37.1653217699311,55.4516626113018,23.5464349316316,26.5676789717639,24.1199443069884,53.6849403798628,17.818463690425,38.1211790563956,23.8383519411202,31.5807360891714,26.5207959480131,33.6528037834161,60.3714402187311,37.1240973607088,37.7684040477535,25.6658095513571,41.5168812711465,33.5896870357258,30.295450285948,36.9826017964707
"E047",36.220575108806,31.1197227148584,31.0225728614043,41.6794284440317,15.8515744308394,30.4182212308087,36.884876684764,51.1981836354896,39.5056694889693,31.1957246672383,25.5108137135757,18.5575021135696,24.9273710256416,27.2401479711255,43.5993534541748,38.6215037694897,55.3385364277687,19.6761383804864,28.2530398911793,32.9004049090593,39.4951791220482,52.2719790663396,19.3900104890509,19.5512015167449,26.0288282733984,25.5008596277105,16.5815869355345,62.4200765666897,20.7305192644947,36.6083876438748,22.1540050971875,25.6145754855886,37.8148063499318,23.4551011944031,24.1131681124712,25.3703684900049,26.8549111018642,47.7212174490924,21.7061677886662,34.4272557320914
"E048",43.6806198273469,42.3789777849364,32.1440771995669,56.6572788998538,28.2872360591969,35.6921858461431,36.011584352884,45.0644510388563,33.3286645779693,34.0675795308785,27.1771352140935,34.6699583593612,36.4178661740262,44.9887074340667,49.07950436488,54.6828247376091,44.5049598644747,41.2954274824461,35.3824311075572,34.3224503336771,49.5340188170872,41.8384262486049,43.1969798190112,34.4153081099966,36.9927368443527,25.2036901286843,38.6408399627409,47.5194464391715,22.7908426189531,31.9251243204719,44.2946274251742,43.5003865305933,78.7983060819291,34.2641349263191,41.8971111347398,34.5341106684503,48.9692350105247,50.8761256299649,24.7925351564207,29.4825321103534
"E049",24.2547379911881,24.1765204409581,19.1741007669387,40.1495383441519,12.4832760042743,20.3727790771013,17.3283991194563,42.0973636135261,34.0623796959256,27.4144498814821,28.9057134294579,31.9434728268512,15.9445519982511,23.2989585987982,52.9680434083049,37.4370366719332,35.7398092044371,33.845683172191,38.1818525329316,34.6679143188353,46.8001974667367,33.6768872381237,18.6172577926075,17.8891175265558,20.7556518674264,34.759523618629,24.150243969436,40.6047949830169,13.3233123430433,23.2117499877028,22.5508702856862,24.292076483461,41.5927984306368,19.3775168755379,23.3362415540776,21.2876537467469,30.6522266121547,41.210506476712,16.8879774204538,23.9529533999639
"E050",4.64771119784564,3.91598186595365,26.3977509163808,5.2518056568224,26.3695003410824,3.00382436742075,41.8851671265523,47.0294381052803,54.4615036535635,31.5647657714268,23.9886490779656,2.22789052780718,1.19689345383085,31.1709343185514,54.5002378894288,48.4161162698219,71.8646823998693,46.3476510443027,35.0290271150037,32.4834825171929,1.33543085330166,5.38240656862035,71.1905078392407,20.6970097857762,22.3647248460699,46.0290644946413,29.9526626248652,3.7997971069999,27.6827445559698,72.8365246988878,36.4363975659863,56.9597957404867,70.6044822690064,36.7649050492276,45.5218726662918,35.2378323416887,5.01867459528148,37.4658041874622,29.5741137579212,27.9961959591624
"E051",27.3903969135853,13.063512483289,28.8134514923443,39.8873918322326,17.8276343921678,19.4742280588845,17.1970105103299,22.9102235670153,11.3127967719982,10.8320907617389,12.2944200821513,24.3401422825139,16.9955935842334,10.9978515399977,36.0184186894913,27.0487076904887,37.7325732269858,23.8942925865825,20.5289244127215,15.6460544223532,24.3068747972428,29.5006019810469,22.4578603412821,5.46713588021825,21.9415528678642,15.3322450982995,7.13361308602807,25.3242145429816,11.9146586742522,14.6748334966816,23.3361402415828,19.1004182278235,46.0967301783933,22.3128427273119,9.13354702399762,14.4203055320691,22.2253960034277,21.3838551680642,6.57204353762847,29.8006079891927
"E052",24.0414755428061,27.4656204568365,20.730527733811,41.9400010851584,11.4133460253358,21.0451561829381,18.6463209424734,35.9901014445962,34.5769779114265,23.7602634921391,17.9260804250882,25.5768334777975,19.8465746359939,24.3014708248309,43.0268284002277,33.8782930988415,22.4399213808998,35.1864830647553,26.7274095012056,31.220087594313,31.5624089578491,41.3616465074354,30.8049515634175,18.4829938027407,20.9329261901879,21.5480225088408,17.0225350559837,60.1615777276199,27.9898178107969,29.9449280892316,24.1418875246698,24.6986748852919,38.9627371346249,26.7456770686641,35.6129015652952,27.4654044480584,28.8482336256865,31.6155764102067,18.0363211584672,27.6485844123492
"E053",28.1823713902224,17.1818097447451,23.678255488097,38.5062920271689,16.7852692767084,14.6516078044573,17.3134901894713,22.6534142848254,39.9854366634436,19.1504858985262,11.9457525931163,20.4288653458521,19.7756522164401,23.8428716623797,25.3294080888922,37.5681449487689,25.4791189647998,27.7297644947299,22.1204837428052,29.5360939178699,25.9125682480238,41.2269794340049,13.4062290118306,18.4036334299347,19.7094242430545,16.3290710031525,18.6505642137988,28.8212748773444,14.3740597307525,28.7117597933251,24.2332513798508,14.3413433233226,59.9359450892454,21.1464900392574,33.244961351486,25.6445575150409,48.069887571845,31.98831601718,17.0327750753426,33.9607383186696
"E054",49.3880042016701,25.8924346693536,28.1150011470726,53.2626366729649,4.5306487348862,26.8144280780078,44.1283975829397,5.30835650069639,4.36519361357205,21.7658963512897,24.6556506535296,40.0135968122549,3.77787020779215,21.9847388855487,5.65798637946136,62.5842795847974,5.76221341872588,41.0429045227079,5.57571994746104,36.1913510481415,37.2278808651483,38.3038280414558,33.0960120258814,35.8789186691531,21.7176896440962,3.40136219887063,17.8783295856245,46.8493985024408,35.940901540416,32.9457223556943,44.3238124270496,5.69107961049303,3.1519845793955,40.0876822514643,31.4649917600466,35.8798497760473,33.568717502929,48.8693604380756,26.7093800958995,51.2305181206975
"E055",46.1100263119874,31.1124912074971,27.7405793542812,77.5178907633355,24.8568272391104,30.1551617992319,34.9484413827019,76.4722532720941,35.2511688014757,41.954897851975,16.7910536254371,20.73307582669,33.6453300405177,22.733941300357,98.5216265116633,69.2110064819254,56.4052959555471,48.4747401876092,40.8657715757849,43.4639226503011,53.0068229168155,56.0147119070501,25.5438886748312,34.2180161904433,21.3348518255325,39.5279254751637,50.6904670239113,45.7405926095066,28.3046741193581,35.1046064568255,35.0363423834371,25.3357921915233,70.7756627607611,22.1121753473366,45.0645090227299,37.1652405905282,56.5332333948418,67.1008834924952,33.3240670322834,51.2136697765761
"E056",20.8491440149175,12.1030716792186,17.0037301514729,17.7201769952624,12.9822350219064,14.7361368133174,14.4275757169323,21.9909158233172,23.1857387667038,9.31985060601123,6.58545632871277,14.8911703131934,12.9503081314369,12.7250063127341,30.5987310141577,25.3055454879978,30.4412745734936,17.1843325187266,17.5051082767569,12.7244862378567,28.3299284787359,18.1627988997135,23.2221391583613,11.686311479967,10.2856719389108,22.3016366008308,13.4959249082413,10.8794074066063,10.0600453716285,29.2620711606191,23.8026619579978,11.3515414359221,28.8930324395823,19.8762831647041,28.9263532060597,17.2746402228421,36.2866097053191,25.4688155446734,12.0177521286834,14.2733388711595
"E057",31.7372217189504,34.411203035164,42.1167854056509,50.583348006522,25.5179619459304,60.2619194391652,40.2189585272469,57.6962160976222,51.4082273746049,41.2746806264135,24.3209301917216,61.4305317792622,34.132739118419,25.6481648049317,79.2677355287204,74.7461211149059,32.1972520492252,42.1321527461666,43.8394324839427,36.0642602279647,35.0710893854792,64.3489540403328,38.182021852887,38.3013632757599,44.6033112614205,57.0007997569911,23.6289500534043,49.2296680920569,31.7691198314551,33.3829270446286,58.319485561248,46.9307145807831,51.5147940590969,38.5045505085798,38.0389008158013,34.27429993712,38.7637633578324,78.8251809113186,18.3274714403632,40.1538289309486
"E058",47.4341687540681,31.8827680894517,26.3981120146667,42.402387037881,38.133815118482,40.2772389220625,28.9502936211597,45.6961336170727,42.000662160084,28.6517855930547,19.3246202674177,37.6469750488653,27.6343577496783,24.3289731334655,72.3511777032029,29.8881919065914,65.7922686886559,41.5113790533064,24.1061887697679,59.2972446248894,58.1298001170749,27.919994866898,44.1293368526678,54.562440637926,38.9271830002024,47.3335201724415,38.5142605800686,50.1092931017797,21.0183083129316,65.1456199893532,34.2656774188789,40.8678464565016,75.43931824877,37.8762805244914,58.8178671298259,31.2371733517244,70.9649698494841,44.9908948501259,20.6699881096133,51.5292097746315
"E059",28.083066760082,19.8348940591737,27.4409883635379,43.2646158599638,17.8920021006376,20.1491407647876,18.6679851258351,39.4968188438148,21.9596155134226,28.4706286621954,18.6552749954155,27.1067370727366,19.7930691827669,22.9071079889546,27.6087443962854,40.8570086221373,46.2160295132665,20.0480008498856,30.7584389390705,38.4626393591408,18.0545399255134,20.8567632018919,20.3843829173301,28.1523520264022,23.7743486121114,34.6157710935221,17.5203687005953,21.929393626521,26.2438651490063,20.5099499783996,29.4655461423045,24.710734648724,57.2384444696134,24.7989837191327,27.2097116245137,21.5700955816683,26.3281992136845,30.9947633844095,19.236422137439,34.3419713401684
"E060",10.9937552653247,15.9571841642134,20.1003916005147,16.692033801053,5.22747967186941,9.95387139228466,9.98531449292898,18.8095600710138,17.9418272239941,22.6564854868478,6.44462122867535,24.5761453818466,15.3548854513918,17.970821645776,14.5661398894132,24.2377658530204,21.9810082909638,12.1155826018178,12.03738044369,18.7171632730687,15.408305671877,18.4225186383578,24.1115467590968,7.86477446020281,13.1023064088343,19.6868304187815,8.18148189004065,21.4435631461259,11.8102306508244,9.54017251413578,20.6484009220945,9.32889476123338,24.2253319857883,14.0560373348568,16.7931728029989,14.4111603430025,15.924673491307,17.1955782259044,13.9171619588382,15.0273147640513
"E061",25.7988414238024,39.9841892357731,24.4673800413359,35.5018105472454,22.0186707295728,22.0875123367424,25.418917886328,41.8286853901105,30.2186297843973,28.6574919953641,18.546513016056,30.3344063944441,28.5322443695592,41.2828922709934,44.5520710449946,75.2301780687295,37.3089638331802,33.9106093830752,22.0131786801156,41.0008720690708,44.9376231395462,50.9368363734977,20.1443946352676,24.1087377256502,25.3780475956517,49.3615746542551,23.4547267616405,42.5234383050252,18.3493733558357,32.475271373233,30.5439707334479,37.8302598160737,50.4986596195899,19.5536438479267,19.6945070673404,20.3950329761367,27.4917485375955,30.0349287865812,18.7822380152922,22.3870789578534
"E062",21.7631566165021,15.7373706947023,15.3722183737103,24.529924589887,8.94735481654342,26.2051409864348,19.4811497647301,21.1507792113562,27.9584745609989,9.45797268910595,15.967514784024,19.8848903106754,13.4547377446872,11.8636675776764,40.3985713378554,31.5082520529274,34.3967003580316,16.4880183070632,22.3447748615347,31.09279371481,22.0616240523466,49.9844342055892,14.8584251942659,14.0782389231673,11.0956766709186,23.0444383108247,9.85953770721768,25.3322245433953,18.5216257022523,15.7875613326375,15.2625251314395,27.3915294473925,33.9156480852017,36.4026013948952,25.1620168010821,19.7929824034484,27.7908192232176,27.8200894141274,13.0111321722939,16.8281109819524
"E063",49.6300648194945,31.3542735008106,30.3720612119053,63.4582581983316,33.7422205884918,61.7898184278946,53.9562159962102,89.1169250216692,20.959078516577,24.3441704290373,25.246650581855,61.8092829227107,32.8736796120438,17.0519765561886,65.4858467461269,65.4089780970577,57.4271733650186,52.7997298365042,52.1181132162442,36.3285310465296,63.4516700049503,56.8511726690392,32.2730650651278,17.1989441034412,43.099879884352,49.4066840101384,18.9991134565521,85.4272577391412,33.6698756997775,22.7921406007824,34.2506372321731,47.3549382740789,62.5556274174487,48.9127223103046,17.8708582102325,43.8659002092659,78.6164119317421,46.231223433463,22.1480085394638,38.4963406824285
"E064",32.2760328430394,4.31987594603561,1.03531130612828,58.9545012014839,19.2949972140473,50.1543681484452,30.0116005414127,35.4503861072094,26.0489402064485,28.6627558684697,19.6819230846201,55.9948151106422,21.756648279984,19.1585014113219,4.66856012609787,60.5432618333807,52.959372683567,29.6188559257668,24.9035719395032,62.4756868017765,25.7113001631212,1.49535616301,21.7349160411694,26.9286144029442,23.7569808781628,31.0819343872271,4.08160615502857,3.03262825147249,5.67197075719014,27.3276541556258,26.0263154375063,29.6324623517525,3.57910109125078,2.20752641465515,59.1333678420264,29.3613190891551,43.1916169389886,55.0816121351661,4.12915833899751,34.6220270278523
"E065",22.7718794286269,13.2949376450369,15.0451537750042,17.4527958220554,11.564727996253,20.1028386211256,15.5017825114298,19.3839562003609,22.7223406314985,21.9760649821364,9.36277823216405,30.3214239277962,18.0666035165898,21.0661012027598,21.3158798906673,26.6284477969076,26.9195667020036,11.0630567374206,25.1987772768253,23.4751529103056,19.9892259533602,27.6913298213346,19.9590806887115,10.4886262991698,17.2400753667683,20.675064176805,14.9261776382619,30.0496724986284,15.5600350586587,20.4394911806472,29.9654401921287,24.2584334560696,61.4726749809527,28.6406633164145,14.6464708513177,20.0263520088085,24.6507879027097,35.4383639240537,18.9121078507113,24.5602083183642
"E066",24.893175972737,22.6879205805825,15.6382189763723,27.5047816479606,19.3827953431049,31.6892627167575,27.6802359029149,31.7897338166456,28.2103906639864,23.4598897193495,15.8623067367709,30.1782995659623,18.8032420315344,25.100071376489,56.3010382491814,32.5309043009294,41.3505745223038,31.1312373552111,33.9656206264823,15.512661331429,46.0659500866439,29.5642880392172,19.905397999791,14.4203170524982,14.0340758799318,20.330482874088,19.9246321767853,26.0790987583599,27.4874824334594,26.1948970111261,25.8460172140102,23.3292805136853,43.9289005657177,32.9265609361556,26.5225825858747,19.9639347644702,25.4623116070308,27.8056171667274,16.6180533993131,42.9411810970453
"E067",28.2371022332549,35.0594840129259,36.3979982523274,40.6329639366878,13.3325486876084,50.481656989517,28.9247504773164,38.9777990159925,34.5113440089757,35.546170749987,21.9464970635994,35.2643862592363,28.7080767668155,31.2690789490421,36.9040791226795,47.5306036219575,53.0575596506121,23.377747029064,42.4678396301991,71.3309930506917,47.5532993477716,42.3626701547705,37.7415649883024,27.3415675391481,17.304379145823,36.9866894619399,17.5523016293644,26.2929557174612,23.0451972615992,27.5216013389484,47.0397012128207,14.0547876913245,73.6478526894352,30.9486648332671,57.8701120743328,47.6406671861735,42.0379356584201,38.3748036669159,20.9668937429692,24.5584737045553
"E068",16.6522943200511,16.7025263640576,23.3319245826139,33.6616723302845,7.97237502057993,16.5661090256623,29.7440500542337,30.933555507483,19.4000011771526,19.9768772508124,9.16330958105991,28.6168460705159,19.896916251463,28.9828834648889,31.7176522870197,33.9397732556065,26.588858945445,22.8310684964014,27.741311580636,23.3770513418962,24.5624224157023,26.8078060395331,12.011234479603,15.1345386132393,17.1635977538501,41.1671377974775,16.0424886167394,19.5931567717004,17.7458617580192,18.5936780214038,17.8246106428404,23.0459859011141,24.1357636174237,12.9284363314439,31.1946668939983,20.3542062593539,21.9196565646887,44.7637439668514,11.1858623239341,28.7454280486269
"E069",37.1319446157437,31.6140109929438,16.6236835206902,31.3369167486511,27.8710198236588,27.7992339388059,29.7243214304399,32.2377220273108,18.2413552155321,14.168372232127,22.6258960728616,32.7839477475762,23.2088137000973,10.8535851011621,41.5485160850283,67.2899601412448,32.6458140210622,28.665577148865,19.6644411897324,33.4730000346013,35.4087117010118,46.2510107867809,23.1937064744969,10.7603220536911,32.4116666163316,31.8066301470895,9.52205927014679,33.0332977926013,13.568175321974,20.5507203145733,25.8012937331615,36.6940531009454,40.3735917049672,34.3955426650729,17.253744552453,28.0971410116323,28.5607751306082,37.4069670129516,10.6162450046371,41.3409342930585
"E070",19.8757131087462,29.7831838508582,22.9134428183875,30.0662042046476,18.5492922349768,16.4249789614803,18.9377054901129,38.5577199717001,36.4309496104743,35.5130954435856,16.4512991328809,33.6056887860993,14.0034736061396,26.8063601447906,62.5111130534257,44.7968720643356,40.929317295479,24.0018915049963,30.597728128327,38.2715921579733,25.140199731831,35.2782815403112,19.3620672769017,14.7835036723516,23.2789442861277,43.9785969407665,23.0261030885684,30.3855290411525,21.3911828511779,33.9324063373056,31.4834525990839,33.2019682934473,49.6576801479535,27.7630480742657,20.315291527038,31.3932734563956,25.0598236852405,53.9283211652398,18.6667541828847,35.5366126183821
"E071",11.3636716349809,9.06001880435581,8.74071835144368,25.5844540644973,8.01004360656745,9.59702357204806,11.9240564523842,12.9745938189668,10.8670719053099,15.9827290995489,7.54073284180408,15.0019402623731,6.27555931080482,11.1300795877257,22.6005181663147,17.4269451630825,15.6852572662464,12.7154172590474,11.5583517382486,14.5281330265027,18.7592985039941,18.4442004137108,7.27393801610802,7.75078289333202,10.3553938338715,12.0454619750751,7.82130484215081,22.432247281667,10.7062484826981,16.5101037909071,11.1765642591561,14.3242339840264,21.5329553253066,14.0514027043423,12.2075853037952,14.8599975701397,18.2265923251395,19.153731430228,8.67588559306024,7.59619093553206
"E072",45.265352197075,59.5227782197708,39.1031678103049,61.9367714595537,36.031314262544,26.233072788892,22.3954386664616,28.2231202135485,42.6015099430768,50.9634560944792,35.4144767606277,23.6229421968275,29.2894068265781,32.1293542494703,50.0377681983943,62.9218641540152,63.2397746648823,46.423190145501,53.6816154751205,36.8923619604221,42.873693204385,44.85959636983,38.241635124745,32.5776797743142,38.4881415603567,51.5544752933343,39.3805324811094,28.9950077536162,35.2900692591029,41.0535627006573,56.2042459231041,41.0580887212295,78.5003529801896,58.7519378533894,28.6890227999313,34.3216759185312,28.7394429398061,71.0349495657354,37.2708200424161,41.6638946965371
"E073",20.8042398014279,14.3005913139037,16.7466481788194,25.8736940252744,18.1471105880583,28.3195201461902,17.6898275587259,34.483826984083,29.8851902242157,18.5485288923832,11.2043165298248,17.1048332094038,17.4352811531648,18.5624613097549,26.8531372837144,36.9083443242297,33.2041125276772,14.75374669079,18.800119208658,19.4145986910773,29.1901709562657,29.3449044541279,11.1482278451121,11.2728610598504,14.6526371252266,33.6460190575316,15.1025506574404,14.9585344724371,11.7058614671861,26.7963059302059,15.663277238746,17.3841152143198,27.5095116911096,14.5300472810338,22.0133007677415,14.8259780193471,26.844541991451,31.8360270717479,20.7592325512917,14.8071075612394
"E074",18.5015412567164,13.6636769425275,18.2498125092344,46.5784866380454,13.8344486246233,19.4336230500914,12.111505567804,22.7017133866989,17.6761811729571,22.3927942853126,9.3640440331716,21.9077866565577,16.2907574524975,17.6672011250009,23.5232218210565,25.6514809981555,22.7609331119104,12.6973434795205,15.5316164899539,27.916712618098,17.8839773946913,27.6755848637173,15.593543659436,18.4599370601208,14.9700005962542,23.6398438884928,23.5204639707856,25.5212430718318,9.22412013088773,22.9242534301497,20.2200640325401,21.4499212664486,54.7339372414413,22.6063713991354,19.6074312450524,29.7428924170892,19.8064977488815,35.2609138157,14.9215688191766,17.3498128004315
"E075",19.1823884545573,11.2306145501215,10.421502669078,18.0508832033158,8.54332659871279,9.95715326177871,10.9667182329447,18.0688093417705,18.7021989762663,12.8848142580126,8.72854309964377,13.7928130162588,23.5026055609742,10.3816615231946,29.452031762904,17.2512483514566,17.2270594449536,20.9060986757299,11.5685519719913,13.2890815806118,15.835730060015,24.3192371624519,14.0200140171734,9.45680322397383,18.4989556586882,25.8057200487558,9.9335353748657,26.2785587016412,7.22802031081769,23.1799437763322,14.6967244490408,23.0959167360384,30.7501846087031,15.1183161993067,15.6609384681412,12.8903070066482,16.8297653801487,19.8008774155838,11.692568509613,16.0918025419441
"E076",16.4464941235666,18.0919247906604,34.6291018907556,39.7311736515672,19.4667424921851,16.471731882319,28.7898275988779,23.889784215505,25.6972353204212,19.6366096752029,19.9880314331467,23.4897602052741,18.4814602458473,28.2216011860235,32.5173912669508,47.1605049441855,42.6969655605162,17.4982909592166,18.6820147802517,30.1291480555878,40.9837265011782,26.8839925415259,27.1674948705766,15.1644055427162,25.0563606532821,46.2930306341449,13.6532343397003,32.5881179848684,23.5479941773102,18.3781560969581,29.5691087188643,25.9038649932759,44.8291970161739,17.5510599081142,25.9661400426856,27.9068063094998,39.8619345514858,26.2741285111291,23.1465003878567,22.5077049119179
"E077",24.4627301156383,41.3758508439873,25.6932641069147,31.3623607615798,19.574269085359,21.4852069967176,19.4729577142617,41.0319654629181,27.1697872624114,24.4726906467399,19.4577761360621,26.7647712248596,20.094633541773,19.4463671211213,43.4085420809944,36.6037112509971,49.1621290263758,30.2841038929723,21.527610449,30.7468544160651,36.6469900510737,29.9994331183488,25.1185330728042,15.8589033997209,23.9656028239509,39.8506497423901,18.6958035239647,37.1598850208471,26.825147790918,23.9467782742193,31.6457764750237,40.9226444489414,49.9364032689226,40.9648079069351,27.4440118567693,22.4367821781155,20.1513928518142,35.4034196760466,20.0224561948462,17.8680632813823
"E078",29.5879879499704,31.1418200429746,24.0047507975408,45.9686344424689,24.345837007505,31.1848861170215,21.4991434504052,45.3544608675845,27.6578880021973,23.753750703417,19.4572175117081,46.2474679753467,22.6042971131454,17.2568241224493,41.1821964298379,56.9778965912211,57.3108668300032,30.9503831733589,22.725688785123,37.2639367968857,23.9824520993628,16.0023597019293,26.9011389052909,21.3798674471137,31.0549760198096,29.0435116141011,14.5328101298191,40.8383219574611,24.0491007332392,34.9427833381021,32.8344590502546,27.9080932036644,42.7412882893415,21.6422030459509,33.0190646517215,31.9940720793179,31.7336092300667,28.3790508681212,24.0440364567001,37.866350148595
"E079",24.8345922617085,13.8973188207005,17.1050288623415,40.4814402035909,11.0071421106793,35.3872436254317,22.1386653943033,22.2465823561678,36.7362959998085,20.141723762796,12.4858647740245,29.8806947370317,18.8921341430897,20.5151613954059,36.3420544425176,34.5587743368239,28.3047724460285,24.5028128764063,12.9879137728316,27.8834020122003,22.6128156215743,25.5228897685239,12.8864208036301,12.9284375746082,13.2017533148859,30.7234604621037,32.450342376835,31.5748756165923,13.9991196425079,21.2114793768111,13.836030264794,19.5896096701232,45.1810827658984,28.7629592952111,20.6607708710015,29.4960245232105,16.8257868222104,31.4082703927029,13.4485335344198,26.0158645551205
"E080",24.0065378456977,22.5269416727712,27.2395666586883,54.6286771728084,14.5409073180464,28.5498084393341,25.7287623288452,24.2221361075482,28.6233894682142,23.0907098865005,14.1848091466321,22.7335234040266,12.730711045717,24.5971632261251,33.3601284174172,34.2721136509477,29.0009901385168,24.9402309829896,20.9013998316777,22.294800484467,31.4086569519936,26.994368001048,21.8368005649069,15.0694169371152,19.3832245778431,23.1689444825414,19.5936171718905,35.510560224873,15.5617684526843,20.1336035097528,18.7740980061143,28.1103364823767,45.7801481443932,22.1493563282554,16.9414349295621,24.8382044184073,31.362459638726,27.2626875154658,12.9359645190751,27.1601883952664
"E081",36.5446731665903,35.8236365630502,32.9622206164411,53.76210071578,19.5659232512461,23.0474883651559,26.1054797897049,49.6935895689534,26.3529785467251,27.1290473097445,19.1597288984238,48.872449959146,24.4188997472184,31.7863854001689,49.3106591281815,35.622913210415,66.9607478771812,41.5388222210568,29.7507090525901,33.7345392449662,33.9685177002054,39.9744939900261,19.4779846669268,23.4550357443743,29.239863234702,41.2567273797972,43.7326697758402,31.4880905279256,16.3325569171065,31.9892234227828,33.6234176975737,37.3127467820963,36.4304925158182,59.4137073782941,59.0899337175627,21.4441045364131,41.957157394194,55.5360380268491,41.4771985203821,48.7396469207589
"E082",19.2156579705521,21.4085518099385,25.4656032705341,23.0149398512867,21.1617387033336,20.7833136143945,13.9783992286115,21.69115156858,19.3802395392857,23.9851317471138,12.4438364964282,17.4918818771439,9.11339858755129,16.0866799608123,26.0219004252746,25.6550040409249,16.9174786127816,22.1765958185311,15.3328308593349,23.4067777952834,25.9115237583331,22.0046850144519,18.5557436289085,15.4347261606584,18.8314234728979,27.3505266963074,19.8373262179075,27.2650987996172,13.2418455301249,33.0715247934321,21.198768602925,23.5080985464747,33.9515408426997,20.147791372784,26.1897485120931,16.628832135686,29.9174609461484,35.0398418445838,13.6971892809018,14.3545853687594
"E083",37.1098536179897,22.5093150525339,23.3052286107406,30.9173873746436,13.5296065726153,18.6879982006761,16.5512535008022,44.8519448043858,27.569047097655,16.0478407992966,12.0059167982805,27.8192808656092,14.0018465726358,16.7686714496321,46.7148293539989,32.4629732525481,40.508006750233,22.721991321177,21.3574444802363,39.6131780464243,33.3473852583585,41.3093050696625,12.2901641808654,20.7528439029459,26.6468425310522,36.0801359306444,13.7576603487032,19.8358399660965,17.268777241517,38.9929024777281,25.0495003948019,25.1183606033587,26.2198176843221,17.4728624602872,31.4006124160635,20.436653079573,29.0238618199403,25.0538879000085,18.1873017566417,35.1200948907183
"E084",22.8260958225368,20.2956316750968,19.7757168435334,25.3813699460447,19.2966301809485,24.7818151314538,13.2820560413491,33.4105569593799,22.2925800099665,25.2271569193221,18.1770113082262,28.2265206004654,18.5540652893941,19.2150262655746,33.3039877215898,24.5441863435674,32.8387742161819,21.3234260096975,17.645105658328,34.7564892226007,19.7406093560255,25.7450362857978,20.1921349470359,12.7198154423628,9.30064387183133,23.3315604244376,17.5017540076103,25.643029359693,10.0989926796072,34.148783790316,23.097922794345,25.771614124806,32.5377090512069,22.5449251077137,26.6984054040414,31.5164221204224,19.2151026370212,38.6022436337549,19.3298625596286,21.7425468020164
"E085",8.5877155234655,6.59229251598726,6.86673858913443,19.9145009012198,7.4172972457501,11.1601418672212,9.46729927098279,12.2308108029018,12.8370910858031,9.34181434553895,6.0630716051881,7.27926496050375,11.1850173191135,8.38484044839756,11.2184857684896,16.5409616472464,13.1960849924725,10.7528739493182,11.0955266510496,10.2893633523943,15.9258145312169,14.6649105017194,7.2400295547345,9.34301439113833,10.7976418672422,8.29926019940074,5.89609253866618,10.4037085174117,5.47555455964776,13.8729831134974,11.1581890024775,14.6466411132164,13.3323064189398,15.7494744792932,11.0087427810794,8.94263376050743,13.646916374082,10.3393852047671,6.88982299455442,6.04688545681564
"E086",20.4415856917465,27.1094314180206,29.5787383894464,26.558267768969,27.5232490084051,22.2292233593165,34.5462032798867,37.8572963380977,31.7388973464705,16.6640919191084,35.6409151075247,39.7040949032792,18.9748044622749,18.6277513469945,21.9638851980696,34.2860883404275,31.9884392991006,28.4976489974653,24.8373532437329,23.43197313959,31.6030983749562,51.7030938703148,18.2426595030448,15.0137633165303,23.5427113846072,14.8284182493402,13.5740965050491,42.506968467919,14.6045767420003,34.794754327602,32.0648199617188,20.3457134459364,36.3458210599276,32.5186500871401,42.3214888706008,21.8350351288353,40.2444111609859,29.6322526004154,18.1213485461877,32.6204439673479
"E087",72.4481234890017,28.0326868781255,19.2167139424795,45.789361969764,16.3296143210493,51.2803302155505,33.6416008783131,64.0673890969561,45.4964199564262,33.197498831363,18.8049977200896,31.2389536671941,26.0456995717509,31.8485451935404,60.7060456134407,44.8858922345458,32.6943153966181,63.1186417473838,31.2416176558106,25.8455247785599,59.0249382059033,37.5774296251747,26.7727612900809,28.4960914858984,23.0465255069867,42.5770562260242,35.7944572583574,63.300766944986,24.128628172385,26.0598895789697,19.8662825794513,29.5727955308894,99.7792918647945,36.8166364225014,27.473668109487,23.0129662878192,53.5487550344134,39.0683798539529,37.1017178370047,50.0091756630711
"E088",26.0571026186131,29.2227380584518,25.8543043465616,40.9100572191627,13.0426180782994,31.7823204486111,25.2276694023226,42.867708804461,24.264131174499,31.9670957478417,18.7035282453379,22.2063846565249,13.2717691466176,18.790646151968,27.8288093739012,58.4514891368432,27.8877292364054,33.3312854044071,20.8149331251687,24.7507687908709,54.9996619983868,28.9051638615796,14.393519664069,23.9634350347793,14.4905108548495,35.8556864471351,14.9561345070166,31.1564408760138,17.5833986228497,34.9881262783489,40.1043134093508,21.9511941404078,35.0755501691005,21.9391482111212,24.8968781142831,38.4562563832662,42.5757874784546,34.1723244299945,24.5930590130895,27.048637899499
"E089",23.2121911817967,38.5929780884826,28.8434332088376,37.9007382603894,15.9038670812975,41.7646064735746,30.714729923658,40.4031955856959,52.2730655172111,33.3915106075197,21.5237515309687,31.8093189442831,23.6996466797316,32.5389715023695,44.7809323274382,64.8498278421564,44.1529121694701,42.6216853390727,17.8314388444834,25.2100909644038,39.9632157111546,58.2078675715257,15.7893319715796,31.7536085107079,30.5720296842517,36.4315717316564,10.8171693032941,29.6315693075621,17.5520467832618,29.867096430365,27.3481824541776,36.355683065806,53.346741386555,36.0739656735098,48.2105379285051,43.6277284450381,59.6785065546316,46.5378874600325,34.4568807711404,28.3893018444749
"E090",36.5129653787651,30.3034298945154,40.2324845037064,57.0071127524473,34.1712853601933,50.0099579531731,31.3617351937951,37.9871950316218,54.953000003733,31.9169780874841,24.2013071435831,51.5037267772357,20.1099254019499,52.0526156451346,37.7452828731787,74.4948638641605,69.8033067106691,42.1573068125484,38.2226957382547,73.4559925138411,37.0514857609181,57.2073181680401,52.1035411873961,40.8060948594959,36.9644899304995,38.9305464356765,40.5724058682657,54.64036647584,40.8060228517035,45.0172417267173,34.6693976794639,35.2040645487845,53.7869162695533,39.8272909319455,31.5269627777346,41.2901737437448,49.6339076869063,98.8537820058731,37.7641740123458,31.3418027606011
"E091",51.7868302887839,30.5778283062723,33.6248741697925,32.3201197426931,22.2586012652629,43.9436433338818,35.9990828567477,35.9287556398543,45.1307153272441,33.8759261973022,23.1035217084577,41.4993004071022,26.3420760735018,24.0768794203967,49.4130185474089,49.3982774244354,61.3721554016175,37.2286700830113,20.0095505586088,37.8495966844435,30.6370085593496,50.6201870499855,35.7091563367973,16.3335112377227,38.2504298131612,41.8319239806219,26.8797044735152,36.0649744911476,22.5091590328589,41.1094740827449,26.0761871806982,27.6453086133939,47.4373259469785,33.7729746102592,36.2164532492475,24.5586352944921,76.5558413530208,49.1186311513128,25.4399431735944,35.0731877779527
"E092",23.7267246530041,16.8766509366752,19.4150843508112,33.2665086359671,19.7847511694767,26.9027619905136,24.5091389514202,48.503978588421,20.4508998275364,23.3644940355215,17.1488544260115,19.3981974045283,20.2852124937598,27.5899214712575,40.738316040374,60.0583424238438,36.3197158364626,44.7276951097862,19.2179423683856,46.1384530696557,32.2148755328536,23.8579038526682,21.6260028465961,27.2273045434136,23.6612604746804,44.6276190072648,27.7187310208642,37.8923132902534,18.9524523868623,35.942276188621,29.2435981532546,31.6288646067983,39.2216094718375,30.9048447279963,33.7560775741016,27.0517509438756,37.0884836107262,54.2417286817219,20.6008616726507,36.0344945450573
"E093",19.2099776865786,14.2808455222558,23.2379700230931,21.4089481294391,18.4789896413292,17.6862221153316,12.8695479183687,27.3487412993866,25.5897806482623,16.0296346516644,21.1743709393893,20.7051125783258,8.32590676579108,18.8064915491492,37.5557508272931,32.4093632172981,27.6720944365485,30.7457598760601,14.090813259493,22.3774851690185,24.2840443147163,28.6519542982333,7.76542399931781,16.8703396189572,16.1270259778133,23.1448378788646,15.8909840878736,38.2782579916981,10.5626425037479,28.2896016274454,19.7000712585233,17.8510093032392,43.2743025895071,13.0284374318922,26.6267067694979,15.025134803913,25.4007535365122,27.5180303654294,19.2871353009256,28.0200086611958
"E094",12.2038183608466,14.9752015571136,14.6467642361581,16.3902744434231,17.0404780897604,16.1750436503312,11.4415847946123,20.011013076901,14.0399724525611,12.4512180151632,10.4467230673287,18.5574685898379,11.990890086443,11.8895803254308,26.7639664053528,21.5885847467129,21.7074186701164,9.62137619637599,19.5608014926793,14.2562226157178,17.1432189270873,17.9699957503379,10.8300527023326,10.8694493667025,13.0238175992966,26.3900103951683,12.9040704079809,25.4987945960808,8.54408025302739,29.3062859965846,15.6867778246795,19.7459355932676,36.7013346450068,11.4759073027409,19.0942525106976,19.2671087807312,16.5856572812574,18.410985938733,14.1617975523778,17.320442138
"E095",32.6473535509031,30.5101528395922,32.2453910224786,61.0505706433554,38.9773654390223,31.2717905871228,49.7626476219986,32.6401507940606,56.974080603478,51.0597170588514,24.9397501235742,73.1571731408731,25.8892870500428,20.8797001455499,47.6447878219439,89.9396206683964,65.4682424047746,61.9656434839561,48.9117539590638,56.6116824106637,52.2986512557108,41.3378880161061,32.5511350457909,25.4328212275182,39.477741913092,30.8080983354781,30.161158190933,35.3397011401763,31.7163789415413,71.1020441816006,35.609237613888,37.4138604103843,63.9476812229652,25.178249366902,26.2363807575745,28.1809751195994,45.1574344593807,73.2508411387706,41.0337892885852,56.8881402978296
"E096",23.4523832199922,29.967184505242,18.4134482410383,36.1417191394168,22.8083100983909,23.0864974825618,24.516748148951,30.2223869264344,19.5373081478031,26.5234333739491,21.8005826656759,29.3044197286378,18.4403606823403,35.2834657444922,58.9933373962778,70.1516480153647,41.7161534496685,24.5823149325935,16.2751088318727,23.1382660828477,23.0315254435647,61.6222567147934,26.6581313278216,14.5996435542661,30.8048407428108,24.5315178594907,34.9426742722424,27.3623588541584,18.6925856035192,22.6692248012094,28.8406182087618,29.2956733221821,39.2760675003789,37.6407278207364,12.9304834597978,14.8305783164611,31.851235561255,24.5931474588588,21.1338946649753,29.735889259044
"E097",54.0697298189349,49.9596999907495,82.5253794642122,103.40712642285,50.0839254909497,66.6393571952471,29.6974200287742,55.7613357524873,57.6132802709218,68.0758627825535,34.7501089257443,60.2227153885472,44.4372872789149,51.9134633451706,75.6698421825542,101.870865960224,62.4974181982702,57.7849875394731,64.3859018482592,71.0231699579607,48.0516945104876,53.6693742621329,36.4565134334678,28.081272721838,62.6842879514398,36.7159387958459,30.3723064545014,65.8296344288185,47.7970313336347,55.3171997946857,45.2982506590065,67.1205198152101,119.392354692866,48.5477895575465,42.6631310740648,66.765697114399,60.5491080203845,68.427087974198,46.0665706069208,36.7105261550452
"E098",37.7332070836442,21.6670547206445,24.224688957227,56.2582110724925,25.3494331170625,46.4936395590447,23.0177091363869,33.9114591181729,47.6808986064498,29.7728904654603,28.260752622349,21.927349116358,13.1909951239571,21.8901539605613,40.2938658264549,54.2817045832548,40.6201089715751,42.6652833899378,19.7755173809882,35.3245708123948,37.479328325243,39.8159298387558,31.4191388471027,27.1734022258473,26.3686442549887,34.9215837480599,35.1992031399709,37.44709274762,22.4569234194613,31.6217707084431,46.386585691631,26.3004842167107,43.2321288909062,45.0370645122181,37.7920796292099,20.5963899075628,52.5557220840916,46.9572039888635,25.7693874115927,27.0858604191782
"E099",35.2095060054002,42.2562911811186,26.8615998246078,39.6173089972218,23.248729821968,71.549062794483,42.0996191880992,92.9830192635117,79.2325692810682,98.1144191602947,31.1996430111899,53.6008172695774,35.067257898739,40.6961554269904,68.0810261727152,58.7557035125592,72.6690782314615,42.2575860132977,27.4552294987948,56.0532562808476,62.6580290644004,73.2875788558366,29.807013833303,38.8691446504043,35.3076669202937,48.6162674894757,44.7565664382715,49.2189924403165,46.6667931426505,58.7535868019582,47.7932703489614,41.5970887248607,85.0151870267649,35.1627836698655,68.9971869963141,86.4209988900259,52.3941287171857,73.5020987693718,40.4080769676156,66.8293773547253
"E100",77.5967452376827,60.1367843430342,34.7487923627888,90.7812417685124,34.4026757806261,69.625098450443,46.8194302926577,59.3301174661668,55.8592492073426,50.0175426015944,29.2166358290559,43.1431939669467,24.571385907451,86.2820246860876,49.6923376085115,84.9734959067918,58.4629482523073,63.8769108623435,35.7414820736265,71.0742432828494,54.3344668473111,58.8799451470158,56.3499693826721,40.9742399691114,98.0969526726189,59.9835976853553,35.0687627277364,59.5762394867479,55.7452956871968,41.1756486682002,49.5169412389854,125.275415791152,77.4708932128248,51.5444764582966,48.7286063588269,68.2937523484033,59.8943836661625,80.634305062798,33.6495041451515,41.415464724858
"E101",23.1579023570697,18.9594180625544,21.0673007703138,23.3880180177016,10.9208957607307,18.175397977339,15.111660041676,28.0892249978297,17.4290434143413,17.1302607107682,17.871182456602,24.5973102136325,12.9240299109701,23.5632881723543,32.9857224974884,31.2294386896503,25.6356540618736,28.2949032760408,20.6251038199397,27.8797496656739,22.1899110891671,29.0172347582923,9.85524073332122,14.7635842794804,21.7560803201842,34.3321554395098,16.6284634475105,15.7323489878912,11.8352078295246,12.4228619809174,21.3189946131921,34.4838786623723,38.1927666950204,13.4587295643906,23.1500951531695,14.0542426324467,31.9447910924051,22.3231288804392,20.9192590964213,22.7283054356744
"E102",29.8279513036949,21.1332014037779,32.303958130963,46.3631942090326,26.6249108223723,31.2262534980535,21.0409666347254,37.8122805970331,39.341698506068,27.3850427278734,18.7970258692285,36.2210313785216,37.1572331073116,24.3998175063028,45.0175913717503,36.1765891307107,41.7383077785098,26.5608493364291,32.1487289458708,37.5550070333269,36.0698556239529,41.5985761255518,16.8346237708997,27.1035439751837,29.7340995076975,48.8178714434905,26.5247123333235,53.7085891821893,15.4662659752042,52.8555540628879,21.5920573207783,35.4217248853889,64.3451517139624,41.0929167864685,29.0292039197827,22.0953829429246,40.0626272688163,25.4533813033624,23.3480713651911,47.590687004147
"E103",24.3658448244058,16.3254617791225,26.190043341614,51.9672636564241,22.9718183682603,28.6709967933758,30.3108180428354,37.4904070685933,33.9653095919245,22.951145268429,16.9629037390521,29.4233018595217,20.2297806161842,14.2021941507809,40.9397328042461,55.3128062086621,35.6960984922612,32.9080963158015,58.8401397124659,31.9487482785881,47.3920838915626,48.5943803151468,16.4927368598894,16.8411750394701,25.6407128047186,24.4375558909465,33.2729212112967,36.512645861075,18.2783442438295,59.5858217078701,24.8056278947203,27.4832818942592,39.4984261980299,27.8898182591021,21.6910776405132,30.6081276661275,32.9487575220513,35.2178865279151,22.5585093595332,39.7815674797767
"E104",26.3937853058725,20.3917810682041,25.5027800820978,28.8505352145445,20.478372788891,17.8393923360699,17.5954151855189,22.3130260310498,21.9914423358917,17.8099346026545,16.7308375476197,35.5875752968904,21.5202947560195,17.888878192572,49.8654328544643,35.9258190212421,31.2957741374082,20.4065089590017,19.4078080060939,22.9015225012194,34.5504344560637,33.1995071193085,19.5805445336442,20.4125088449871,23.0204785298979,27.4863713159159,11.3069772896095,42.4898334130992,12.8821807025612,21.5998549902283,20.6222123009665,41.3931025511291,42.2694901845356,23.8781357189413,22.0380838369079,31.0678316559626,38.6242511600018,23.974524291497,13.8026044665721,31.9159876683736
"E105",47.7087677787315,36.7644164818779,21.318441499748,43.8365740400704,26.9938503110296,17.680317449547,19.495760549469,37.4247676012909,39.3990192844584,28.3640794182811,22.6348310368983,35.3609766655421,29.7222768500205,35.9443599978188,51.6283484763953,72.8117921561765,33.082430172161,40.114099939834,37.6335203529758,54.661309063925,56.4203497152127,68.8982356214118,27.4000539346774,33.3185172799721,54.1929649712136,47.1600770008453,38.0637986151052,36.3994337344554,18.8787508021641,52.3119335552758,32.6512979329589,31.3678197239186,38.7978777492073,31.6601904572,27.7576894314431,26.2045244446078,74.994685293501,73.6137373452338,21.8537789563978,36.0921159406781
"E106",31.1110041468446,26.5750125571353,31.3844063791384,48.3866443714899,14.3192061260209,38.6324192377122,26.0268004180932,40.2116172250297,48.2607972320883,27.6482317972079,21.3301724322425,35.9319536899892,16.0442467099597,28.1461912050967,64.1397187591953,56.303019967679,21.0791518436703,23.4726286719645,36.3435199516666,24.9757886991584,31.9118075620683,33.898987567603,25.0433864651608,26.748318997386,26.2714271541056,31.6852340590227,16.0309689259218,41.8806214191844,15.0756051327378,34.4975151987869,27.2416305202748,20.044214421811,42.3332746776201,33.4779460663045,24.1360897221565,33.0053778084562,58.1972390146707,57.1289547265213,20.7784817644559,23.6315344518712
"E107",28.3779336319435,56.2064110098379,22.352273436305,34.6201835731729,44.0525722886721,33.2042504047303,22.7819095863066,41.7188138326861,42.9695964029197,33.1205161097514,19.3470869216202,36.8125247145126,18.9135311537955,28.1463878087591,26.1588357174241,70.8673988192384,59.3841046479661,38.0364593210856,32.4294925015603,70.0266899628559,47.5967078173509,50.5021452501342,47.2426147035088,22.0567056777858,24.5046222174926,42.1364755911363,19.5027160020971,64.287793837816,27.2008706688398,36.5022983890622,45.550852270594,39.4256954986256,58.5699004780568,31.9210869573116,64.420399697443,37.1484653992815,39.6658182219006,75.3296817042016,23.8039821796989,32.1436235842389
"E108",33.4961558796347,19.9666686800107,35.3609935944714,42.1803937927285,25.9735132313797,29.2486438889837,36.1896630855465,31.5181607282743,56.7929159204564,34.7297557959746,22.5807503918062,30.0914304802957,22.287543897457,45.2738063486101,58.7066919843652,43.9869173797665,42.0521151603401,34.3895015165413,29.69640666475,29.9686908238338,36.1831918520544,56.4788217686743,17.7500395207992,24.2632703397052,28.8856534114304,62.7153997304444,18.682356196253,46.9649671660589,45.5409465445951,33.5627986155368,24.0746888240037,33.7730379109576,72.7693299898741,34.721767418863,32.565629677624,31.6909111215152,60.1677302685077,61.1831854886643,29.6744933146149,36.2619225185949
"E109",71.5297036466296,24.313899280399,35.8363821099084,49.8109997733542,38.2017939568691,62.0858651789638,32.2957904117143,49.1193530823692,49.6157726944019,46.278583638338,23.6671483138942,55.2901459949339,34.0242897691851,42.5709139847668,75.0813492946411,80.9882702351874,55.154730839507,45.5290427640829,30.3183510069083,47.1451169102128,55.8113420770862,48.2619172452846,33.3026584475261,62.7722922443484,35.8516701746509,67.6577609522341,47.2073716173861,56.6769721957716,40.073010695879,58.4621887466317,32.0633778932843,47.3912177631106,109.614219019773,71.0850113821513,47.1568506639009,22.089621277275,65.0281213724579,95.9387244281896,44.4847785022346,45.698367803748
"E110",14.0889785171161,18.3925072086885,21.1501509335461,31.4537628159161,11.397778140609,18.1868238958998,27.7507172611305,32.9038043627308,18.2226305617856,18.0465213858238,13.013245739197,13.7923554317636,23.8827201197397,22.5827597359384,46.9445535547087,39.2742284709095,21.2290115399469,26.7721959625333,13.142725787231,15.8310456600895,40.5467526745431,15.5959543109403,11.6767672279693,15.1713448418973,16.7666311970771,23.7424418222214,14.0733245763714,17.2255694079417,21.3754141577296,24.2324874319535,27.1287544939284,33.9527915121798,39.8285957507558,24.8741895047751,21.4202742260313,23.2232657550632,36.0872605798153,48.0162593307526,23.0655363795298,19.1352651168821
"E111",23.0502647893244,NA,17.8904481174188,35.560477563753,14.9267930556734,NA,NA,NA,NA,20.7738035292231,16.89389496009,22.2456778968622,12.2624185052364,28.1684086808822,28.347782789258,39.8239494198744,NA,NA,10.4140781949155,34.8677671344447,35.8568356622338,NA,12.2819035680835,14.3536200778984,20.7345179656122,32.08022136283,18.5554817446322,26.3016918707891,NA,28.3802345589971,NA,21.2451560762585,NA,20.7339043416003,22.4029910781812,31.8152525869294,30.2227664703344,NA,20.3394828316417,18.5121769171704
"E112",30.8313793090226,47.2372093294817,44.2565385935908,66.3145782004316,38.2716521029276,35.4964711687869,33.0324408301839,62.7692197869128,31.9532774298227,50.2175758165158,26.006843595563,32.7500649614153,39.1442419305134,34.2422647774106,53.1459064410885,66.8356525010151,57.5584688539544,54.3287610686332,33.4256747830722,51.3949754420057,53.3416221545142,42.2588372844978,26.8262239028347,54.1588628302518,27.5130497784245,68.8633953074711,28.1262522478979,30.6336458931168,27.7819732821183,36.65400467581,36.5608372430329,29.9785964741826,51.7392359085855,51.059405394287,35.9538569681511,29.8339324800407,58.2850266767917,61.6413245998118,35.5882608422579,35.7626189277545
"E113",12.9927211680216,13.6530353240098,13.0769479907797,22.9818811571545,9.37375590679121,13.5177836635126,13.6878426825994,13.4042436235752,18.5745143308645,12.3474920711426,8.85089170094276,14.2096821415598,11.8076330516149,12.5457661979564,16.8021834924439,19.4914901109815,13.5029156306934,12.9506489555523,11.241625989391,22.0007622750421,17.5203043059615,17.2853861201376,14.2669657471849,11.508694608521,10.9652504510197,21.3943616743532,9.63542142893708,20.2069996606325,7.7250395310069,10.5971347545683,12.5495347807273,17.64270960439,29.0422722949764,15.6205631277431,22.9278895642122,15.2271821376847,10.7916872876854,12.7643581374155,11.1057894763353,25.7819724981414
"E114",28.2240323105293,25.5312137427564,25.5409411312584,52.394126436161,20.5087717974746,27.9056216047321,24.5997016010603,30.4577209785426,46.7343078314962,18.3605079952696,25.8971992933883,31.340667006,15.6262550902029,31.0491783019379,46.6999332264003,58.2319645301144,49.9737169279981,35.5368111093244,40.7607875403205,40.0566898355996,34.389127257352,48.80452979382,31.5296204950152,26.1523497386781,27.7654321544556,40.6605696009588,30.081714431873,50.3669442950436,15.5304752258622,34.8195179070712,29.6313995074146,31.0208221427545,54.5381634925693,34.2652681727653,31.6917336630437,30.604662824142,40.0226719283236,44.2809681560314,26.4535427632524,45.0727621965458
"E115",23.5643747590498,14.0140895958637,11.3706609665773,24.1709316454633,27.2050754707582,38.4749383330848,12.2133279636803,32.1601701587109,34.0967622464711,17.65653891682,19.463690396031,30.2684473757688,18.5684125374131,19.551659700952,31.0691648553092,70.2236857236291,36.9287224237754,21.463592815629,13.7791891566768,33.7226823653579,21.6939974010984,24.6766333207176,19.058398635456,15.5245996665125,16.8381789262667,18.5760672218158,17.534785757103,29.0224522082474,12.7736399389705,27.3477281290103,18.7550552973466,22.3709122485086,38.7538169843152,24.4849320478606,13.9460107164282,24.0227584497939,26.1632711917636,15.5771334709935,11.8805493985158,20.9362480567773
"E116",54.829336992355,49.0432608542629,37.8234567324835,74.7867496340324,53.2547770140802,47.3424357283899,78.7663885770066,87.5796937199679,45.4414100711522,60.0457390918238,48.6064884796517,51.1868968509909,42.7106998082624,50.9698157671119,66.4745477788906,92.6582743333058,83.3120494259138,75.0652516866878,69.679284830977,49.1572594433702,52.2755862909529,63.0601597809872,54.0445429746261,40.5257916233103,50.8799204403868,55.3700725750789,27.1391144944206,101.675554246217,54.1739474435566,45.9079634876852,65.9048051762808,45.3870762152066,104.838888800992,53.0179029390009,48.0875114900468,48.6753667407653,77.187339962048,62.5061157817343,24.2728917133669,47.6958366437913
"E117",24.9996085722543,24.1338194858991,35.6591080387162,49.7567353381394,22.7666583770761,40.4299641377115,34.7564871900505,48.6714691015089,21.966081136607,25.5392918152274,14.2016103769193,33.7768775655171,26.5596647165125,27.0793434687014,43.4160508513366,41.9628256116957,31.0759952682655,23.0226574612546,26.6306569459175,42.5757601969982,17.0403648961527,28.9855805836778,23.8593464818024,25.0255264597427,21.5470888810377,24.3907700751508,23.5221351160232,42.7402622829035,27.0229380751263,36.4889707709286,21.3451108822972,40.4657814838776,39.3516387112003,18.8823504327687,20.4024634982379,28.495300215973,35.3227185550793,51.0784275811147,22.8973506615031,25.9869032871027
"E118",34.9954822686367,25.4041699751605,50.1641730415763,78.584193216861,45.8228452576577,40.0238690433113,31.6250809492817,63.0536058952606,35.5752122812015,52.5722140278152,25.1182515445966,31.5539642858025,31.9192578338072,36.0624219385039,64.0050671580136,52.8387677178602,40.3102036721694,69.1433057260215,49.5253739533291,35.2399340378725,57.2969241552115,73.7169400282361,26.2815929796078,27.1945389403682,30.0576643406117,45.2809892760226,29.8319094150426,57.926220153727,25.2138207233025,65.5261728500741,62.0716685270357,31.3324182917883,83.05154011291,42.405192966177,32.5436080111552,30.6024706542682,57.8718652426022,64.4579692968975,48.082532262217,42.513545935703
"E119",23.3950436527773,16.8840179660761,20.9603778208451,46.8331137719995,15.752578588425,25.3505619711131,22.2630659187403,37.7634716607411,28.8351277777956,29.0487505521398,14.8268868688692,21.948108925902,24.1855706144875,23.4061322101575,32.8775646556136,32.3956036949801,29.3637585708347,19.295200886533,27.1156161342149,17.9263614980503,30.2332011389988,32.8898342175161,19.2837384010434,25.6242602027471,21.1017237836293,28.8105263189682,37.1457951691235,30.7680147212911,11.598047195896,41.2118450241885,17.5304276433376,15.139690669435,68.689901155901,25.7319186811835,25.1228746452358,24.2231313876486,28.3712786622008,31.9208787837166,13.3593542167393,31.9327509743168
"E120",19.1817375755984,24.1071872652646,21.1453703041526,31.5689249357033,15.8927454133655,25.1181787127646,20.9023807915485,28.132125539267,23.6839212823605,18.8759895670548,15.7350726046328,31.1612402123289,17.5790106100756,41.4326800301892,49.1118164978232,39.1880258728576,53.1992288319673,36.7866605097217,21.9612656270023,25.1013804581891,27.2173306286448,28.475246191949,22.02165113688,16.6766499667032,35.2031081880838,27.9772741384124,19.639519631314,31.4005549189545,13.468055770623,22.5780484803873,25.4539173697147,23.4702559135263,31.4479292308005,22.115005790088,45.0760964567149,17.240934814059,38.1287934329174,46.2870466360815,19.7660067465583,51.8483589646574
"E121",19.8333110329001,28.2945727191595,31.1904836687685,47.8534832485196,13.4473982808551,29.9851326992091,21.6802790414397,19.971460944037,31.2121587137312,21.9247784352989,17.1578271338577,26.594105953909,9.00773112318823,20.026979157137,24.2697603674653,44.2470397606174,38.7742834279589,20.6010112694375,14.9348538139938,39.9493502040551,46.5971768531605,21.4603749007039,21.0373514100405,12.94859578091,27.2796357929764,42.7766712805138,12.7235311441637,24.5725207172498,15.1365848777381,24.3010547227496,16.8726499872698,18.6582068506189,58.5697933108449,18.9981941025887,17.7775386072246,14.8036487653743,23.5924303744025,33.0010698685293,15.1873845302372,24.0064314882476
"E122",28.2684047580134,39.3449330832199,60.4849627788694,51.6945657015445,18.2840244666233,32.3350868311808,33.5434491014105,57.6169959713591,47.5778469384107,32.9043618641771,23.4950451548913,25.158570561665,24.4502089135563,42.6291396626847,49.8624587529282,67.190843069174,47.7989778831721,51.083737581082,33.6721616301682,46.0502451346543,53.5998928787808,76.3754516396254,18.5048897479675,40.9265975730089,30.6986060615607,61.3452550212602,18.1907104629505,47.8443129764561,28.1630742013849,62.2628179803828,59.1856354721896,46.6029522964326,83.1491668158917,26.4200593826277,33.3151401761435,32.1700337289625,48.0013865638686,81.2593443691071,16.8041409055259,23.9582434124238
"E123",48.7677926236589,66.2933609902132,36.0801956869666,88.0088425835671,42.8584290902565,66.0521194758078,72.1061933483349,71.1559649225383,67.3783896255883,76.5572569112057,41.6295153177698,54.7183140622748,55.9102333616122,76.3347220948164,93.9936155297,95.6963180800233,82.8604229794187,44.8733684621495,48.0748248465052,58.4533223559847,83.8141798116845,59.8078496953395,39.4397187516377,55.4546134285529,45.4396063344436,59.395099511128,57.7931234440109,52.6511827876557,48.4142037420959,52.4782033727285,48.4132057232987,85.6103360440193,124.067330870198,42.8007616631791,50.1049384609843,43.2293948349687,55.1211188920314,69.256577296178,50.0498395969349,48.7637249277525
"E124",31.8650439273152,23.9098817435666,19.5784346898583,27.2402023255741,29.1112506530543,26.1155854414738,17.4130208871722,29.5884354130271,20.7028811637559,32.0467131285461,14.7928738562504,33.5252642205278,19.5591548126724,20.7690773536351,30.3881396399236,39.3732364482468,36.3317891660144,31.7507076303524,26.176085699721,23.9088249587503,39.289555860541,28.7889930778481,19.7339797055771,15.1038385643538,30.2734169909342,26.1010575630229,26.0207350268989,35.8228784983654,9.84719447153704,28.8814658950246,25.3810757881787,36.2316494953168,38.9988475180612,25.3575582984219,24.0550849131579,27.2010973538545,25.5329651007791,49.5469500983232,18.8109448579154,66.1220834672006
"E125",23.2098686941901,21.3996872161709,23.3181819785688,25.738726772337,12.1470531863048,32.5928248655082,30.3560129722108,26.901374765713,17.9223715221423,21.3412637380718,11.4559631834585,32.2317989218817,19.7626993539314,25.8266567931704,38.7127559374413,52.6346205013762,23.3711054113808,33.0624795474562,20.9034397900385,26.0260648519254,30.4870676497055,29.9628849388627,24.9828774325497,24.8286336287724,15.8458766504474,26.2795784424305,19.3883902725187,32.4826202890106,15.8069112268201,44.2918324501127,19.1484320455295,18.8555939057943,34.7240983617234,18.4221961721294,17.6513692717406,26.6726982133263,45.8079741093533,27.0713889348136,20.5642731621037,25.0808807090992
"E126",16.5094645283474,11.809673675041,12.6018618884111,35.1810371308415,8.4165336622497,13.3353786975098,30.7255961613306,35.715198480865,23.2742981164733,11.217130448623,11.952510720907,16.2948025562299,13.4859288160954,16.2318470588082,40.4152921234195,20.218675916244,45.6092393609036,17.1489873589965,12.6546258637585,17.5119224020834,34.3164505693829,26.8866264774776,29.021868908826,14.2078300214153,14.2007235107042,20.9211369666751,13.5517600923935,14.2947274021457,16.6033683855642,25.368680989399,13.6337064778409,15.3863320813543,39.8968856057659,11.3221220906861,25.4938875922853,11.8957330539756,25.9253303611605,18.4662468692121,11.5686694177041,24.104592355459
"E127",29.9728572266328,31.2817774133272,19.3457422550795,40.7664833253244,33.296470199471,31.4582373896711,31.0291399135414,41.6549871354392,35.3797879054037,37.3151200134643,16.4860044857226,45.7594982545248,18.7788834423961,22.2710675380543,56.3074639407208,61.1289578612408,36.2908960188403,29.1866360085886,21.3609476938983,38.684227910361,45.8795497959588,30.6650264884703,26.597987141907,28.5296555474847,28.4895216584323,59.8869041865267,20.2558889863161,31.3230886508253,13.4974649639064,48.9919822925586,22.3658534704056,29.5827931924419,78.7465734243973,26.3039084043261,42.3537703294836,21.6812037433009,44.538497043921,43.4158076077408,18.85555968337,43.734645354505
"E128",24.9630723325833,22.3743171418818,19.7687676865377,42.5727447994605,18.8778751654737,18.4754944330932,24.7669084128747,26.7791851305417,25.2342172620153,30.0916737795927,19.5056140079692,33.8560828599221,19.2394394168424,23.2928858120027,40.3772643378943,31.7536522277142,24.8644467420552,33.8434230305037,20.7678914225252,21.2520681035709,19.6770171158841,28.2753278891143,15.2224009380495,15.0433594944412,18.4140886398882,22.8655266512664,19.9906219348311,26.9639495339233,18.483976470752,24.7896638152412,27.3077368923154,19.7376561631784,47.5338118610544,31.0620812525588,26.728463334462,16.3459264883551,39.1557323359441,45.0049042155955,19.8393033913699,31.5586315354195
"E129",NA,NA,NA,56.2098687550532,24.1937136733031,31.2327871630192,24.0322892516939,28.2733049387309,NA,22.7608294855249,13.6001429265872,36.0934959951144,27.1126366413095,NA,53.5538322580787,NA,NA,22.4812955571307,20.8351400513385,42.9112959995055,26.2137580842467,NA,12.749932310453,NA,NA,17.1406660000053,14.8274922475881,25.7655687454764,19.1747820234692,31.7029448943675,NA,22.5650841077051,43.2913107484897,25.0574000711913,NA,21.6793698710866,39.0763309425137,35.6080173641549,22.6754985856621,27.7441245911532
"E130",30.4302780550245,26.533853691934,40.3741369244258,50.8484742454057,23.1439005402521,36.6406291629394,30.1374453977136,45.5534605590319,49.8893056762246,18.3249729714764,18.5508492069882,41.3544265943493,18.2885531441019,19.4262051717798,41.0487668345017,76.1989010505282,38.2758019130059,31.8359276979956,39.086648158001,63.102965442219,36.6402633549071,34.0023360679372,15.7135659644903,30.6646956860787,26.6016556203034,37.8899645042032,33.1802791925089,34.0419879530771,45.0151228462041,79.3174700011289,31.033209680121,28.2568481003509,62.1640477414254,37.7681474219202,50.6551445404028,34.5571648105545,28.6099522058533,43.1843687130378,17.9338005949905,43.6270654486023
"E131",53.5846251909039,30.5107647171084,34.8907491481081,95.887476985444,40.737768428523,34.7826014479046,48.0120339362551,103.306259082007,66.208602177737,66.0629274621828,37.8356514593096,70.7143641215891,50.1099539670035,64.0253604397837,77.1201841131337,95.0745134840265,92.695011637597,67.6392446174458,63.5156434073327,102.547353290284,71.8494666331271,70.118279600075,37.9314318182199,33.8750837833082,67.9012679626719,68.8551327037733,31.4748911053457,104.353349912277,52.804017128845,105.882961573814,42.0329652735289,64.1264317543664,127.584292541021,54.5402667600043,75.4055742754866,51.5357456655676,49.7338888844753,80.7925788353205,28.0854180207021,45.6907033024262
"E132",24.0267561042281,21.7335392321751,40.911227140377,55.515817556342,23.7291173256932,45.9825835160189,42.0569525496642,80.7167944226191,32.8661867676898,30.4352893841129,20.3428211467609,32.7199469049827,33.3514730919437,36.4509336874764,48.9144078444389,80.8819997229548,57.5837020088744,32.3353000642251,45.4948156576099,40.1291335913016,42.24821080316,48.9553681040458,15.7583194296342,42.4481263123692,34.4293811593102,50.860465234448,35.8240377008483,53.3735224508678,23.4908200683932,38.5943433292094,43.7131371820971,31.7517365236452,59.4484650754763,24.6617607488364,35.7934199014456,36.5448039211171,53.8157743110751,80.191638986818,29.7990263905499,49.193375896342
"E133",32.580789448484,26.0051361741314,23.1312399336254,33.3988768186838,27.5855069452791,40.5594855059524,27.6018583215218,33.4244369746476,37.3598049580966,16.1215351550797,25.0575883927933,25.5437807329916,24.0424513581565,21.7511820935018,26.4423843192238,48.7280009722563,22.0701579253882,33.8304299459722,24.0178142281259,32.6404760440834,36.9044014597981,21.2563311665424,22.7373603921705,31.3811279487091,19.3719521514456,37.5020968412228,25.8262368489023,37.4799691783299,26.2139690390003,24.875314408916,31.7340898561384,30.4932909612064,41.8673371107553,29.7367216588891,36.2926873211659,30.6077386242589,34.1580144633529,26.2753967064416,28.030910736189,44.3561453588393
"E134",29.8578742924511,21.608098895716,25.0474165077941,38.4774195200501,15.8936780185694,25.7310567338872,21.9043482198375,36.9192119405378,31.1434309573456,27.8024557267989,17.7341255551784,26.9853209593989,30.8951044363649,26.028472594438,43.0572127389849,35.0356256453505,40.6314078916016,38.3638405931143,21.9636905083502,39.0006198792269,38.2672818346622,46.3194450392726,27.7498054042532,21.3960935006673,17.228769742526,38.2515673839562,19.692829048488,40.849921484069,16.4570651041383,19.1183035473318,37.4432587453699,27.7228475747224,55.9323740523323,44.2580270572759,37.8422664955516,18.8106486983261,37.7500949490008,31.7056804606531,28.4978157708404,29.1679888971979
"E135",48.7072406306307,39.2330024791057,40.8143671452106,79.1694293802033,46.6905387450149,81.9996061282585,46.7290355896079,78.0666115963563,56.2444441212671,63.3225511021219,28.2054623335951,60.4089467668465,49.2809520972224,94.65506686956,103.164277302309,95.6728659705883,47.4843814127974,52.7758893252379,58.474453377102,55.7706000847284,59.3531394725776,78.6774985654775,36.2828981181462,26.1965223758177,58.9982152878503,68.571247803476,23.7904459601038,88.7254065362347,38.6211433955048,55.4496203945057,29.8082688602673,50.7594450725462,64.4087236366083,42.8686976912017,45.5016882143999,42.8270156752277,108.977058104263,127.369328425085,35.2033293632379,77.3931707995443
"E136",37.6771328941402,33.3983292255328,40.6662358064689,50.418732448752,27.6612676225936,30.0279631487286,35.5156264199745,28.9949980550416,30.1494654231026,28.0906196275826,11.580765534468,38.9077610702673,25.3016089649157,24.7882872603167,43.245312835137,50.2262380102654,27.2248698775545,28.5190163927365,29.0887303578208,36.6662595034148,23.7335467688937,43.8317103530358,20.5316910229529,27.8191050102483,37.291981993829,43.2133513633989,24.7821073318467,44.2423645771187,14.7942230239135,19.5311668256384,43.3312434830299,29.8925926453215,51.9757657270527,15.0646218173473,24.4445667465539,23.1094123242603,47.6575630237525,25.944903834202,24.4734665413272,28.1426594683422
"E137",35.2197870490724,39.7675576384756,33.1841546455197,56.1957177118158,31.1663156151791,48.1517004885746,30.9951987852527,NA,57.9548011657911,56.1814285203281,NA,59.0663181128855,33.5172509842582,51.3108199560387,81.5067757642294,74.0027761107,NA,NA,NA,51.9254288895473,64.864615113835,45.2842027983488,NA,39.7761990210578,NA,NA,40.6329284271098,NA,31.0846125162142,NA,44.1866235788625,43.4503280654704,109.900950474495,NA,46.032685947542,58.8386144972903,44.6156916149655,63.0923671348482,43.8490158075393,NA
"E138",17.1337829395695,18.4172726223454,16.3482255287955,39.8357438481512,14.7283903779265,26.5578807389954,19.3657245355282,24.7265199975465,25.8971633023068,24.2283173199945,25.0211722342097,22.4130654541373,16.1330539607924,19.6088216325859,24.2772017133523,31.9506373949248,25.4511759925886,32.7240860147244,25.2175933781239,24.4152369552096,17.6770788190909,31.1068362124132,15.8546540848869,21.1408236787905,10.6894517660783,29.0618589744251,13.8744776807544,22.5046564352894,23.9944553116045,20.8964481802749,13.2774470747076,22.836550385725,32.8591844333769,27.4558950907992,22.1500193607542,17.1333385164688,24.7980036558874,27.7847687223423,22.1120447881942,28.5575532402832
"E139",18.5577519922076,13.0190552473124,17.490397828163,31.9642641270561,15.735490346471,18.8789039163766,11.6590257633441,38.6059104368464,18.4517214819449,19.3729521148237,9.82218355263887,26.1051303934966,13.1612631538202,14.8691236593619,19.0401491671648,32.8844264644179,25.8167184862226,14.9361987211966,17.3970216566863,16.3843632444245,26.0319142497263,19.7774985135951,14.3677256244271,15.410928168009,19.5944112607404,14.0414975709505,20.7879813827284,18.90137746738,7.00243799513868,21.9834982447372,10.9999857027078,13.3126808639416,21.2046447566744,24.5346284510993,13.2425580330476,12.5005853397947,13.7564686105452,18.532545633267,13.8348834824431,22.7077439817724
"E140",36.3927189804349,36.2277789786074,40.6344915551122,47.1936513456526,22.8821814521513,51.2863915070854,34.4595661848229,34.184017106014,30.5926770563982,36.0403542479583,25.6693696529143,71.9423883700026,29.4459112021665,37.912310418211,49.4754958877581,64.3941989185191,29.8783488931003,29.8480874841947,34.1890574013224,41.6453318231109,45.0920081181519,56.3995256463142,23.9672605320739,26.08719573666,30.4788722517239,27.8206787837584,25.9534135427117,45.6191359484554,44.7388699334052,29.376916517557,62.1202255752596,37.5612061868789,62.7662873991374,35.276597460304,45.2197686674672,29.4865358382645,46.3904411902906,53.542554471814,20.8596193061972,45.4454574752861
"E141",22.111822754592,12.451910455667,23.7778732189642,33.7773343143883,14.9508986060403,28.6604491843879,25.595032130914,17.2572760042544,29.298690321781,31.1184210951419,18.1815019671165,26.443917064009,14.3770513950556,18.4328944461439,36.3644771750007,43.0358063958677,26.8936469476483,24.0135123328368,20.5559982760864,35.7949765140198,38.3611646137585,20.0719326081034,14.681128734901,25.4838802136663,14.2023885245685,18.390081854798,13.4599723920143,31.9085407397723,21.5264600305954,23.0289882955821,23.5275917938596,25.6479141807962,34.0286734436862,21.3433000404389,16.8930010451896,16.2291231766074,33.1504242521199,45.4320124991262,24.4678848272259,35.8507320295707
"E142",67.1147181645581,32.5059059040109,22.78649949289,53.8018413099371,35.2701091598414,25.5225010664948,35.578441860496,75.1668632208437,42.6341442249665,47.2871860233529,27.3574714437858,38.6540905669731,23.6256769426902,31.5442362414404,49.2756540361348,73.1783299516543,57.7400267944928,36.3012438292793,44.9170404729473,58.621408997628,53.438006901779,61.9299302210595,30.0194851287052,40.6279498149983,41.2465217836072,47.5404963894068,30.3094576234929,70.3010709357221,22.8410765906256,47.0844618256931,42.2027429716364,40.8440112911738,80.6257048604284,32.2178518403478,26.8147031023048,34.5709023681624,44.7249231128509,98.5735019464856,20.1662806704033,29.8528100873441
"E143",24.2410406920671,12.3680642619073,29.938186177431,22.0262923031073,9.3261180673761,20.8252356533918,20.415866092657,21.9003776365751,19.6011239673543,20.1943926819726,13.4420227986799,14.4439689434879,13.0472622003571,16.5723368613754,24.2260962441357,32.2803893901739,23.1586447473803,26.9546872369605,17.123120066677,21.5833520613353,24.7868768111454,20.8310421775334,10.0179010793672,25.9312448507707,13.70972187655,16.2801936393561,15.7026406339448,25.9787572005587,12.801868254599,28.2429489299437,27.5184668481425,15.0772706930089,25.7301615286906,19.9881044540891,17.2653634090242,14.6039148038035,22.1131133292056,37.5610432441019,18.1778323563684,19.4178999280371
"E144",32.5028798183846,44.3766844656341,42.5729212598799,99.1130268953644,35.7006752496633,44.2206456151781,15.8963820777876,61.9650944760518,38.5681499127307,31.0064729065441,27.9586268288747,65.2191025997262,33.6495844565539,33.3236748520386,59.5557656045909,32.2357971332999,57.6480468170358,40.7311263593657,22.1367088427305,52.5352043957661,51.963700194303,69.2141546415247,34.6992398895566,32.2435211508105,32.7867195548449,47.9270784536347,30.8658212605921,47.1836699792954,22.0349396563705,28.0607308501271,29.1183377813907,56.9720445030503,63.3583785977017,40.1469528785348,60.9905242186358,28.7049156858976,67.9726748728111,69.9640760100486,25.0819541835031,40.3026997819369
"E145",65.0275986698081,62.9345425682698,57.2161264355081,73.1940983460866,52.4550911670178,65.1357242286918,66.6963825288048,85.6885609876468,42.8924266598495,27.4563775581516,43.3833595426117,62.0469926244517,55.4312180300032,17.2129678834914,70.4178345441683,97.4870128570168,111.269675139175,88.9670984163202,61.6791386059042,108.6740827807,43.3544086057864,89.7721611454867,49.6107725408461,26.6087542352203,56.9088663217801,66.9292124277642,20.7480554858303,109.533683655992,77.5737443040753,28.437901808317,54.5712532913991,87.2102047893727,92.5593755001883,41.7755358800206,35.6930603602795,47.4325733411374,71.6196093453722,57.2999565875873,34.0111568541555,56.1431878332427
"E146",73.4424078964558,18.727008894135,41.3935709628932,71.4312419038388,23.060645579498,44.9331690876074,31.769688230235,77.5346524596514,46.5380462276175,65.0348940208935,31.5094778870055,62.2240602883937,60.1501567646858,31.6903637076806,57.1690654536622,84.3095411787919,47.2077692131414,40.7249711842777,40.8193336069906,40.0310266829747,80.952052603907,55.0298295014734,30.4248486213785,23.9305760332021,35.9554176353623,36.0939487016096,32.0487488845536,67.5824023560694,32.4134186649936,44.0957759797645,32.8875868219867,41.0854310491608,76.5559405297607,47.3213161550367,40.8195841703599,24.005089712945,58.5947891932073,81.382632096758,25.5594392734013,40.7639166584655
"E147",24.955383874635,39.565361081081,25.4139356421287,59.2465724850931,27.2648221445597,66.6290706800941,21.5753255318771,47.7801483294002,29.852204235831,40.4421552068206,27.6947367312757,36.8357585836469,34.8166594417644,28.4723045544241,63.4062334368717,45.3253931468058,37.0199108316079,46.7279675761402,34.98787878077,42.6574476810634,52.8913699314067,57.3559608690675,30.7413044983604,25.0353017404977,41.3039232260994,47.1882141952299,33.9869185350609,35.9522130803305,25.1047238253687,43.4589030243791,35.5433746643152,48.1568177443429,70.9363051411342,48.8084096191096,42.5313269385676,42.0664536262173,61.7478475950983,53.3107711507729,27.908492239762,40.614380139304
"E148",32.8266138774718,20.808907257714,43.4505296469933,25.5486163764152,34.9662352683597,30.7944212523611,33.3663864702155,30.7070416267063,45.0318515654463,36.3512472424949,22.0165810685943,30.05932086346,37.9455913051279,19.4739846258388,84.3545579374703,54.2935530163247,33.0982916079652,27.4511626164874,20.201075644152,31.9510368881693,31.6384085567855,42.4078021485247,31.954409703863,24.1183006717319,25.0109309848076,42.3291049765918,20.6836939355597,31.5638677088124,21.6594734677836,41.4359782962572,30.5780027995243,21.9250446779575,42.8285358198911,25.7959157697079,22.5931672621244,37.1725286864306,52.444882425955,82.207078915007,32.4097544940903,29.9453045805187
"E149",47.3999759862629,28.2951806367125,28.577713669236,93.1798239630131,33.0706587189588,44.5370745493221,33.3597328354134,53.1246271220614,39.9076505668203,45.0324822411133,15.5305855108625,90.9366288681362,33.6981799785898,31.9095565636293,40.7939001452292,55.4958021860021,77.7882857519506,38.7765305983565,33.5064377182735,33.8260846326854,57.1818481926087,76.3895937775991,25.7792477190564,56.861566854177,29.0452478387364,44.4451428802702,21.9102259346376,66.8642406420604,32.1602600288934,34.9301361889498,39.6902022899725,47.8360041560275,70.4715778011218,32.1210382342636,30.8276351272141,52.4989439345179,47.7527697401002,54.0270081598293,24.651121865877,39.6617849950303
"E150",23.7690782619345,31.8783698619288,34.7824637254664,48.2319954131912,36.2776306805664,28.2558253814569,28.0826430157265,45.3059330688751,50.7001859055051,34.318873059436,17.0029677063951,54.1852163931981,18.6543848247681,38.6295078613608,67.8612585195339,73.4706997076231,55.7478879074393,32.952737378978,32.6565870113776,27.2686404841361,51.3189818712718,30.7573259815958,20.8287513208802,31.0799721016875,19.8272489349499,40.4176758671826,15.8630542830093,41.1857859264113,25.8029349499811,33.2575109589546,55.931317757829,38.6104815684538,66.958351005155,41.4504355352272,36.2136177231607,25.3462175501361,36.7418000859882,45.3845004476754,25.4144628781695,20.5352778042876
"E151",21.5757229325039,22.3989551589072,20.8098271362619,59.5462447052736,19.3869698964587,28.9649145985032,29.8924555687582,39.3388863930795,26.4912020942569,28.2852244844298,21.2261649804166,28.0863042964538,21.559879878056,29.0126650583068,37.2369140975443,29.4376125983961,27.1836412677557,22.781365722464,20.6580584940703,20.0548883938373,28.3018111579528,32.5179206690933,20.0172567142883,20.9109585833867,15.2240310728753,38.5338610073672,17.2018091431318,36.05944819701,17.4794895531245,20.0478653203225,18.7565856840113,27.8876399769815,57.0552334569918,22.3303497902289,30.7413607122048,34.1453524207185,55.6480201707603,51.9417649680009,17.2073106740778,24.7631045761691
"E152",4.40295744827017,22.7535431253036,24.4473438132165,5.84201439772733,21.4568898533901,24.6631338714304,19.2822763265055,38.4297979527378,31.2973556031866,4.68748312233947,12.2776619078684,18.4600746401822,22.7421114654065,28.8122246414506,33.7361117847305,38.8545159519968,40.7877783476871,25.521005553575,26.9198404434143,33.5450845541741,44.4367541206112,43.316125172768,4.60002693254501,17.1656506137449,23.0148880174014,19.3655521756065,14.2011725176869,2.26230792608112,34.4366661533293,3.2441517165862,22.2065625754584,27.6437088689245,36.9485283230396,1.73417557752691,2.61040236591361,33.0843258342767,34.3698334961901,29.3853857567935,3.2853899456095,3.54795474931598
"E153",20.7305034585116,14.462499115651,2.87671977211721,35.6252003549743,32.6544516793151,19.7237620772403,22.1648619461752,29.9161226447263,51.1866863638734,5.27374430233613,19.1906615703842,29.7485451031394,20.1661206600983,3.99037671531551,45.9101428905317,4.60013819416054,33.9839958139618,5.4298458751291,51.2008624291649,2.20821201009676,33.6739058641155,47.9391623286951,18.0273457308513,16.8196682947355,2.15267164073884,33.5736085257313,21.1418157301437,1.88939097709954,20.5006528525101,1.54747221176513,33.9224823924607,25.840524450622,42.7754511711851,24.211598759529,22.6219689908136,19.850574085696,4.32453748793341,43.3998583720031,21.4089321345687,27.0939797294962
"E154",34.8197679858066,31.5488105020454,66.5356137434556,49.009125871528,39.6163660085438,65.0350538373308,37.616355240252,81.9037278626588,56.7543268735023,49.3010109731362,30.6869691481571,50.2048635923706,45.6615685874272,38.0749037211036,55.7406701328441,67.5054570535491,96.5859794522912,42.1981827678942,57.6978247470181,32.687064744284,62.3653248786905,61.9108781534776,33.8835684177511,16.0325492479594,26.2826611029258,37.5874503844458,32.9143883851867,45.5237763415691,29.2404102707016,44.0451488671896,32.1686924607772,31.3245363342729,68.6787653142586,39.0306108018292,36.8276109666105,57.4174147560323,31.7879221037561,48.6217394995647,36.7673947034231,53.5990379869865
"E155",31.8224771901509,24.0477520081067,29.129112837754,41.0686018086976,26.4560242003526,30.8275274399282,46.8672846950635,25.5299575610149,43.0805050032872,35.5939526701707,19.3574951306291,24.1976179263725,12.756894362402,20.1877546113962,40.6940298417227,38.5368245708499,43.8568598690361,35.1051859090416,25.2740897801969,25.0450463694448,24.0611433022045,31.5077547281968,21.5674400347115,15.5444154117687,25.4243134023525,26.1072708745103,24.727754141356,45.7188899146639,13.9377053637191,38.9557913687475,28.0409510841478,27.6391742600384,40.7152328568636,18.0820626490855,21.4523514446178,22.4798656312249,27.7907008823667,38.9782930361436,15.7324175756946,27.5027068883429
"E156",21.0686575684555,15.6389129676896,20.7411195864619,17.7859611770712,11.483768491684,12.5991636597945,17.1108103995523,24.410159503192,15.5772965216058,18.5797365513219,9.33754849006493,28.7921974054297,16.8916198595324,14.1958273436902,19.0769434790583,27.1290910199524,15.5108725473708,20.3576303734439,18.6387819682506,15.5371214647143,19.6232767149055,18.7905436415577,11.3680239716329,16.3568909840962,13.8136085329112,15.7816233305491,8.41261390647032,22.9766854756857,16.0397684753306,11.5173980227349,12.1029201502598,18.9056262220802,34.7984497872474,19.0260758841209,26.3401470388618,12.762578422429,21.9025960521658,50.3983692205966,14.3246336223647,24.5168356750425
"E157",29.1354784280493,21.58109476538,29.3583695776534,60.6274674401063,25.3467884899613,38.9834471918216,39.5458718920822,49.1659963284251,24.2027710498588,37.4699392517788,31.0793366744421,51.936998155189,32.2882511271256,40.9942308723437,67.4869113302375,65.331745143445,39.8408631616328,55.2395595590234,26.6622591402416,45.0707497598297,41.6105189607718,38.6398919305483,26.3920887456813,26.0671597134578,37.6210239124465,39.6910527891077,27.4467896158191,34.5300290124217,40.611531221076,57.2573259355049,56.577107498358,57.0133622649251,67.9833031606527,44.4197522239734,32.8051276376738,35.3621183615745,38.4570192367705,78.8195380162723,35.0837016093482,68.4015798361545
"E158",13.4439191333333,11.0173792506561,12.8643287423428,12.4090390093491,8.1940534660235,10.8626683874927,6.40564226920885,16.0853684270032,17.7001563320711,16.221896862974,9.01365782067392,12.1928708640683,12.5913745083246,16.460767907575,16.6060890548374,43.6871434284727,26.8846642359375,13.3684872159147,10.8398025649181,20.3743213064962,16.6791594932373,21.7979095783597,10.655634395619,9.13681922998755,7.8711880786143,17.2263157856445,10.3615090722394,18.9443951537414,13.2062529390423,10.6759221602628,15.4382047050958,13.9228113797631,24.7736346472851,24.3807974198212,13.2014448435196,9.28297817793967,15.5098466563989,24.2371957150407,8.65357272678622,13.0763773355263
"E159",20.2112839814863,16.3057450111195,21.4177706348177,35.5524410397548,13.6555082991496,19.5133960475321,14.9868734369625,28.556625687894,25.6887965562849,17.2072288736698,19.0411049069436,27.2119176110559,15.3765697460178,22.1262332860439,43.6706065199298,35.2588265904176,34.4391227768305,23.9371735222077,23.7876305186322,20.1933187834782,24.686200419923,29.6393262195213,17.9690071324361,19.6617867802349,16.6949674197882,32.3242896887414,17.7930738773779,35.6900927545664,10.2268707413918,20.0206572543199,26.872470778325,22.3706827780167,26.1919186495584,24.1416758709178,23.5514959937227,23.0081317293734,20.7350645041772,45.2279830318701,22.5709422182573,24.5277525097854
"E160",46.0171557101648,41.5727525032809,61.3731124202746,65.274278414108,44.8033385461762,50.4042454840441,47.9421637762868,69.6270930673782,48.9005414401102,36.6015564656515,30.3263106937284,65.4133998975066,44.5899172569765,52.4877539117962,70.4893458746165,70.6082032637852,63.8708076050767,29.4132246294472,46.8257096538472,64.1389465353212,78.9669119403791,56.8831201812502,28.0541176657055,43.9615900276531,35.0391446145629,68.5971482779337,44.9685671807446,60.6357403501218,26.0523690144493,62.2446841662635,36.5804522318622,85.698443054878,68.5512924233886,37.51096585807,47.0295976823839,30.8916210282679,59.4186847690248,77.3358424109603,52.2961708254647,54.8190146546268
"E161",50.0683339970836,42.9225521410832,47.8980943172021,35.5302538502469,37.6676707058027,56.3796391750261,34.7129006411701,61.2984346508519,48.9908523411055,48.6644289675227,27.4997298409298,50.7738409642462,26.2163885859437,49.6546405640792,103.21946345059,30.0237136330568,64.7980182984199,85.0901809588637,32.2554557395854,55.8150753438831,45.9333739977065,114.168013896656,26.7366306855114,38.3683021057055,45.8486410330513,46.432705700926,22.6356978079356,47.4977094567512,36.9457675173393,40.8369198875268,32.0935150495333,69.937067131401,87.2371812028018,21.1552061234568,37.0598217424721,22.6239942756097,66.4126832459957,45.5098689203108,45.2149390434968,49.7442209500132
"E162",48.6724949706884,29.0343732024403,27.3486226186245,45.2739616429357,27.7919799840821,46.2615710729128,31.2143423311582,36.5424546597032,45.7025212099414,35.7871973953198,27.9974870827815,30.6084325836508,15.0032579546387,40.906354746655,55.9657280096739,34.4693176903025,52.186576193001,26.8636355208122,30.1987809290228,36.6252978839121,53.0174169857638,27.2449191860278,28.9919364803198,21.9937719725089,24.5122134646617,37.7285700266388,21.2990150589485,39.4811106886934,19.8771909786505,38.3388487486961,36.1822032233858,34.0934732853698,57.4622371230999,22.4032507914495,26.0454538499047,34.8126906468017,35.0335761675738,77.1772414880102,20.0709498423647,37.7700152464131
"E163",49.7340170068632,25.1032023214115,35.1061607486506,40.1594952012892,16.6033673202777,31.9556390948249,29.960323769797,28.2704491404664,37.4923483405602,33.3741234148656,19.9791892774897,28.5951344506822,24.5275655866595,28.1648561786861,40.3156359328111,65.5223766949006,28.5791938426466,20.9307282300983,21.3438431948696,32.9996951267871,34.0995182334711,40.2968040651517,19.8277581618195,27.3905912969485,35.7482165262327,44.0643568296717,18.326702900657,26.0701760587011,19.3120441359784,24.9367202874385,24.2976831286094,26.9796928859148,33.7553959652771,27.685723940181,25.1041806818289,40.1202422497659,35.6234179264618,47.7312561834576,23.9943691571849,22.7474039666397
"E164",43.9527371932249,58.247179661376,49.1871148359179,72.0656300331335,40.4692656734555,36.7617947477956,59.0056842157839,50.4801191972231,79.1324368061316,53.2236144284571,31.1509906757811,38.0036462403869,37.3395703264905,51.9506535768495,55.1705229561322,55.2314577503194,66.1533290136628,45.4195917445154,31.8910973679981,60.646377087363,58.0074738135341,50.5293474641381,35.2319045075426,33.7135140077274,54.2704270172537,82.5014154037573,32.9229926699474,43.5146206861706,29.8862257376258,51.1697244566775,27.0927497359739,41.5328811472723,84.6835826841473,46.2019815316881,47.8543692238755,29.2403151412413,53.0856235025195,86.4895303069153,33.0230956639491,39.6116889186976
"E165",48.7832116888229,37.4487504460309,45.3079034118514,44.2279927814876,24.0126225285051,55.305890387053,26.0404516643972,51.3844357873881,55.3020507482187,39.2009614072125,21.5521214013986,46.1499381638738,37.1493462568049,35.6833238880387,55.4558783904968,38.5696961001884,67.4978630487297,32.912286128598,34.8650850195944,42.505252024982,56.7652801555098,39.4331154432927,29.0138246338261,29.5216530245709,39.2006121890981,58.6715689887165,32.5120943421408,32.1890588831035,21.4008301417818,38.4465674842108,56.7536124105994,45.8647138581373,59.6070849335162,31.6195600814417,41.6357047613093,44.248315823802,48.9536224931553,66.5493475821682,21.1571674254975,45.0582105308015
"E166",25.9959074793583,24.7234926190103,18.2920895192052,41.7705420883672,18.1750702366626,30.0547080148373,17.480677525402,37.5407882070349,24.0589157143843,29.8085046474639,18.194316407006,31.7931536655167,30.9851023749038,21.1642179913688,45.9187387571855,41.5531108776926,40.7578103417395,22.0156250262196,28.6677846094187,33.1059342620224,39.3407729431217,30.6006561071499,18.3724829176099,21.2890293833082,24.7378860235156,24.7432640065683,21.9042293216221,23.9491879214943,21.9825288659618,25.8852792587866,27.5524514283654,19.6120887718392,46.9272516913856,22.3349605867735,29.6946631835503,19.3361725826961,25.2876282682923,33.1448322987459,15.2159040843176,26.3317722058823
"E167",32.5123035092428,15.1812951830741,25.4200719923962,25.8620949774629,22.5483085383809,25.4015955556405,17.5995740038934,38.7768352371098,41.6760623084164,27.1040551818051,16.8443032523355,38.2663429881369,15.9021995814652,24.401218659968,46.9358516789908,42.5688807301648,33.0501790618596,23.0148508263235,18.842201370691,51.4263162926895,23.9648375178597,20.862348186524,20.1085658874157,30.9888600892294,14.6871582663101,31.86521644952,22.0191516220701,32.6846598993576,15.6712611696567,26.2953379843131,17.1945893370821,25.3724301925372,28.2913732516249,31.6052016532272,20.153549632898,20.7947886910817,59.6869451830483,48.0600333423726,28.2170030518921,19.9073374671684
"E168",43.1753456227769,25.1812668036456,36.2349714067429,147.574450485879,24.3766134882837,41.7159183590932,27.8293855164448,47.2341565442861,39.7119924217534,56.2161401478718,15.2841524115729,39.0518268012845,33.7304922976677,42.2424002264706,38.2539972161355,63.6242011574759,61.5923035422079,34.0714506623828,28.0338095431175,52.3386755623949,46.0328644262004,46.4760223567958,34.1123980091146,34.6536334219599,34.0077569829083,53.491523327107,40.3181087804677,61.9248803662155,19.5749270715059,29.3790710649748,44.3010494791152,60.5407002905368,86.7519028344547,43.8711015017073,26.1520434656018,51.8255828014344,49.1918284766402,42.1864354437402,41.7951564016486,59.712634682042
"E169",38.9654889419904,24.0144512293835,24.0686064382545,43.1634268668018,22.7238867916466,32.5380346783829,44.4866281423197,41.5060134305072,38.7665667056204,42.0481569378184,23.3787895464513,56.4620961635813,28.6932962454752,30.9176156646638,43.4585912960797,51.7906919251286,65.6363218335206,31.1727985738102,53.5330505003268,41.11745803698,28.2512180175387,38.4308774575837,28.5646278852422,27.5595116564095,30.682093514844,37.3544513734539,21.9591401699171,42.4675495779357,22.2016354284478,55.2802289922808,32.2724879320466,35.9166502968892,51.1798749770608,41.8717768189112,39.9746156577818,39.2695464126495,70.5202192691922,66.3848702047402,35.8736851686145,38.4731537583886
"E170",38.3897922846777,19.4403888145996,52.5193122036362,84.4784636595829,31.8158409947475,39.6786797354943,51.7301038829644,57.4264202712475,40.7239083858167,50.7414594699233,27.9190559988379,43.3264917853434,24.2260026052224,33.2418547778641,49.4543106340573,61.1726694760939,56.5553400555596,40.8007771772927,54.2379705179473,50.1507091705192,45.7726900929245,55.1927561486181,22.2208658948811,25.4932534500314,28.92049126909,43.0836017814062,35.7277345931055,67.0535288031992,20.8987956298419,51.1263743149605,41.8904446966351,48.9029624651231,63.5780128288397,37.947611994502,30.3658318586744,42.0915402871643,52.1187466950814,84.146230977485,39.4554790597502,60.0309242767406
"E171",61.2088814479191,78.3947978091994,46.2583215420858,89.3473054907449,80.2335261040496,88.0657079608833,82.2335200940456,98.2224121687147,66.302069942361,90.136203813612,69.436534529535,98.4271850574159,68.6439089178486,75.2607462535251,133.769290901921,148.343300775498,94.0495036824561,104.246391077463,75.1078555642786,72.0668128254837,70.7246527995656,104.678732609991,54.4735510819761,51.2879573582698,56.146453234139,110.750929916951,45.1703302233812,94.0275084264637,61.4703176070771,138.018424221383,90.8395797109386,82.9748228168368,157.185254124944,113.034389604028,100.542719315031,70.4890332008214,131.117374878803,99.9748338351499,92.089837135083,130.772541052608
"E172",32.2134225025337,34.5862040736732,24.0940177811133,40.4346575234619,30.0218186723222,31.7186183440498,38.2762732090175,67.2616594397319,43.0797304164594,27.2347356731404,19.9859065821573,33.0894661481785,39.8208036314631,23.1430982155772,78.6185134316667,90.3038876307107,44.6542515661224,27.8470969054914,28.7043950782165,33.9457457451324,66.9716222694444,82.8642644638557,22.5943972539285,27.1422094142416,30.6789178550867,52.573414547883,24.5722735831095,55.3872621253622,24.4785677612964,40.4712125540378,41.4312794057736,20.2412156629597,41.4013777471853,44.3620718594072,41.5613617396912,54.3093227306979,29.8283667692372,68.537588458147,26.6615744446222,31.6310855910378
"E173",35.9760621717258,35.4215763420687,42.0044377380789,57.0575369633114,35.834560585836,39.4415713883274,38.6181757828979,82.6702567136973,43.5963365513456,68.8824042651592,18.6327439490487,37.6766156014003,27.1583902663598,32.0620700760795,62.5871736909682,52.2544544390844,55.8528398554282,43.8565959737475,37.2457025980768,48.5939594111976,54.1376281800336,63.314971125693,23.8942893110374,18.4040319000325,33.9291865456498,55.7715431072655,31.0932129216449,44.9278231326357,17.5336118095009,53.5956800366785,48.4339172073284,40.7188359220894,60.7375939782703,58.1497796075234,29.9536374241951,48.7473063920438,58.942081383365,71.2722051889219,26.2376460206871,35.6480565092553
"E174",52.9230402050397,22.87914563676,27.0642185975591,47.0696149778775,29.283452808912,19.4455537929295,27.1987210975351,32.8406941864578,16.6162075672263,9.57413013273578,19.7171229041212,35.9959360983887,24.0335644644838,16.5626526729183,48.3603855099843,77.757019876561,46.6560365116441,32.3315017247079,25.7193925437845,29.0477454305107,29.0596796549613,40.0400490592799,14.8408338122008,9.56824399645365,26.832789595073,26.8439213971118,11.5643610845804,23.3241795529901,24.5609443046283,17.6834101692525,33.3450401956399,34.1366565917519,43.244542039139,25.18465513425,15.3679845876951,23.3998765886268,43.7239053867154,42.0863069012402,13.1718191153708,24.7083111309019
"E175",54.2413033564587,44.0090059437114,41.1600026918943,50.456844444076,31.0445984379413,68.2032544877396,71.4407045083226,40.3007987000097,45.7843696402301,37.4629218068512,27.3387114804697,55.6227645822473,24.8268545917751,41.3137020148683,63.3891497662268,98.714079257126,60.0317265467807,46.4173375987728,37.4331885296947,73.5739406620153,61.6787923750045,53.224736777603,30.6309506426116,23.3575959587859,27.3258306483198,43.1225519612425,47.4351487617683,48.0489629946852,22.1025960295617,72.7535363952513,26.1315750737183,42.8485850145318,67.4527578004269,41.7225432562998,35.0059936925901,39.9807570197207,35.7090571050826,60.9222370352128,31.4158558548967,49.7559558855062
"E176",36.4447255649796,28.1977051917985,26.3789338101628,25.7679099805932,12.3546073002429,29.0046311973116,20.4576745311404,37.3436317295799,24.2834138634384,19.0203408685843,20.6061090422418,21.9000418201047,21.5536677111903,18.2465512076375,31.9433541570068,26.1649124168614,23.3441468173737,26.80471972802,17.6865769775051,48.1905993278122,38.1286176687056,27.8152167943589,13.2041734407955,22.3917673916367,19.7868644402054,20.8131128962558,23.9324942147761,28.4570878681969,20.0393124245968,30.4026324768677,25.8149363007333,30.0603237670691,35.7420146726414,30.7366091065715,31.5178027077572,39.8413180870505,21.0686652836421,43.9820291454598,23.2145522986014,34.4708611992543
"E177",42.0733562627808,35.1067106505968,30.5341286962431,39.5253146082104,28.3656305841676,35.0352390158518,31.187673685588,39.4608007283579,32.1069242553007,22.5247222217132,22.486497085434,27.6147329737897,27.27470004294,44.4066030636578,43.0407854204381,52.3362788772832,60.5915618798547,36.5049079978622,23.7475990160316,43.2151192818386,34.3970103125422,36.7783802828954,31.3083167650189,23.670986525757,31.164245815614,39.3242499034483,30.8301983606856,27.3039222221699,24.6538960178911,44.1930661050355,26.8119033400993,29.4056128530908,70.2107582180221,44.2746015477172,43.0837008052602,27.1769819896037,24.2478733714002,37.4418015954798,17.3129267041358,34.9468256092262
"E178",14.6340331202843,16.2063019500637,11.4277882912089,22.6038794729061,11.0854914796999,20.7935418639499,16.9720524286537,15.4885451031783,21.6669321334683,17.1883981898388,6.80520526755475,17.0708773804098,6.87657095072986,15.1517577741939,28.9752658077085,23.598878173973,22.5134245199506,13.512173416849,16.756277341112,14.6973297782016,21.6673518356096,23.4706397676301,12.6194189202356,12.5648319852588,14.4359686634582,23.3994427989981,10.2266707757154,15.312764314726,13.6917900365049,10.0610226743803,10.7916819530636,23.3657264470959,23.347154502647,16.6345362760529,14.9084204486804,21.340737182521,18.5159842460089,22.1940797780144,9.36700433065733,12.4165321850303
"E179",57.0792143308254,43.9469470032697,39.9098603739763,44.3648599213971,22.0537787109253,46.7842117001147,46.9280157449908,51.6458467211503,41.4236695516928,42.5261278032394,25.149346884019,53.6460304674241,39.1523638858724,43.2775439342521,61.5767263231849,60.7202692983266,71.090609918152,48.5184042120894,39.957579849888,62.3566033579496,46.3261046271594,40.9803436571822,45.733643062282,60.4461078715099,38.2893069058345,73.3070670444874,39.034959975078,50.5066565949112,27.34135389576,75.3393730475026,36.8492760319936,45.6561130725378,73.9756133792645,45.6421614402458,39.825708753529,66.2313257198922,40.5970193893629,71.199261473121,28.9545122266994,30.1061613658843
"E180",27.7109787578699,18.5195754546275,16.684979578341,43.3091481701202,20.7650078625954,21.924070154767,19.8932749631424,38.1869306497888,29.8222857735244,43.9693609827424,14.6466485161741,28.734373469181,17.7822995755172,20.1724467672725,52.9688208636405,46.0969192842316,31.7970582952576,24.4439364772207,27.0285276229465,32.6649317171862,34.9176034183927,26.2456697054277,22.2598186933422,15.2222283828849,25.0476202045788,24.6760321985566,18.0465422119498,35.9414288629383,18.3981923755688,26.7614770041254,28.9276325594546,26.4673058112491,36.2783013838809,22.2030813512521,19.0653907277487,27.0236174325535,38.0935149140264,40.6527602435561,12.9729336494919,38.6940239024911
"E181",20.4904579852288,8.95519797888778,7.85499392526376,16.3727850497466,10.5510557414491,12.546767114811,14.3823754996578,10.7701094044256,16.3918656645257,11.9763581162883,7.8498605151324,15.0178224807442,7.83166486545473,6.42430950488829,16.5343484873631,16.1525273483932,16.2452487815232,10.8135366508265,14.952143166831,14.1989146773519,21.439186852898,19.3346585958846,7.70951017349801,11.2458688661394,10.2245324440114,18.9926832500291,8.83129233605703,22.2095713826827,10.0648867519554,11.8407767235128,14.0045736587436,14.5983223573149,18.9745384159169,12.4574440371891,12.2260382803389,14.8145407779367,28.5468711022106,20.1063339784606,10.1396975623216,15.5203640964578
"E182",31.1009848189185,33.132425956168,27.7859820667171,34.3878250570079,20.0456621257368,44.6777845946741,32.7268222765567,42.332704928296,31.0723936501573,30.2178646846095,33.0240085164676,27.7896270461101,16.4637561863554,33.7619054702294,58.961554794172,62.5413021236579,56.5318466869003,39.5972466964698,45.2833981739483,30.34321941675,72.7173382010518,62.1698624280891,16.0007303652109,27.9650321973648,25.5987674531956,53.3438458667254,15.0917532659431,47.988170340538,25.3995939728871,59.0869343545347,46.7155030341329,43.6166301201194,48.8533959962652,29.8399389365612,29.7725122385161,33.9269807896706,66.4182130303259,48.3534083536949,38.8687214240175,22.9794279398523
"E183",30.5766362245584,NA,38.3823440423813,49.6147210088633,25.7214563242296,24.9075036247324,24.073426007372,44.0142519799227,NA,40.3250878240676,14.6910372931919,NA,NA,47.4487915301248,95.1098294555875,44.8886433138633,NA,27.8971645132037,38.0157295323355,NA,23.931691447888,NA,NA,40.5630528676375,23.735350537095,42.852265360286,NA,64.1172310467629,NA,34.4099851918638,47.8374831522964,NA,68.5038732268779,31.4441065618985,48.3243966385259,27.2948908120016,NA,39.4011893505484,32.9714722460154,27.1710202190408
"E184",30.7422349597911,34.3020469467989,36.2639576531302,45.8912971392959,14.1935677316959,45.5949974701492,21.5143011480848,36.974938681874,66.5690215606938,26.1607542805299,29.8448688703668,57.8462430456354,25.2465313156878,22.9371167002619,47.5429177628879,36.7588157674356,50.9993284037683,31.2334104356625,31.3576298584222,35.7478183556433,66.1339665844666,72.1187225088858,31.5343217793262,46.7147748967157,28.3118050427479,39.2269773938967,25.3295124486612,36.2714024396954,40.3029226992192,58.4405516221974,36.8346531019993,37.6390346689055,77.8407086550784,58.7430584280769,43.118722292413,33.5019981586567,46.1603756138076,65.5696774606537,36.1231520342223,32.2820693599086
"E185",28.0853846878741,23.3158468429103,31.1392780236322,35.4590002991625,23.7165991662189,29.0278259075409,17.3784942731939,28.6921644758479,27.7374356601561,37.3376070664561,13.1375329239311,50.6218534689801,25.1565640729771,27.6961507301627,40.3815991486759,52.7769839209431,59.5108570177716,26.5665537773738,26.2504068925552,19.0654426445299,61.1682935195937,48.2360573143857,22.8945077476707,35.8602751513159,20.3957359054331,28.2701009378942,25.7302496921802,39.8444659316676,18.383040515904,27.6029255741788,22.5975596564322,16.8315489185414,44.8555842074436,25.8863280839743,29.4799661414849,23.0980990873862,44.2745290059229,29.0946649556464,14.515496794184,28.5903031713029
"E186",21.9180625431549,18.3406363542956,22.9858465115134,32.5632844169873,21.8465310739848,28.5986135772462,27.4071016732946,26.7883974207928,17.1677538943823,29.0787575474905,13.3898716159705,27.0339003452007,14.6355652044262,43.71213977634,30.8967557369743,33.6775804505972,23.879486822952,18.5796592675824,16.6742432417164,23.9490465330253,32.3259505424667,42.9664796614278,23.2230429632731,17.7199437766882,18.0535305936247,34.2309711515968,16.2502419768515,30.0862645142566,17.1295000390956,44.2829996266711,22.1632540527287,33.7118359414726,38.3197325475588,26.2522569437579,17.6670677799605,17.7217984071344,30.0798649652315,36.5942125472305,19.4055127156939,20.4805835018579
"E187",52.8814417602754,49.8483209606501,34.2597830840168,80.2802054592362,38.66638780706,62.8449906059449,41.4816778707671,57.5633814717035,62.2878203066837,31.4802372555056,35.7850157196132,45.8348087598018,25.7538621242591,39.2630709303222,69.1596035547861,75.5004419382687,57.3002451023891,73.3827996249698,32.8352825686496,62.8579225676962,69.4606075345372,45.1126686447035,45.6800370655331,42.8279327400218,43.877831129737,55.1835251781094,48.8763941379341,74.4093499797165,41.9270396240893,65.4447411079537,43.0251811468367,67.7481935825075,79.0242144807314,57.2822853392148,52.8443676148385,45.886015900919,63.3145863153444,79.4934350021963,45.8634538508484,47.6278982005905
"E188",34.9754800442627,37.2736616414167,21.8574668612755,35.3861864206958,18.7213987078354,44.0297205892728,18.9938842066248,43.2775691288583,32.4405898737848,23.3940088093731,15.1738620724129,65.3246258960236,15.7294931252089,38.5483892358011,33.0159406526761,71.6065834771695,31.2591471546855,17.194954212877,26.966176235024,35.020824626009,28.5473209088908,38.0103051566678,27.6164912403957,36.7692400181014,35.649382128101,26.1059256352751,25.0838288199065,19.159548776848,17.0352991550374,34.7556095222267,49.8329797772944,24.2645618215839,62.4833127760364,33.0329694820619,32.2351390735856,30.9977706310273,31.544915072057,37.7199747962623,19.8441008998867,25.0766579780883
"E189",47.3659829855542,62.8099639880801,45.9274821445847,89.2883239043765,48.4616768777975,65.0797975347554,40.7652755065951,85.5196992887601,59.4357526868698,37.7846173642944,30.5466318786502,63.6147725535329,44.8958436813532,41.2718318482528,82.4894876751337,73.1237555910775,55.4808295134655,34.2148479205404,39.005683640993,50.8801997323445,39.9019397331668,75.0308328448003,43.0221409638448,44.5754847244967,40.733566284576,59.2048784622453,26.0140539691724,48.2936465051993,29.5790219266422,86.0436101757329,53.5309995403625,58.337308443312,75.6857487071283,47.5347648857182,59.0582212984239,52.0467858774589,69.0696457470856,83.5552890997584,45.6433380041762,54.6738057702854
"E190",NA,NA,20.7798682690582,24.794336592822,19.4588614582987,39.7399215741872,14.5216019652014,45.0399427220509,33.6101830986222,NA,19.0726123406125,28.5515366920205,NA,19.6441953379522,NA,52.0354670860082,NA,NA,14.1861518020131,39.4543479866168,42.5204821895345,31.7402512376695,NA,15.2726387787264,26.9698733766087,NA,20.0271796960786,45.116235580143,12.5758137337427,27.8417399393306,16.311968351871,NA,39.6029109348349,41.1712129803737,29.3129645972399,20.2760564575651,24.6941898626443,53.8912565538522,NA,NA
"E191",15.4440238128705,23.2529404400414,13.2278781967189,12.890413207735,14.3070318869204,17.4635188959785,12.8327793708515,14.8703299607545,21.0227910005035,17.1699298079668,9.30844775756924,20.8158348503064,9.11318557321645,14.4986732716948,29.4267070410423,20.6588281330716,13.6911014590413,25.6348415783081,17.2849544108819,32.0383370019879,27.3488710781123,18.9890182669861,15.2475960232294,16.0465616674256,20.2594509903505,21.2334480942106,10.8772689014461,21.7545543618437,10.6816021555138,21.1725496375619,15.9473975301812,12.2497637577561,22.0794180905664,24.1990201566032,17.9981672080623,13.9850804904801,32.1837677037419,23.9069460408752,14.8439681968987,18.1659098553257
"E192",48.1515506081106,22.0013770882466,51.524738117938,51.4919009033761,27.6026569960701,39.1734886362969,51.9855734391154,62.3717363133585,50.3512023514742,39.8015110767879,22.2887662779758,46.6569318793274,30.4682988233903,60.458316014738,49.1721278776936,68.1349535932567,45.8146981177897,32.0626327717787,39.1824355720189,34.936062422783,54.5948441636584,42.4334158096087,23.0476166732957,23.3203928363185,43.9110141357053,63.620242421168,23.6755509681267,47.9469679790203,26.3587724686079,36.1311704172605,54.7052169102347,27.8443733946271,83.2038502410653,47.0452965243216,30.989624858927,23.057171573805,41.316725005727,58.3360222628772,26.8610326875881,59.2512485042679
"E193",41.0101703193989,45.7014553988761,49.7629944698791,44.1194203196562,31.7727247291453,39.8402605661247,48.8188840382891,46.9305541330771,38.7620361754247,48.1970671646505,28.7141674986578,69.4613041764672,38.3801648307004,45.9611997458818,80.5944262442236,96.8392077014974,50.1520625768465,78.1762038079503,28.096240516756,63.7328884751359,52.6411683975485,33.049209195678,56.3861097652438,39.3546420896688,27.5190929369752,64.2397137307246,39.7588608870087,79.908893481959,36.2002221333314,50.0658499612231,45.5325713042973,36.4017075716253,45.9416337750808,82.6184245706717,44.2300458389972,41.6543156332232,57.5322314304371,49.8544953518743,33.5506303591387,56.9523573114884
"E194",61.9306530993155,50.3308091127193,47.7939964604645,78.6743262834078,61.6203355736341,39.2600109088308,46.5241285964174,66.7966485546079,76.3995734654089,56.9495650158285,40.8207693847484,60.3081227159777,45.953259494673,47.9343847735817,137.266787698733,81.1130244131342,111.404573793867,54.8955877459408,63.3893804126223,50.1521857162247,64.5036017796443,54.5263049276373,39.8762447241848,53.5255931284737,40.8650335699383,73.3798075103127,45.8310342691686,75.0211844593456,45.5955049547982,56.903604236127,64.8413711509376,80.4048691533028,111.661124816039,31.316977883883,42.035065725887,62.5779442992103,82.2137300610818,45.1332564854282,56.4134741182469,84.4422967202313
"E195",29.3844727192712,15.7579835990893,35.0453919197182,32.0801796074197,12.712236213647,19.6278422500748,26.0547870717439,51.3840922358636,34.2605848777752,18.4586624253073,21.6947741707573,22.7103797056443,22.6611699666096,16.0463569736337,36.8517606508554,53.5183681379796,36.5568941746848,37.3027774506302,23.8852018413044,21.2708257127164,28.657764585571,28.4937145808868,14.0496389185511,22.0821299338808,29.3497350149646,17.2613738163483,19.3132001207902,25.444380820351,14.8454107853768,34.1666227210775,21.056627806807,23.167028161877,37.0634368867956,26.8540237232821,14.2680200758804,27.4204486427922,25.0443277214614,34.2003666282135,21.9219412686594,27.5384036506973
"E196",49.3900993386727,33.2804077340782,46.8031790859514,40.5349003254277,20.3445127733504,37.6973533691899,28.6205447708991,26.6902147984511,54.8869981965514,38.1356751495521,27.4855736006581,52.6198901208762,23.0588143624627,35.5762356003327,40.5410780533293,124.550866577852,69.3097812541252,41.992265166919,54.4699890388256,39.6828893775268,58.2762125289892,76.9062433170143,36.0770703363004,42.3763467044111,30.4328295974091,45.0091070068272,24.7160266677889,71.3782148560262,43.8683081242227,47.6760827229714,50.2774600000124,44.1982410095772,79.6724145782401,34.8925527990748,62.7649391234403,35.5684559269895,32.9952031663901,98.4026382404299,30.7495943677838,40.116512455934
"E197",20.7598659469153,23.6556419972586,22.4763484331716,20.9942772809471,20.5357248485364,32.8657037045577,17.1438497342179,25.1158503215654,18.8826661915386,28.1105751135636,16.2269048974339,35.9765394982117,16.9145674687908,17.8481531722095,50.9919334591437,52.7210563393338,28.8932837492173,17.9936309119195,16.6258387890453,13.3619786917445,23.3206400726998,23.2319547731111,14.3143542237284,13.238830744183,21.2520983820556,19.477809302582,12.5888912253621,29.4959548081844,15.0369539574699,22.201496185932,17.8091147941632,18.2367833640729,50.6045059143695,33.7461777017064,24.2810442789994,28.7592595654646,24.7647210459328,23.6922963644964,24.4563424854138,27.3101265890751
"E198",30.6009332801808,23.5324377206226,9.66484199965562,30.4357032445106,27.448953197888,31.3659773864833,10.4181936577089,17.9170888928443,19.3585167256455,11.139458680638,18.8093180469112,17.6717652870602,10.8781520522087,40.6135102807994,41.9242250114111,32.0202036762576,37.8247297994208,11.5149510741746,13.1316435579235,17.1763496107402,12.5580322185452,12.5315654528817,10.8247010010975,17.3411800267687,41.7803610330565,62.5323606429571,25.5328337805914,43.8755373204032,20.2167177261111,27.1851660076623,14.746362027739,17.8474542584523,25.7371713729724,17.1285427216371,17.5378450042758,8.59019734430632,42.9771610808363,39.6911531981012,12.5348426818663,37.566327013219
"E199",13.5093122597841,10.1509952886082,14.5993353243619,14.3602169095918,5.98183434336865,23.8278035520765,12.7954707490704,25.082967166638,18.9339521274686,21.3593066904571,12.279103028778,18.0537780430742,22.8488939917703,9.60281017874606,26.0400987875727,35.4880162249492,28.0179500009879,16.2993043418639,17.4645038010432,14.087179305937,19.4004232605452,24.8036305320013,15.6175313277936,15.4264874562722,10.9717485666748,18.1951097019943,10.1199065151356,23.5850762150388,10.3741008092922,17.3629516806176,13.1759425280172,23.9741323017588,27.6395147534739,12.2862782060698,11.0727718922279,13.299917078298,16.7617775719566,27.0955838919993,11.0688075271218,18.7263864760678
"E200",48.4550757204532,39.5292399796198,50.0774415359745,63.3199889373263,30.5752298483648,41.4964393688705,33.965969161796,58.4211878162839,44.9311229017681,49.5233582609292,19.1719420989039,45.4595782819121,19.4325797509955,35.7949789627042,55.1626105271877,56.0323518094092,44.7766682911822,83.9229093522218,39.6688416744727,53.8334622004793,61.8152152350175,61.4188104331776,29.9249425379569,35.971400403147,28.0851171915496,65.0474897217792,29.1581785138329,49.0891232901927,37.4349716504015,58.7167976716164,43.5284707373263,35.4376298776851,66.4967219746579,20.2510992598242,37.6239339709254,42.5371750065914,73.0914310104821,98.7551859117181,41.8088720303496,50.510808206248
"E201",25.871667159644,23.7372146901844,15.349658469894,17.1741850346031,12.8611307881313,19.4784468653041,23.084733879358,18.395813682637,18.1413889130364,20.8668764199695,19.2247301124385,17.4770588416186,15.0297151893617,17.3223042291907,29.9081630311625,24.4316999803741,18.9241781549113,21.9574877730354,11.5652720938026,21.3672001725085,19.9329292923763,25.5340334612793,15.011521975614,11.563993761532,16.6404707905106,23.906034770845,10.7967923566172,43.3267747869437,16.447518681998,23.6402944067952,23.2880874531636,15.4987389677426,41.5644725898595,22.3856261006293,17.448943638845,18.5367493462155,18.4335634560963,34.5214961281388,25.0502151515539,13.6459734697775
"E202",26.9602858670905,44.949720609112,41.1636241877686,50.8688807821024,21.2310288521441,43.5861649616591,33.461887396668,27.4057474508781,33.5240746398837,27.0168808768854,29.0777749464118,44.790115270813,32.9749792679322,26.2591204559514,56.915153718156,51.386673860427,57.0492135463288,52.8307898335743,56.0826807339439,53.2508829950815,42.2954880506984,54.2982358857465,34.8235322384483,26.1870673001845,37.0908218403986,28.0328673901531,39.6406034712362,61.3463814875376,25.2146393665326,28.308081370494,33.7620937830767,37.1379445806354,48.5995276806515,39.5350462826814,44.2156639024882,43.13398099755,39.3691048941561,69.8013418247452,26.0206089510293,40.90064941382
"E203",38.0663841348065,23.3091687664619,36.6676216566513,24.7746714882792,16.659670771057,26.8436564238885,19.0483701778443,22.6267579882707,45.7604090961801,20.8593950030269,7.64668815491933,26.187680005815,23.2710465944375,22.8016535624332,37.9031306209101,31.5927063891657,41.0643987928925,35.4959148528957,19.5293822548723,40.057258264762,32.8759147080459,43.0787420216727,15.902557984939,13.5820684169472,21.2583774475444,45.4911563781633,13.7853826396503,33.190244092741,16.8874047226097,41.60068371806,20.5831235470941,24.6514656741224,40.6097894905226,21.1127576130395,27.82314344081,21.5198717950987,39.8561232973412,51.6250868097633,21.6477608665102,31.382129257764
"E204",24.6542985900802,24.6284351941861,19.9047188243045,20.7576661636382,49.3496936370261,32.7536093639584,34.4405939745764,24.7604809959481,29.3692651991615,22.6242038880225,21.2941994281564,24.8496283209325,17.1381045022027,18.6866895627604,33.1121728084826,52.0646077847298,58.8895452294406,27.6315161062943,14.4065425638691,33.7342643344808,22.4505649590484,30.2523194193577,14.0399524983341,26.0032546413919,20.6057540185089,36.5762693719629,12.9782815117075,51.0237028277548,19.2128045883408,35.0030095186532,24.2672655840214,32.735343550537,55.6832677866832,31.2609622902514,21.2273159615621,24.5412144095857,38.1193424984775,23.9387749500502,27.5469892442138,34.2359358916657
"E205",20.6923178276062,13.7055063010577,15.856830720577,28.8332191961543,22.9670940345587,25.9239312953333,22.3039834770848,22.5935199595751,40.417163999719,17.9788705093048,16.535316349428,35.38142120781,14.7042961680115,15.8928003935815,35.8215900414928,30.2458454931683,31.5934103141132,31.0492950653778,15.838949772767,23.2533809666219,71.3508741799363,26.0519257934212,20.7771113939696,23.0700185669497,27.6929952350511,44.217770727825,27.9681759094097,31.9619802659183,9.23569779791486,16.4430863878667,30.4878778916938,33.5132175230832,41.6526527480635,21.5618818856383,23.663798041361,25.8303830393315,33.4192856857863,40.4251204390894,14.0779939374865,21.8439734356199
"E206",24.6704813016632,24.3833674913433,24.2515977279069,34.8684521728514,30.047804372222,33.1153684696412,21.6017145337164,49.0256225982041,33.271822387545,19.9943628837981,16.6999373955413,36.895044229722,21.6968178045241,31.9918871924872,65.3288474923295,22.7556987009623,34.0057480927218,24.4854379341712,36.0273623848035,31.764035793742,26.9728552480995,50.4697544100546,23.0558078815234,24.6977305718521,18.5105650392368,31.6262970496761,29.5085188309843,32.4149522036502,16.9352554065504,36.5964298768677,34.3536641841751,41.0834421085551,32.2262542619882,23.114971821139,22.5956921711246,20.067872402891,33.9988942855832,24.0089418277635,22.8560934007452,29.2911670107283
"E207",33.9968033193144,21.6507736489159,NA,38.940229180747,18.6359938423622,40.1547881108235,NA,34.6646837144434,32.9044461306252,NA,20.6249453988953,NA,28.3501944436406,15.7457613806796,NA,41.8392568395958,NA,48.3533438672914,24.4101751537166,42.1484225238557,30.9384041106048,26.3794931128422,19.4913181518111,19.3198117379686,NA,29.928936581962,17.2752441393076,27.055615262426,NA,NA,35.3668264717907,31.3499180617464,54.2235321558186,39.935048273219,NA,22.4169592664114,19.9334074529779,NA,16.9825142154241,NA
"E208",24.2239889305951,20.5562257646345,18.8583661421503,34.6389884333159,16.042308310859,21.0624340531845,14.9881999829581,25.9627066919756,21.7628467049745,25.660046732319,14.7121003879289,26.8324702154751,19.2994347049042,22.1009764100975,44.5508000946993,40.0442689549831,48.1677203677143,26.7256563765364,30.0654198532031,26.5645759469708,25.634173470193,29.6881331691708,17.9628484434322,20.3792670539311,21.6179972514461,38.0655893158361,10.3265742974459,21.5520305706829,14.8046410765802,23.2348702276642,33.3761333823456,23.1778659816743,34.9218866021295,29.4427781976583,26.8956610919008,22.4492607492107,25.9329045597191,36.3384903244332,12.816404652965,32.0404888386568
"E209",27.8273513291953,53.7269815395622,33.9917237419033,65.3667437615983,32.7206487847808,44.3010216947777,53.6252992607705,59.7089217288697,63.1339810663677,55.4650863679842,30.8667120498314,65.3094453303537,39.7823651569683,25.4497166680607,84.3363711351982,60.9673223255808,61.9115933723641,49.1249707345196,39.7312583132907,52.5451545798663,69.2067112605157,62.7415405634982,39.797691276862,26.0434492076511,43.5412475257063,49.0496929851684,21.6864956012291,69.0413615537612,25.2933279935316,78.1228996711641,36.7046532243393,44.2161935008319,38.0567978721633,29.4645785380266,28.6032541769276,33.0587632379056,74.7808293959397,60.6595674603946,36.0781689072314,59.3256990447188
"E210",28.4793180153263,36.77340968089,29.8934285514033,48.1126117347547,20.5797868793402,24.7349581616262,35.5755981383477,29.1049229341278,28.7432585225117,29.1917555719475,16.7108578774068,31.4935557039759,27.9030226158314,23.8318376860532,59.5396508815004,42.1215358562497,56.998379878077,26.8520764951027,27.5500098543893,39.9336378865946,47.6037331666449,36.7092991823439,18.8775753352708,21.4808441743438,30.8076121930829,53.6196046833659,16.6826860414501,29.5346131524415,17.8627973823335,39.6040091666907,28.3545893430672,33.8875589539097,35.6853949045589,27.6611509901221,35.1293619067598,22.446004352995,40.6891514591176,49.1780827532888,12.9879641439663,48.9390273404578
"E211",22.2540130964894,15.0577022339456,25.6835051662911,35.2923944514612,11.3174631649135,28.3348925059814,21.2188981680597,31.7918630278736,37.4699186354751,22.2909199441447,16.075724776895,19.1599394155261,22.8100047014879,31.9116375042575,35.1810311276327,31.2839874454174,36.6776233297154,25.1179687843358,17.1977542186834,23.430613746562,22.7127468545288,28.2416419596932,23.0224420383118,20.4917511727275,17.6812458659924,22.8750344558601,21.1184889835304,49.2563598344097,20.4185078482122,45.4914587160997,23.4682279606834,23.3415641517675,57.3875030672046,17.6510796834704,31.1155851889131,18.9499341942109,24.6476012557543,31.9357974107549,25.9931491286675,26.0876743852759
"E212",34.5151085426472,14.385030075288,NA,43.3315476113247,21.0855944022415,20.3287029897553,20.9665903059768,53.2102666065395,18.9551049332253,19.4717507177071,NA,NA,21.3863611827009,NA,37.3585998365026,31.1420509399538,NA,26.8606590542377,36.964280172205,NA,NA,28.2660581586105,20.4650346740428,16.3875930380186,20.3185061971368,26.5556241084541,NA,41.376276142876,17.5279666713306,NA,33.2228068806248,29.4558531499191,35.7691878758174,NA,NA,21.5746661212786,28.3771960050804,37.9590984414083,25.3854479405134,NA
"E213",40.8154610653831,23.3398388222587,33.4460683329121,50.5550816013442,16.0550094740741,27.9240523015792,26.2522538188708,26.0488008825252,44.3875718494576,23.7525458008523,15.535440413988,37.5575757666845,23.6150538117835,15.7945949273964,43.1180115036696,44.7909440118828,30.1934856618738,35.6692632048552,29.6345790479224,38.0311489783931,40.3517803741506,57.9211313200389,18.0487055751289,21.3088435122874,29.7929236194748,29.4373265060121,36.4148155478308,41.1750877272737,20.8914907513114,27.4699442325817,27.5206091397607,34.1568079917012,39.3784550636231,44.3436325998696,36.9331728123808,26.8735424395998,24.9837402369361,24.3250973403453,15.0609739334174,30.8380344031247
"E214",12.7802372702841,10.5604724305638,16.8381553736202,14.8371699787401,9.28032871909985,22.1944439090182,7.78648071117137,19.9682855748513,24.602497953103,18.679328950995,9.4896786421223,16.5323055965014,8.80429831947235,12.0628304206165,36.1305642273737,21.0672441934479,27.6053076841407,22.3494177904039,11.5718269249127,21.4417353474917,28.0056330411555,29.5022205828474,16.9786717243586,11.4724150661182,13.4390006415996,18.4105984619518,9.69875528206561,13.7262289134456,8.83541163639094,9.97119248077869,9.55400448884094,17.6967392415019,26.6120186794632,16.2690754099947,18.0462116501492,16.0228831479323,20.8561689492566,23.3593191878378,9.70490261516103,23.8710483622731
"E215",23.6192010737727,21.9469604476399,23.5773469104129,42.1664857524233,18.3310820732721,36.6746127985298,22.7235370105886,48.440376603649,29.4025558040396,36.5101823752315,19.6417698044109,31.8373425995779,27.0036704014796,33.2531409224539,46.2303559269037,38.5706738652779,45.8444318705597,41.1063428468142,22.269954606112,46.4149717266615,59.7956661981594,55.4128553827226,23.4038066991305,20.4461363395986,25.1274310989602,30.9056704126683,23.4984276275705,60.7975753331998,20.3760573714427,38.6202780460172,28.1447008031431,32.5673975834122,54.2917447884292,29.3332805334295,30.7432260810694,26.2024289678984,44.5146214332892,48.9876062756513,37.6781531260588,58.6276410879247
"E216",27.2779749915845,26.5920239022315,22.8105630713628,47.4403684125466,21.3739652434046,30.2379579191571,16.0822467110296,44.9445035085341,24.5369063315861,21.0852160854729,23.8638579891311,19.0288205445132,20.8328629447052,21.6809282473633,53.8338614291975,50.967933640897,37.5049504040459,28.2208387356004,24.4615276408333,32.4721035391746,30.5508410478503,36.8244241251967,32.8081251543934,27.0502669461218,35.6326461419088,48.3786931814758,21.3085880196785,27.7049749297554,8.89657253244406,27.9571030286949,26.5104957068921,20.0859906751789,47.2242295492702,19.7164469123062,22.2528998862978,33.9852251297563,29.1824755957397,40.9043098865926,30.0806978538576,26.7671139078167
"E217",34.0634759072139,27.0929352224262,34.548317052043,20.6452362042719,19.513711479617,46.3702275961981,30.2970111032775,40.0762377618814,24.1343825545585,31.728805519634,27.8220476776671,28.8849249770989,26.3128272744912,27.3471634482754,39.2784926168549,43.7643106157826,45.2982691386879,26.3859405900106,21.8148981524726,20.9908819153223,47.7392226211322,45.4130739179586,19.7265151565074,27.1575479385969,21.78461982601,28.5670551804399,23.6447358844338,50.1104143539945,24.7084441071723,33.5666733742927,29.8545693241336,37.9316352598912,49.3897433088774,37.4903181441397,30.7697221752142,36.6372393223041,34.8224789988752,59.9758952079479,18.804952983386,31.5686247541948
"E218",12.6801811640565,3.41051268880256,10.7777734721969,13.1392340155572,8.89483839248914,14.2762728611235,10.2029135980166,15.9539085048784,8.84926710699138,8.11303281595311,4.02978940308094,12.1916515873544,9.36306258827761,2.6029478807468,21.4088785944317,2.52232443913817,12.8134553502794,5.53063758439384,12.1949252218391,13.9279951879338,10.5658019165171,2.15879596327431,12.3935986029767,1.09709870675579,5.67334302142262,12.7228637063588,12.1320728265138,2.31547881523147,12.4718725615344,11.5967737001123,10.7288416644262,9.30232120878466,23.8461337389876,16.0141060271544,13.9717568915915,9.20731651089074,13.0700170495369,10.4870982821955,5.87890235563961,4.08686993434094
"E219",39.8718997470983,42.1229618093305,32.2353489902223,52.2121320865597,23.8034431044568,37.0851124673829,25.9481724130962,45.5440067661778,85.0831651270673,31.3134830414257,26.6286461598584,29.6274415264985,46.9793255569039,49.1609644543789,66.6122107004807,47.9864293923078,47.8950379933417,37.2324001883524,40.3906726124974,43.5899555283375,57.864091125427,35.8866071298364,34.341342254285,34.6552001172306,39.3213355380787,21.8531607960517,24.7219254016856,39.4766995484948,30.0640868075603,51.3052067314688,40.2339758754786,25.2280767013748,94.5904716880243,43.8859859129757,41.2669076498962,30.0900513881023,43.4471978899896,68.376240933521,30.9547419482273,42.6983007022116
"E220",18.8080688733912,13.398347286328,20.7573836595077,21.222572185896,9.87003585889527,15.8643021920091,17.6831036570127,15.8035032292643,16.7114194892254,24.7916296368749,9.45149818558305,19.1895994259995,9.33470414017819,18.718161859639,23.9400630590228,41.8006506404223,27.5410169262297,28.6205131342786,19.6914600938432,22.8453112002873,37.2831877213142,21.7375555302887,12.9768112378848,12.2428760913494,14.550863532266,13.5579135705407,16.335413167572,18.5212141584805,9.58927105128097,13.6259394747299,21.245317122504,24.4353755905799,23.3108824382087,14.6592540490863,16.3341336763876,23.3757410909869,19.1356866614085,39.8892300310335,14.6993018487865,16.8341072378063
"E221",17.6949349017646,16.6867592155305,20.6850678142797,18.8160911223387,13.9231370525598,20.4908964916673,10.7727487222288,25.9887009544866,19.1508277946852,18.9763841259554,14.2891012747459,17.3967001293114,21.2643552161251,13.9639789915201,19.1387398029303,48.9416946837227,21.1461111190672,28.5651107278519,15.1648789199933,22.0526942494954,19.4436413108673,21.3507337893391,18.7202270332517,11.1922264786787,15.0753576814511,26.2673859759581,14.1086961259699,30.9455459030141,18.2320692510355,27.6318470022957,16.7070233742374,16.1205741342929,25.8463932441707,30.1111219455749,20.6356217678441,18.990826113295,32.4582916798,27.4714074126592,10.5026410341854,18.53803819439
"E222",32.9346275085116,33.2080213095548,22.7363875111236,69.8436387459241,20.9424153125375,29.2032774233857,31.6740340371849,60.2762045689051,29.8643993935545,26.6669390361562,29.8902411587631,53.658778375082,19.2169405860493,37.1370313213787,84.3794893736836,47.2813827254775,69.2200172475668,50.9494617825528,30.9617354352436,44.0414997749754,52.9591815500125,33.4155671388921,23.5350413592946,34.0121165009749,43.1838851309446,48.8215240054946,21.2276436319397,30.725299370311,22.7973547376765,42.976473223691,53.1984095529007,24.0793447272382,75.076140569662,32.1567470675407,39.4860535828242,26.1942077954604,40.1273328312182,24.6557478679112,20.8290991263601,28.8459329938243
"E223",9.81479958728749,15.2906435017844,13.1680748600167,27.1393180004609,10.9809401414081,21.9688628473168,11.8162116010068,25.5516309211259,12.7541347648573,20.3798685742586,12.7058667541549,16.7896689524166,14.6442624010911,17.6840179073574,22.2090260425311,23.0847560583273,24.6741946411789,22.8717861769224,17.7316359798153,17.1558074889672,18.1627363944804,17.3703913740762,18.823950389407,12.6782917044268,11.7102360810393,24.130705723544,14.9039499566145,21.0634093980903,13.402952367855,12.7597020436097,12.2383176021504,25.5365499043635,21.6527448935829,13.9334487323796,19.9228823306103,19.5067908316071,37.494719900183,31.6984841352372,8.63950046976398,22.9656354456081
"E224",24.1773248516789,24.5284979924378,22.388003954138,25.0909513109831,10.357278134155,27.1415084970552,23.7136104094514,25.6051955593157,19.413144448552,19.261497743803,21.3622885814074,23.0709984390196,16.0596310220752,21.9018240253927,27.8813101324623,31.8186568899565,30.3144978660789,23.8231262807269,19.7645485726298,27.920495871857,28.5428420686889,24.0404522996876,13.32340945487,24.4842967652893,17.1625167042631,31.0436999576912,14.9479059125908,24.426808719752,21.8390461695468,27.7357365580571,17.2536888232834,25.0369637893456,42.0673606354496,21.0126889058783,29.5220153537012,18.0191796370819,32.118386298687,22.1925565011903,19.2289094339945,23.5238420141793
"E225",25.7387402350081,18.0723442235722,11.9772362215381,16.7820382309219,18.5698512688252,NA,NA,33.9554596710752,NA,19.524229351111,16.7504983088122,25.1727530224454,17.9714282573796,24.5410512629987,NA,29.4136474179567,NA,19.2445620197748,22.2286098072464,41.982920687462,NA,NA,14.7965558238241,NA,NA,23.546673881806,14.2275571902916,17.5097367773404,13.7659702594338,29.5692705909601,20.901901562192,21.6694514825164,NA,11.6735392085686,17.0699764206674,NA,NA,29.0912168933514,18.9593115394646,24.2945594221282
"E226",50.4243947559139,82.298144845034,64.8631901322904,102.347535761591,37.0279214937157,62.5781890755694,89.6871932261711,66.1051459301151,52.7241889827644,68.2119501360516,29.2161775871338,56.558489036583,38.0954376669609,50.9919621473115,73.4829698136822,69.9719415509327,83.9135071027427,57.8253246343065,39.8964141913316,60.6776100087597,80.5271061234253,67.1869359105389,39.6062166286484,48.2884618887726,44.0733975739633,50.0720810164284,33.5983683501242,53.3126606064761,47.704906977021,91.5146892894251,48.203480777106,76.727070496538,103.813071065991,73.4976534127816,37.6207080628049,41.2124980001145,117.550772301192,71.2722403660702,35.8916553679076,97.3479906769864
"E227",26.9502509090034,23.8890785550208,24.4700841131024,40.3034896394069,35.2736692960739,41.5150921827123,40.9787658735501,42.021108313911,39.8417063644036,45.626577045681,30.557027327502,45.2224958382356,19.0611759844205,41.1868401898097,50.9965652042082,57.6947183455168,44.4504711833745,50.4809360615175,32.8403911955054,51.0734345966427,62.2650891842825,51.8388305790665,33.8111723093332,22.7516806272172,30.2159063003643,40.3758716119493,31.2256859469687,47.2872720435641,27.68999154014,54.749528235515,40.1842439092468,60.6491992117811,55.7535984006416,50.7004714124018,28.3981131259109,40.3864147541476,70.1204154679828,59.2707659220518,26.1765673027808,59.3056219917201
"E228",30.216096213993,24.9215577128547,31.855314187128,52.0897658799795,37.7185953769523,28.8137278766797,23.2231370191989,51.5590126590367,56.2240194557384,24.561650406017,31.9680369008533,32.3635698269962,24.5889003939216,40.4480468321825,80.4795359551388,56.7209074490263,28.8458604468728,42.9015481463426,27.8118413764547,28.3084061106751,55.978763805399,37.9985727339309,40.705843622911,15.7188790946219,44.0174635830154,39.6010159887794,30.2136239217148,42.2365418079021,20.9485242516852,61.3801741507108,18.3514435606523,27.0623473127947,44.7001407428771,32.7306444990229,42.2384659209488,39.6074232981362,32.6479114926271,52.2462128957355,33.650691645219,45.5649736017717
"E229",32.536326925141,17.6169368893029,14.5573985422767,44.7116340675314,15.6705352583334,38.7088452936778,37.5374323805712,35.3441746343945,31.3729653134896,19.3014532631364,24.7555539173047,28.5267806234974,20.1598826904115,31.4011563164675,46.8188028198646,46.4242492824206,44.2525687414707,38.2896397017931,28.0258644490028,26.9119990455109,38.1291526482039,24.3866189218165,16.7057563106512,24.3044607851226,21.9838309002558,41.8594678819446,12.3705003530436,23.0375848702657,18.4842404104607,22.8888275766354,14.6619734561513,38.7509656885016,35.6324667266949,32.6968421326788,31.2857278849942,39.0964825656528,38.0736630320386,37.7677641212564,19.922745087157,19.0129065968893
"E230",22.6285548158799,30.7032617437205,34.4059653097596,25.8929645817595,24.362117036918,30.1511082119311,26.9263470298291,65.5903630377051,31.8328200597453,29.288677988663,24.2343608258216,26.4430435315738,20.9865478712818,32.6077505290491,63.0984430806934,48.6923354405925,60.8553356244452,38.4023572457643,23.0218215375087,31.1551334685483,35.6215813990277,38.1878064001962,18.885340671961,41.2735630926989,18.5399390490825,47.1918061273453,17.5699901299819,54.7412571067233,18.541487509364,32.8703352070422,24.1777971310664,29.4489978999091,40.0909220354613,22.9002872978568,48.9052534557123,24.6073298960226,39.1519828763619,55.815176014642,29.8352189968978,52.8339496199624
"E231",34.7085127700349,30.7744941370263,29.0443558452934,37.5187676544983,23.7897217755975,26.4900111105842,21.9527708245512,33.1858934855428,33.2964061933627,22.4538292187544,15.9654669836933,25.7018687336626,22.6567344246227,28.7428134240792,54.4776454583556,35.9951868557539,32.0270897515896,35.3584759667289,30.9936500934106,27.4214865562824,38.6169304863329,39.5549965320257,24.0212687910235,25.6857163663457,20.3771627001897,38.164803903984,26.9422284397506,39.4478724251763,19.4754843032133,28.1108689598853,20.1520337115851,21.1351299882565,55.0967969395168,16.6354190028105,38.9275088175567,35.1536559441916,36.0770164774146,66.3054976550852,23.6548690231116,27.4377159970974
"E232",22.6557602647931,25.6200048207149,20.0127850878279,34.6075808281655,28.8439533307034,26.1994595865226,15.9569331228485,40.5417074616784,26.1476484806847,24.8971058877238,20.8293269484752,27.261576743082,17.3729723917104,21.0593569882681,38.6181473271802,42.8308793441821,21.4596691140076,16.8571750677234,15.8545358888874,26.3826829256072,36.7301578097741,39.7372857464535,11.7043269402401,14.9384399381012,12.8426467515719,23.6723444354217,19.636215582678,22.7109367915954,16.3243868694733,21.2587266674827,35.7720983744151,41.7614863177837,46.1008661765042,18.6594076291647,27.1162199212785,19.3756184263512,25.4931585555476,56.7223221793745,14.2244720376943,29.1672684174569
"E233",19.4091287381111,16.6040598849289,24.3767986112995,26.4879538507336,8.23683788020287,16.1983751960798,21.208731740623,26.7847617429196,20.6128596972797,21.3408115054091,21.2533352727285,28.375137427951,18.5078321477092,20.079831609958,36.8633515734491,37.0169041599615,24.8236412490432,15.0028029226914,27.5044114750724,32.4172804427322,24.2909796829027,19.7581610456584,9.08788612286806,11.227016852865,18.0616515805703,21.0337654679374,13.0355966423425,30.6061054799739,17.781134005327,20.5934896503575,21.3914132700046,23.2631190678859,30.9955890264893,17.2931433403229,25.827454576549,25.4397360445061,18.3181870949063,28.4044152506048,21.3493363963619,26.3542554017163
"E234",14.6362254447477,17.6160014859451,4.42131723184139,25.8723477278186,13.6884201263416,5.87372040981427,14.9222498611566,18.1632494637392,20.7789536584652,17.3579202899003,10.1204277161807,15.8017196977399,12.4754327498489,18.5664604572576,24.951888683328,18.2508164105781,3.91819966863841,3.97773733036593,10.8402966611046,5.31083549978212,16.6327690618732,22.1605285539405,1.3193600254599,14.0161337167744,8.05290120025723,2.3110209046863,10.5894492731959,3.16803251765668,8.42293857584356,19.4438997158998,12.2513820804714,14.5204909111154,24.412314270946,17.67364607332,1.70432902197354,19.2261305008958,15.6278846064004,2.85948617989197,12.6400449945298,17.4434865215905
"E235",29.244339176611,18.4747400927149,21.7594951876577,35.6490227911083,16.8319802165113,25.9190298113711,19.0973286136662,21.9443472668103,32.92142192268,20.0815525979657,10.8178930553845,38.2265131818075,18.6739032779419,16.8739939324599,46.2294576838561,40.0869506589015,23.9288440695974,29.8180654776675,15.9812075188686,19.8482759323375,18.5952187067421,28.7074084605186,28.5761724856679,19.9346181550785,14.0508102101292,19.0793344085521,22.3118713139504,39.3433372039919,25.0599185787835,24.1473519894563,32.5539864804255,22.3268727229553,26.9909404794282,24.9025919894468,20.7577814136965,28.0339434853006,20.4465104415578,44.4509711967022,15.3984282562683,19.2936694174732
"E236",33.3386907125287,37.7048462437541,34.4689799150951,50.1909921188229,35.6055246128832,37.3287546383314,86.7855314852244,60.1459302192133,64.0161666070202,35.7661563597195,27.7399344751325,62.1218462142652,35.581708429813,43.2674267524917,73.1842968087439,59.4594088600691,72.2915332152701,63.8531401326062,49.4544603281661,57.0110518255369,82.4948118698601,41.7931487561318,25.4412000827574,50.5950579181308,41.9070942987442,42.5318147701927,30.2644205141523,45.2083018312122,37.4646259846272,44.219921361672,65.6543663427753,50.5914496060676,116.922237817362,40.6855055816306,44.9412735606369,47.3397531949763,48.9251610620643,99.313493359173,38.8134554710659,62.6815399844391
"E237",43.0852198317305,38.2321536404733,32.9728696014695,72.712422309243,37.4342004536487,68.565784721974,47.8306924599765,51.9792363070557,108.367208752587,71.4585523770223,44.759621912858,51.3131453021237,30.4830061547063,27.3280911507916,52.8144221865034,116.347095983608,69.5835858626034,47.9228053307386,39.6620136291009,55.9885623592427,49.4540067268455,59.566980865175,40.3126049601896,35.2844619642983,47.9231499657418,71.9156269538503,35.8862434908857,69.8755846766862,30.5563409850592,61.6572293493319,68.7360361183854,60.0830236803925,69.7679688548164,49.8530887296911,57.2104967780291,52.4232656616614,48.8890540887428,96.9081516185744,31.7475839131124,56.1639320597924
"E238",15.8454358059383,NA,NA,NA,5.93698848152329,18.9280580656005,14.9422822325981,NA,NA,NA,10.5961827197381,22.1417230303114,14.7161139710247,16.7818386430716,31.2521332236212,NA,31.8069791569185,12.3915287581508,21.4546745638058,21.2909233971213,22.7112846081896,24.3171610085122,NA,11.6926555697419,16.1692904177212,24.7517949218647,14.2070705638752,20.7241374584137,NA,NA,18.4046928284641,NA,34.5679147650256,13.5695564942439,23.1301521239108,16.4515350952378,NA,28.4818648588506,11.6386647582782,16.3585596294776
"E239",31.4953522074584,37.7228011325042,29.1536399194095,62.0104007082771,30.1632172702181,59.6782847418822,44.1621887838603,42.6722829575583,14.5860451853518,13.5585898483161,21.5698099907338,47.6437591721247,22.7651377363241,10.7334044907277,57.1386308836705,54.2909834061348,39.0964714438135,47.7185384520561,25.9732622668176,47.8481209117926,64.7938645072739,62.5651412219405,28.3679215846343,15.5508856366171,21.9983489765134,53.8451765578463,11.0179144580312,35.4720442238545,24.9674076391963,13.1212414708009,41.0849465774399,40.2422575385912,75.7174060898094,25.2531167217655,21.384784102868,34.2446915095809,47.9161064437817,53.5517458880192,11.8111560135181,33.4126995836526
"E240",22.8072608245635,17.2733177410694,18.8991092077741,38.2642370233712,21.8764451785139,22.0474698222352,22.0263546954229,48.7880955776765,22.1519588765492,21.5248892520723,12.0716061807909,22.6834890111637,17.9822521620242,28.0451257008391,47.2212181765424,44.5172250551253,33.3290318037444,28.5475780001701,30.2372515012829,30.2612827537146,39.7245617157645,26.3958548039523,14.8488806186705,21.7388537965604,17.3328278664168,33.2056094479037,21.7571616591343,38.7969823550011,14.5591288295604,21.448032813783,24.0851094718407,36.3833807466296,62.7273750698684,33.0896367746662,22.1226287062172,19.8430360422647,40.0092514124183,32.8914756334991,18.9286145858581,29.1036703177022
"E241",43.1663591524851,16.1728821213012,1.83750079502352,3.69961474696174,19.8446852150338,14.7569219321514,17.422348115663,37.931038452622,18.533076291351,18.7032847396611,9.68159258698886,22.0490379773372,3.19632867490873,1.5084796610754,37.093644421169,4.04280591313727,3.65046648331918,34.3594608432527,19.9624716046206,33.8942501198531,35.3678098161672,40.4204367385422,25.7075220781302,5.41214573569596,12.7180469923649,38.9193251197965,27.5905373093749,28.1562499628829,19.3673790102613,44.9170711711149,32.3345361393231,21.3320069954167,5.49449012172408,1.49732668907382,23.7487721998975,22.1026822050667,5.33564297272824,34.7730368863301,24.1265457101137,20.748258685914
"E242",23.2090523984985,16.9834460856368,21.1373223759746,40.2515250575199,17.6340430492981,32.4917576941345,22.7865642251328,27.0795185982045,42.1346512573554,19.1615485364891,9.71062641651551,23.267011677548,13.4441418141139,19.9662218839964,33.545746668599,64.2902495344064,45.8382507469913,44.4196353979712,18.9600716861142,26.9744927434561,28.076458970491,27.3147002325668,13.9151277604202,18.0402364629216,24.5693273170885,25.6444536057008,12.8434013387438,52.2953940704571,15.6111115584291,26.0574042706642,22.8832549907558,19.982903888188,33.3139900093966,24.1264188989573,31.4759741839429,17.0219199505738,21.0732987011294,29.0102314222143,16.8127898954874,16.7033987602864
"E243",36.7238421865215,38.8474001796003,45.1358883448039,44.4897894010412,40.7480652655712,27.6070429453921,30.8741419099909,52.9545410124203,39.2901333586099,45.7748416706584,21.1621556353462,41.0313379217617,19.4468762403541,31.4057228324292,35.7382191142077,64.2436387774328,43.844552268483,44.0739702937783,19.833925034937,29.0005306350726,36.91297641551,44.2713475513811,32.8293324248191,20.5301216871729,35.5578282734262,45.146056244244,27.1568685783548,49.4386053689533,44.6259685671643,42.9941809204276,38.73576908067,39.0718380816984,42.0121474600935,34.2885662564566,24.4647222011833,25.141870644059,34.8960495383372,40.4473528715967,27.4071503014774,43.507865352557
"E244",33.4168106162183,24.8222590723108,25.8075925418081,47.5116864088894,20.3713582841946,33.8508199662302,NA,79.6351788469278,40.4142522197281,NA,26.203323992659,49.0944155621397,25.9826615322747,28.3718008550983,NA,NA,NA,31.0594760312485,25.0446235872367,NA,NA,NA,32.5857378102113,NA,28.2247916622319,35.2783668336061,23.7510703778658,64.0147184803538,34.4848484377559,39.2635396114015,31.855535897012,32.174715639688,50.1827494767283,NA,41.0192842606039,NA,53.7530438320927,NA,28.6995832525432,38.6034840511805
"E245",18.7522485643494,16.5621005122253,15.6834762491204,32.695867854394,23.2975040237902,18.5361815083126,16.7935786680236,19.2759728682218,19.7204153558589,33.3285080640754,15.8035424731808,31.4339177178662,12.3724962016689,19.226231795788,46.0658493631881,38.8701901705274,45.0567806510434,34.9151704188941,15.0852494631034,27.3027298429175,16.8438001847698,32.599907910541,18.5583154298194,17.3506101397895,21.6450187557093,30.043295316656,14.2353610276321,32.3344376437696,22.7188002823077,34.4327508032986,14.8350927726955,19.7500292307054,26.2543097946105,25.4356789500022,24.6168668884757,26.1399317894873,20.9887152436288,32.4474872140123,17.0186562255238,27.1995945816961
"E246",4.78695032675751,28.7723671101477,50.5950683000341,55.5948487410514,27.5223222871508,39.6264660820297,29.3167217514508,62.5776367106743,56.7490978058326,43.874320904056,20.5123764192845,5.87548844888806,28.5727782371148,34.1758186334817,5.5707737095654,4.92075542244129,56.720502903547,48.5023652413641,48.4334753149724,2.15359670715407,53.757119609582,50.764861268139,34.9616298605714,1.74205044773407,2.01070112898014,51.6773315094309,28.455795999865,1.14008231228217,54.6472804652258,65.1627863608987,30.7786507884318,39.4995537187853,69.4146167694894,39.4936441189863,1.31096711638384,43.4227051653363,4.2481106184423,67.5896161093051,31.3955835607404,54.6479350716556
"E247",26.5639288496888,32.6382048446125,29.3427706784664,41.5828269821048,30.9775882854619,34.7184751548774,22.0380322116476,37.086086316047,46.9519390801536,27.256182623626,23.8781050931904,45.5470197952631,21.4740348835027,29.4856681007716,31.175108094521,55.1893347308139,28.4175134623911,33.9266948277039,26.597257117664,39.1586583319765,35.8032095554383,43.441513991513,19.8754339968707,18.8050721817519,23.1605274920939,36.8069747561598,20.7160394419286,48.7500363629519,23.41489277568,45.4074286913229,33.2507076180396,35.4186179299827,38.0806665563758,35.815444764601,56.0450315087538,50.4009460563919,52.5175966675219,59.1360933466305,24.9028911177696,24.637468527656
"E248",30.6406957241507,21.0840493712121,33.6371675759699,53.382465815298,36.4765411556893,39.9335819290466,30.4205132313428,72.506458384553,41.6184198728199,38.7544719086408,29.695986726511,58.6590608717741,39.9585198530271,31.7464850386151,41.7638777529199,67.2015534039344,53.5944049309963,31.3920608699993,36.2424937956417,38.6235025628315,49.5746749559201,59.8447122926613,29.1068764364759,32.7349338770032,39.9866170872745,29.2713766708344,18.2730079467004,37.7105016497545,51.6202286029352,49.5232743902115,53.0832892528254,42.7952221386339,61.8472808693988,42.093858712359,44.8574739937246,38.5137896481536,43.7737773136561,71.5945074111146,32.4408031418332,39.861885778588
"E249",37.6097253436395,30.7932382840841,57.99834756377,53.9196447624336,22.7617112638108,47.5977153650428,41.031301830402,NA,34.7888620228717,33.9773105794388,37.3753986257828,NA,39.6411869058071,38.4344549167543,61.1773607509434,NA,NA,80.4218322734492,NA,32.3081964885534,NA,57.940067120876,32.6321930267747,31.4487079316632,NA,70.0048242379006,36.0790488193478,48.3742367118,NA,NA,50.5042661947388,NA,94.6973465750636,47.8486509965636,NA,47.1369361128373,98.7683616689378,NA,38.2044651030396,47.0996391982964
"E250",23.951128237915,19.8944930832014,30.6840287611459,49.9179910580791,21.7372917999829,25.5934816580422,25.6205469271305,27.3762226661039,25.5298382521332,29.3080737384025,20.2173088496109,43.7993964197548,17.8104915630562,36.2432063267115,44.8978878563293,31.1534925560402,39.145292899212,26.9901394233301,16.3642695968611,42.2593704958583,37.9653963338353,34.7130437512213,30.1384575518128,19.2765526918701,22.0408917557118,21.2228886913378,26.4273069596408,41.0923529151741,22.1698507376174,34.5023526710768,39.0740074095978,21.1420884741798,30.7575731190816,17.4982220859105,24.4874948304519,24.465871082888,35.2385263756791,31.3755388457761,23.3721052785702,32.366352731924
"E251",27.9031962366265,27.7306239344041,18.862507706878,39.7052731492688,12.8155510041016,27.4135845992318,20.7505602830813,45.1747945302465,34.623140775449,18.5260492511692,6.9594724913174,25.9589324910611,19.195299335675,23.2132151303071,39.0333515333969,33.933687416531,29.1835447930523,24.5981834189541,17.7531925568528,21.2814186401678,43.0563566556745,15.009784088317,18.1053021543646,15.0850803613309,14.5933965068268,38.9107074565832,23.5508015277076,33.2064720576385,22.2465660839349,27.9876370141806,27.9312520319346,22.111613817831,48.2330548758187,26.1896622262685,19.9909295233443,31.3357988383666,27.5815671310301,48.9956811716624,19.7180614581804,31.8329497729337
"E252",40.2319822336031,26.1775465026209,32.1161125269487,34.036589917473,23.1954106033253,22.5700775413079,24.1619509225692,43.3572835389706,28.5371530665265,26.7916259815173,22.8870596017493,29.500835644454,29.7489605824881,25.7751923458611,50.0122135851655,28.4924378917413,33.5966529059391,34.4665226726477,35.6838778266814,33.0746474589865,54.1040236580716,44.5095572858307,28.5470448429622,27.3647747244816,24.7149647898251,22.0340209418738,14.0871533629562,38.9316176551168,21.2086006426171,25.1870835984836,29.5294950927024,20.1633853888702,53.0396939482326,27.8999821243168,19.4992705376379,25.0262130157176,27.7554645449696,37.9733788640831,20.4064107807479,36.8154372333075
"E253",13.1429202534299,12.5962234318138,19.2734902006408,22.0014350476833,10.8951668581541,10.9570981570113,10.6041219761724,18.4086793423795,21.5270262861766,17.2658565470475,11.0189674474917,28.5155852387265,19.4408242083197,14.1360921716152,32.4660328540752,25.2415387875443,26.5872722676449,15.4191885603494,17.9873778847193,13.9214231867942,30.0368786563416,15.7729107939795,13.8667592266926,6.83807725638787,18.7233158743126,13.0031931758802,8.38188432636028,17.8587578744516,13.1422056525181,17.878341550964,14.9682087632421,19.0762445905248,31.9453216600958,18.3949596683663,18.1753907041957,15.6688619258185,29.4377957793919,24.8999249419721,15.0646445384017,13.4331544594965
"E254",20.7189049653578,40.1039367170373,33.3967551085331,30.4955770797131,22.8120474740515,53.5855121978275,23.9998190627585,37.8184448249704,55.0646202881473,27.6385520388805,19.894894270793,48.8272277339767,19.3527944544072,51.9630785906763,51.2938509676197,49.7910601523245,37.6766836234192,22.1414284357484,20.1565050535465,27.7585429287964,33.4711364666313,49.9554957351871,24.5359282045235,28.4928209152516,18.2462400473678,52.7296862971849,29.0137653945587,42.3754270594781,31.7197466422938,39.3715257943396,68.6023693523217,23.5979658855365,69.1461044589335,37.3645887974121,39.1539556298741,31.8653216986197,27.6852199528207,76.4821347711453,24.093215212254,24.8887697646536
"E255",34.1651552247174,34.6022199096223,35.4136296158872,37.1214714622993,23.8891942497103,46.5611097708119,28.2268018176695,22.6600961018427,24.7461610151769,31.2585128519235,31.2557702952131,36.2065968354949,21.6034766925332,20.1196272264823,40.3342220557811,67.5340749816395,43.4261484301942,22.4213313284885,26.5891206420132,34.1454342177345,24.7420136745945,42.6551197439285,20.4941998410373,33.754662115015,37.2151517300034,32.1561870655839,36.2710418571759,37.0375701303867,18.0797322027691,28.5598334010418,37.4902622744333,29.178842498964,39.6169471446946,38.4309609941356,23.3581292969024,33.2298557836109,39.630869470297,68.930590591622,18.6311311170521,40.913196153149
"E256",41.5496872184403,37.0384337147642,40.783478550995,61.6211591200281,14.02036782587,31.5467417187425,33.0055327137287,49.6089623481194,81.5709906523237,31.8026569620811,19.6369305786246,31.878155462714,16.6471847303556,38.5558871124816,44.9306041527887,53.9389264833364,40.5581483024449,30.9023330852848,46.3418510623864,52.2996541126481,39.008502458815,39.5730574537861,22.7987313082572,27.9105024968867,71.7953214010738,31.5058858155934,21.2286989945579,60.5510247061726,28.1049937549822,42.1564583188055,33.4158257388808,39.634237369288,45.1878155063332,19.6803957320157,36.9881047619856,41.3396157293552,59.8060567489717,59.2434116388825,26.2022986959196,54.4111184979995
"E257",16.1571408543153,16.330829892997,14.2708024889185,27.490808058547,13.7874844361028,17.6829530870475,13.9256872624776,22.2844573189623,32.9065425104715,12.5885394175486,12.2558853044697,31.0556428936273,14.129205695102,21.6465280634066,38.59181267089,46.3189265208677,37.8993498214905,18.1113085666496,12.6765029646271,22.7890109629436,15.4654711143186,15.3084996577147,21.7592597297141,11.1318313060782,18.7401708509828,15.5755217057012,16.7005671476789,30.3276726986271,10.2359361284775,26.6817969244937,26.2306903654822,17.9269081985898,47.4628585240094,21.1420458513989,15.8610944075028,19.2239024864957,21.960325449886,39.5439599619771,10.5526523435067,16.2926920842664
"E258",18.0923397598383,14.3404791731577,11.2139135342083,21.1722924723988,12.4465292107351,19.6576630006118,17.4122435139987,18.3348224475297,17.1458625016586,10.953550845573,15.3611643806942,11.4915691975743,9.05566924634721,13.2181716870682,27.2850851367806,15.3477424623216,27.3909237943518,16.266231763486,13.4234908719161,24.0611699441744,26.3334871561166,18.1530249516923,13.0208464935096,15.190673967637,6.82673858284018,23.3529335725597,9.56159100792376,16.8161445220706,10.2981032419625,22.7717013296675,11.9388798805009,14.3860010652121,29.1987954112309,23.4082995468972,18.6328735879259,14.820908699187,10.4986094357657,24.2463570009568,14.0808617727362,8.65657487097066
"E259",23.8451141544443,11.2551301655714,24.420551550795,20.6732855885867,14.5059520856054,17.6717843217125,20.9477967669617,21.3937755482106,24.3159102709017,18.1226806260816,11.46069529037,23.9210023231538,11.3062795319835,12.8889867034506,25.0932864598818,39.6791049319825,17.1713104290594,36.9509404269541,17.0215996325331,20.9152862332487,18.9327488735447,12.1881084842837,13.6222573223091,17.6865227415551,18.7849888846116,19.1838639945807,22.161910773886,18.8744595917658,13.4385676585259,18.4554951205808,9.61819271418971,20.9726892987498,34.9251549222681,24.0737092798806,25.0783093878413,12.7385844371395,32.3100809388937,23.1055932650267,31.4213940317707,25.8963105149631
"E260",14.9020039874023,17.7926809043649,22.1442406547108,26.4063634710102,12.1472138467559,26.5968797604618,17.0452078561583,25.0178201167774,20.1073118236816,17.1788970766703,16.4762172452786,19.1059974942637,13.9777955443241,20.1211682340654,29.3555660434819,22.0822492725568,43.429997307925,38.3875844236044,21.7270878297789,42.8663177359341,33.5082682755632,24.4500515388567,17.9748242080977,14.0095754510006,13.2049588751788,13.0355008722008,30.7915335571794,22.0280975714594,12.8731454010552,33.577614853748,28.1007190424653,18.9423016231371,53.9073676766651,21.6431673606422,20.5557939245797,21.7570600202398,28.6229725288288,22.9624357055351,16.6355618984524,35.3751331485173
"E261",22.6607686454301,43.2142433170423,24.5788373931495,36.1247415553105,22.0525027147946,34.487236033005,21.218920069723,34.7530559032485,36.3230754792483,21.3280646924676,16.4221179838284,30.6365056003679,32.1361658516058,25.359105472384,50.672073008864,33.4517864180811,59.3267664625443,14.7957173196559,17.3090558751956,23.5323845867291,51.1227143511938,31.9056242654283,21.6504200928789,17.8954356705556,26.3428873722915,49.6709048487439,20.184807428854,39.9277212324803,19.9022205735503,56.3286930937528,32.8285101454097,28.8567697103801,39.4139338236662,28.5466950377748,32.1480485451195,24.1820176247387,29.186960428089,57.5030270253968,13.6893920624819,20.9044874128618
"E262",44.8193274948761,24.7004996610183,38.3270962495661,44.4268974225433,18.5577008644234,35.8775581729887,31.8916965274035,29.1127806208267,37.0167434237566,36.1229979967947,10.671411249907,23.795516269285,25.3007477737456,31.6375177413303,41.4040527147047,60.3330245189383,57.5797287402773,31.4639527784772,22.8060611863716,35.6860885397123,27.2757060861756,33.5039405826889,22.6057193343947,33.7273895943941,28.1008432670371,39.14994928414,20.324384365287,38.608898568077,15.7869989990023,57.7424629429813,29.8086917457125,24.5886965647396,69.7712087759084,31.2964088885295,51.6549697379914,28.9201679101334,43.2706580259595,34.0088195426954,40.9573942710609,39.5048783099356
"E263",32.5513764414651,26.1402529797438,22.9519602405392,23.4120538662516,19.4610032866511,43.0494603992918,29.4460437153681,32.6857442608131,33.9602274568476,27.4767561297266,18.7569026077177,39.8459420971441,26.9432892557447,35.3626867351424,36.8473275089429,51.2055055666487,44.1595570685239,41.3262782017837,25.4208881135682,23.1773772269718,34.2936896002092,36.0702896920067,29.1608446955672,18.086156382121,18.3300767141802,27.757783692814,23.6825325947531,29.9202511037646,29.4815895441328,26.4156250078847,19.3811065611199,38.4321819311513,42.5153115727045,31.0729350033174,20.6018845709262,23.7185476052015,32.5830809393437,53.3759920141821,21.2042223911971,20.9294143647445
"E264",38.1954273510062,28.9156324748711,23.085178872025,66.2523937294491,22.2339886690635,33.1020475183715,73.9999229901605,42.4264457237042,47.2982709897751,46.2760278322168,20.3410257507628,49.2574357653325,21.8777100688876,34.3272961381453,56.2489792288491,32.0938112572286,58.3266551157066,31.2130773156798,29.5730106446534,42.1660433048419,51.9627090364108,38.4123807917447,27.6196664304773,41.3134663124421,33.9779910664195,57.3576114667683,28.5636278377381,49.1354186902262,22.9501637951562,54.0488541536151,26.0270783633014,53.3582145875194,50.7471520490584,25.6290259713584,53.5598438660979,33.57787173678,52.8432770939787,74.8674954231242,25.3696522542327,58.4458620036166
"E265",20.420126952933,37.6318076649935,16.7824046493784,37.0946265707516,12.7030239103037,24.5208695773507,23.0928558223129,33.7815108478818,14.4885454482565,21.9754406838782,10.3285077617651,30.6753096953658,15.5678655827149,15.5220347708494,26.3062799000562,53.3881170859643,37.7879106055486,18.3935648639924,20.403214801919,16.1647501748653,16.5204551318904,14.4888307444222,16.6853383898383,12.1628502162597,15.1810106874991,31.0479638469205,13.7424503616918,30.8090180754528,25.0698293050807,24.3427251089196,29.0890294070843,26.5896126749635,43.1091005854698,20.1465413313297,24.6684316376929,27.1020981062461,43.0182993184245,23.1241571305323,14.9872966946191,33.9406500574427
"E266",40.2430498546514,15.7544775061497,18.3459601550428,30.8412612170236,22.1421104819446,19.9731202128624,25.7934552942777,30.4773259405796,32.7615444997444,13.853690364409,14.5342274683897,23.7317679261921,20.1657068674259,20.7751090897409,33.3290115746554,39.6660927256231,32.0083726819798,25.0723654395145,18.3008972879475,33.6556231689484,37.8387966950933,49.0420046363731,17.5059142255531,18.2055540980764,20.4421344313292,21.8305283110313,16.3185299609449,34.3786210846608,23.3268461249118,23.2146044292257,18.3295428501062,32.4580735499445,28.7145719783584,40.8656488047886,24.9692610434755,37.0744572545094,23.28269473403,45.4934995434119,15.8139502078651,32.1476111615293
"E267",40.914306800395,31.1089532033258,31.918359026641,56.5796930191126,17.2264117169087,23.0456467349899,24.1097005717982,43.2167241712074,23.9393491232506,26.4494428486232,18.7335888785738,46.500711249465,26.0148858316197,34.8544231278962,49.3758440826518,60.3985933473286,40.6281968272817,47.7669073735577,17.7178742226,26.140459997415,42.3810337924405,42.4070145411707,16.098483397829,29.2935007046642,22.1761547579752,43.5701107064169,29.0590986248786,34.1512288449566,30.8251423248606,41.080037225604,40.309847739294,26.1644067478843,46.6359744194994,47.4671920851245,30.5004736243911,38.7607553722894,35.7754574725435,46.0771634355365,27.47320519279,38.7323871551236
"E268",28.1254703995253,20.849683448377,31.4608942696745,28.8901500663253,31.9176242907708,30.3652819940818,28.098455638191,41.8186160145151,46.9655444679807,19.1561160409384,17.7982272531616,35.5738424138946,27.020301978533,40.4927560821708,48.9333052321819,35.8566007167527,37.6207242741621,37.7028318294813,20.9754155595925,33.6723619921919,44.5287492987345,33.5807378083516,32.1292644190764,23.2815546712109,37.2233960869701,54.558061405802,24.2126963177874,45.7374811771878,18.9532865866081,37.4166908395025,28.5049221287129,42.5605718885089,69.7479638333158,27.2022029707165,29.6327613335969,26.2972678415613,45.4069988792165,41.7772419698689,21.6214859438168,36.6368699283866
"E269",23.3975835652874,20.9720588972925,44.1025288146631,29.7089751794366,24.8501816310763,13.8440575979026,19.9099989995862,26.5947497825121,35.0575858258884,18.6674839404579,19.4222469122312,25.3068340177792,16.693710132825,23.1678147035644,30.2904035581223,44.3211470714474,60.2109148938044,28.8182278976313,24.7909141902984,29.5469562971914,39.17402623521,21.2061666556773,29.3665316257853,26.775705453756,18.5976910634218,26.4349754363496,13.5448590529297,23.184129011488,22.5097574655917,27.1813771120555,24.5176195563856,15.4045040041638,45.4766839891639,20.2015943511632,22.4541827873902,20.5788445149803,28.9490903322198,37.7579038814289,17.8388555447122,25.249014469987
"E270",34.9923300551251,20.2372347047131,18.4290806604773,33.8695700857328,21.6689052390059,22.4391948333962,24.6652580382714,30.0421448721863,18.1710170448675,25.9656280540843,13.3007117068418,38.2325389385715,36.3860753076091,30.2857884060278,32.8154751731589,19.4943291268,26.7002318760391,25.3246483323091,25.880350730005,28.4719863907813,34.4237764908567,27.1081662719488,17.5796457577348,14.463704617923,14.8198477799405,19.2102857698571,11.9744433023154,33.3720876250072,12.6491468534117,16.2169193137956,18.3535673078608,19.3762250083315,29.6846884630448,29.829180431834,19.2983181957452,24.0888367721741,28.0661964020829,48.1456994015459,11.8234421221883,21.490454115341
"E271",18.537703916005,12.7907281039885,15.4232731951443,18.9840994545652,8.50765914803745,14.2018752393865,23.771082712849,15.0409668605815,14.1026293500437,20.2400982833321,6.78606105735013,45.074160293152,15.448918539282,18.1838585764979,29.0171582182806,25.5994809849261,23.029723398055,19.3097706940381,10.9800980468793,22.2132703444863,28.9392129954499,18.5525000230722,15.1308211005614,12.2003745690403,9.63465834718406,19.9340555436768,15.0780404843653,17.7659670716696,11.1109718228541,16.8517818857523,15.480728202875,20.4377910356058,34.6230331378033,12.6915103797638,12.0324572191364,12.5821242904909,20.2262996456734,31.5699904782342,12.9724562985744,23.4304033077709
"E272",32.1637470280656,46.9455547340616,34.4700329537802,44.046408202172,45.2458453839397,48.9006617888285,37.000599380175,69.7623808989862,28.073842753994,27.4872310656307,32.5258271064321,69.3167398496739,40.7921383323303,19.6677925515989,106.392993400395,49.2799133840272,86.0655416331141,53.8494350177176,36.1984191467567,69.8931841978122,64.5081318213714,72.188466598719,33.7473278491434,11.3683220508223,36.8971763123569,54.6486941252886,19.4159170355103,62.9340726372425,51.9728055774642,23.4533568767303,38.1879078782369,37.7872608063958,89.5846430185293,37.6526963104034,23.9072938544935,70.4551232824766,83.1501731194981,62.4598050176438,11.1426012827378,76.2015118900292
"E273",35.8424211164027,26.539413236677,35.0719547559714,77.7781701936978,27.7836863234967,61.3273324274487,36.8419394131773,49.030805409241,53.8130373328041,24.0990267885243,20.7899654620753,46.8585014512339,29.3083289831678,40.3825027099995,39.2519583012021,74.8181085380819,46.2773333214038,43.9406580856566,49.1449799602232,51.376858062468,31.3225048278264,50.1901207264925,25.346492157061,30.4561888681989,21.7898585115101,40.0982831564302,25.2362106885332,46.9812558071645,27.7716850114729,27.0405204280548,29.1901568688757,32.3332275499972,92.0876102503082,27.8762068057774,43.014082615662,56.4360400683886,25.5243714785769,55.8527136540495,31.8226268508768,48.3495508679097
"E274",16.5110556358048,9.59045608502904,13.1714819421549,28.1906776094249,7.44184192334076,16.3456832499375,17.6877883110164,31.0208463679501,14.8961760114419,12.3865611212844,6.18554822720527,18.9779785044389,11.6075322710533,17.050608449678,30.5827132112764,10.604565487579,15.7510711236744,14.6576785726172,12.2934749280984,13.1241185383984,27.963975884514,17.1496239763602,17.3897788099639,17.6419336357852,10.3305765527908,12.4453979905879,12.1848788793705,17.6162860702512,10.7441221908607,13.3382657626694,17.6760971979158,21.1388792223694,39.2776123370959,19.5640831214958,16.5144235981845,15.590863743783,18.5904683912872,25.0658791453979,9.5395784640061,17.374097187157
"E275",23.4227548381614,28.1512810940011,27.3548091876332,47.2819261350137,18.4680422788715,50.009033998109,20.3096739528864,61.144655790287,45.9183681981228,36.0823407658828,20.0114759942978,33.3058746127741,23.2662938029876,32.7571109435619,59.6244437479378,41.4070216511295,57.6345976345345,31.5738830588674,36.2317328811434,30.978877353046,32.2552094813923,44.1452190780307,15.7597506867431,27.6725515459832,23.1540179809635,33.8296042682206,12.8156438444235,35.3093040713883,22.9440626315781,39.1583187618914,28.4320278633467,32.1552654605351,51.3183309194086,29.036754010449,31.3137895192656,43.9528422998977,49.7964200754935,51.3355232983629,10.0871309129389,27.9184158034125
"E276",48.0219385836587,51.9854278700607,9.49177220171776,71.9014804591092,11.7824116601819,15.5934851160951,65.0721736926165,25.7410375073063,19.6441305031527,15.1986714346635,9.77638555098417,22.8592574203551,9.67946248818356,47.282054980706,16.3584307467508,65.4749339796105,14.7066144215023,57.9718179082588,28.3703613903415,23.8311863911931,51.3489088747803,72.0883435880199,11.8328757035695,10.0612812743019,13.0882051220581,50.860844323563,61.4341693502391,25.1764109743064,70.0936238889817,75.5894991979054,44.2817970400381,30.5691410567869,22.4392918774086,79.7072867018312,18.4455691770889,55.3548429756601,13.5017914967455,18.3153189938548,11.8057608752183,16.8642542405679
"E277",40.5503722273226,42.0296791467797,29.6808305928077,43.1826262296596,35.988577842521,44.4769003714208,37.2965224980885,75.721713158482,36.4911937669481,47.4707022258012,27.5109781811142,36.9057872976811,33.5468206224406,52.2780076071503,99.2765059880658,48.1420593202892,56.5349302339701,38.9313040345977,26.3474354610955,60.3997137323863,36.1432236191219,57.0701408411609,19.0633542589831,37.1097476097471,18.6282579646383,43.6854727890627,23.9836441655203,46.0870072977652,28.2693660402661,67.438854142996,43.4920727998637,43.8380430918476,47.2549558089585,32.6029440156366,58.9688163294388,35.911230247226,79.1656826003378,45.834585292386,45.3540957326697,42.0340513733658
"E278",16.918519740813,14.463801901644,14.7040173825862,27.9097402381046,11.0361722263362,12.765465408682,25.7338867404407,16.2888595093944,20.8969537783227,25.4687907388476,9.92510850893601,26.6972033216005,16.8360806730805,17.9475376680631,30.5080604194176,33.6591726978144,23.5035827399431,11.5812409313062,16.9200458234147,20.3090114432135,33.9795364916724,20.2582784790696,12.9395537805574,12.7542659329704,20.1630168674973,15.8235779706379,15.207628202545,23.9530925640355,12.7316204027583,22.3187145458358,20.3318032067015,17.3021373665331,22.9455365272322,16.0378051185582,20.3921053231781,19.8764129888077,18.709914188709,28.4575406586854,8.06632976006125,14.9883096141232
"E279",47.5648746778977,24.3433434789074,54.748047766194,68.6438766332463,24.7478560173597,35.6620336907473,70.213593866217,72.2280447359699,55.0201904756797,34.6572089676427,20.4908879825174,38.0568926813374,33.3821490535793,36.9610512887948,32.0787513592545,79.9148745777705,52.0418952587945,50.5224641714701,37.2801752712493,35.021016982874,39.3989074093961,50.6723416363705,35.5642709669983,22.8873185840479,34.2046460577493,44.4600411513101,47.5195776770761,38.6675863389919,21.6737279374735,42.009683274994,78.1948530926805,39.8823686545147,57.4678245394939,49.3536953631449,62.0102309596555,27.8666681899481,43.6839026380769,35.2728181705333,25.742007275018,44.0780038720735
"E280",43.7963606367729,38.6619496021536,46.9086654641047,46.5000446542329,28.8809559344746,48.4558908050634,51.8162298661837,49.1730514912928,38.6385852189149,53.9098636647396,38.406071154425,46.4274245394524,36.6460116871284,27.715510611193,68.9352672915379,66.5201847600615,85.6302124636551,40.1273812213405,67.4470500667231,41.4390734719088,43.1472672248468,45.6163171524979,33.7168985066507,33.005505687278,34.87799274833,38.5737631898704,20.4770796315982,76.2009285573919,40.4183040934256,55.2315584398179,36.5418577061598,65.421840016729,69.8628246270684,43.3346493278922,57.3132370190313,52.2366560718849,54.3829266842007,47.0767501724168,42.0207581009861,61.5763901559139
"E281",23.4664705003658,20.6706710657568,24.8253755893009,39.7060778978981,18.610067094884,23.2592172557316,18.5121035686522,39.0988880310719,27.4063709018429,19.4920258591221,15.3548441755442,19.9257217170083,22.4321643410058,19.3448886593702,50.1106097756074,30.8460673510361,40.7409730409551,32.4926796925139,30.2627331594186,38.8695687535353,27.5604950388393,36.3932624209637,23.9812685688696,27.8489998556294,18.3426308453121,29.7231033363675,22.7674741420024,36.7755559542943,16.0626991185822,28.5942597399291,28.5384359906511,28.8337385468548,36.73071019825,26.0869486313381,31.7958647406011,29.6710885465483,40.3056937851606,50.0009615646944,16.8748487131104,33.4881591114171
"E282",29.1565104921814,23.1251148624896,32.2737367905661,43.661993483036,31.6573664822749,30.1753538672715,29.8811486424291,25.94026175643,40.1166559275032,22.1874909615937,17.2431337108769,26.6969655850702,13.3396945067298,16.6821549776219,45.2503886280344,51.8181037340786,51.515211648371,24.6371213510194,31.7929955502392,34.8204710583577,27.1679887732129,39.9344818250746,22.1135021156002,23.7003625506063,27.4451287099348,44.1434611803406,28.2191843559862,31.0819806342042,23.0763625359823,36.7797785337088,40.9474596890162,26.8014414567623,37.1660767268109,27.733757311749,31.298884711685,28.7218242877858,43.6865089144499,38.2772879613111,26.3140231036628,23.8196433489841
"E283",4.54526893352158,4.90414338908158,50.6629918524545,80.5829434918551,33.4737127761355,50.2967422927174,32.8893708533779,66.7653591565588,29.9342952319005,62.3145574885231,28.7115582530374,60.1632122880829,38.4141150549131,2.73265596735291,4.43582427129149,85.7008477767264,84.785298664584,27.7169019885765,3.67998193041421,36.93643888518,38.6124369770993,4.39482929208316,19.9022871396808,22.2937761892691,38.1372436734071,31.1404012155561,5.93134739226662,53.0860508204595,44.0482732467898,56.1689005305085,43.8018219312391,65.4022242769343,76.8648124631343,1.09987438214011,42.7207958576601,48.1009075645014,28.9341792517143,83.9729466100183,2.60054164705798,5.48229462257586
"E284",46.7084544559231,47.9826447352203,52.6893915783174,77.0036674297821,39.5464369839617,39.0943437565733,63.3595425670881,73.0143449401572,52.7152385147002,48.6230785264314,39.4922312624018,57.5699296940939,30.2652811602334,31.2393492273886,86.4057851742352,115.878651508177,49.5644942243867,45.2142719616177,39.388186797561,45.7359311552408,62.5033334216752,45.5549826198484,39.6716384141822,28.1507100209088,35.4515345472355,57.418257673553,36.4881516676935,65.6539375954208,35.2703851070273,67.5527845676285,35.5954409497972,45.255995488921,71.5873858450056,69.6396604078899,30.1280332320837,48.8202181369531,54.0181220554131,43.6644170899075,32.3711447521533,49.1865315033695
"E285",29.8441947464303,23.3524986023732,23.5006474174716,43.4382661667831,16.3525095888631,30.1650271524079,32.8558967165373,43.3498544579243,29.855118222258,25.8399162061277,16.8351989118084,29.0050080598319,22.0187077852322,24.5370367284522,41.3349747128018,52.3680765173163,51.3720539464274,42.3035171209137,25.5085081335537,14.7419674993802,36.4928818850522,22.1235272282578,17.012824871031,20.5670570812852,22.7670129504839,44.8047370388205,24.442179009217,30.9888407165937,19.535389130127,37.2167781627899,23.2101772294262,37.7391493481713,31.9745242276537,24.1810003706148,22.5926172564749,32.0980918662936,32.2768623403963,48.7000905747394,17.9425435895048,27.0732369149483
"E286",40.1713128954869,67.5846674617262,32.6035118271081,60.2427245639534,31.2196368086588,56.0706939312636,51.928878661614,50.9060652484138,40.1639987520782,56.340992977972,17.1998420040626,39.4982777844811,32.4754180756059,48.0775799766127,58.8442064994998,84.1791344480897,56.4298675953928,42.5708759894677,33.7445422266506,78.1901585842994,77.2707731360767,54.9520192591133,36.7859280934642,45.1735777300391,30.7086434898021,40.474470727614,32.7114840397037,77.3999423020354,33.9663216337779,59.7976435120696,56.5815509341985,29.6018816116525,59.7498933570883,39.2607069383111,44.1052979670301,37.4542017072932,46.8840712526453,62.1442729221242,33.8419041719099,44.6510723756131
"E287",23.191338679006,16.0639141755193,16.2814075870889,23.7147416164804,13.5076956521934,22.8115667815163,23.8260419506508,28.9456303003522,11.0841466904385,12.9303688725534,8.91166172441725,18.7528544180547,19.5750032417238,5.7258799040969,36.5475483965935,24.8211657466466,26.0699720724896,16.9985923356149,14.0394269074209,20.729753583389,18.4791937207703,23.6762640663294,18.0265442287318,5.63254314097432,12.470831858805,17.8697115036861,7.14531757627415,25.49257719692,13.3011725477852,10.2895942816284,13.9192607384122,22.2516439097328,42.0735249910113,12.5174627408312,7.9639082329731,12.2751122989611,28.5461249099684,34.4157222825294,5.84113469258657,21.5672682906014
"E288",16.3295324793092,21.5173317982402,36.0389786735585,53.848396328684,6.57911918940663,55.6089163615788,8.04872153485278,19.9101708920169,31.9458151387934,35.397965417002,8.01919454919169,18.2493846914479,10.9544355496843,21.1216952698835,31.8116095197029,78.0202911898753,50.0041463051454,25.8337692302603,13.3344037028613,54.0362621772818,21.9418278486737,31.271856300654,15.9997976890865,39.4566331141138,22.8366893790244,22.0808788566634,26.516764604738,18.4397682211305,9.5146713292745,15.297863419137,31.3776702120779,35.4443859503474,43.4465316553459,14.0506851068791,16.3331011503457,10.632835196775,43.6190595530528,56.4861661096651,13.7518079214364,42.3876483618798
"E289",38.8610694648104,31.5479300327002,52.6145166860144,61.739091076802,55.3603448933632,34.261156838215,56.0576884976383,52.3190598121635,72.756185893872,39.9195077440375,35.0455265992677,42.6210867182288,38.5604379488588,33.3395872680406,96.2381860892024,96.2519434310829,67.2524588600686,48.0827101263931,31.0452039265039,58.9414883769683,80.3174267338851,88.0220877270936,23.9731729007443,32.8667795273849,39.703298023947,65.3818208094152,32.5921497737763,58.9209755655151,46.9237926996814,25.0420600635827,44.8051611681706,73.8608572913767,77.1968134621978,62.0401413369101,37.6659870853038,76.2062149959701,53.4442001917835,82.2971859211988,28.6042360282691,70.626014245313
"E290",57.1130556104642,59.5242091808127,76.5145772137663,81.8138303595391,41.3388356770842,55.8463640317594,40.6043596410389,85.0414810419093,64.0120132474785,58.8731869124077,41.7119337737097,76.4805132636495,48.487669222242,56.7963854223561,153.280071039189,139.559959267948,100.705369969276,79.214887822166,70.2703410626468,67.5315784659846,69.7397486280352,107.231133952892,61.1529254932857,104.407362237272,37.0591149859663,81.2552376239789,48.8252150192612,86.3070709329417,46.407349242085,85.828665807833,74.693944645402,82.6834131808432,62.5272882449468,61.1162653584495,86.0907488529769,124.850751235387,86.2284342767775,111.190308579252,46.8457312067026,52.9091839505265
"E291",57.2350327381829,48.928716433896,49.5486581918337,78.3935882128529,66.4128994529932,96.1381482266223,63.5164588847123,78.3950866416269,96.152192315033,82.4608720619026,47.6217399994627,90.0213304067282,37.0281148603159,65.0969361704976,122.054961215567,136.347967045855,124.483863449637,68.431907039473,63.1482516706049,105.58614010296,81.1614846956315,84.3163988501627,38.6201521146268,33.0906073522659,59.1631509893121,74.7764494619157,51.6826646110668,86.3623923294546,38.6928704701635,98.3051106916758,59.6246944917052,92.6235648028512,152.081409309854,90.6848371291701,63.7465931029066,46.3932402562464,70.3412718436193,95.3878521071852,72.3119564533782,69.8428218963238
"E292",19.091149444293,14.6556395708024,14.0445612950293,39.6594898227532,19.4595731479669,16.8292261125055,23.6344787975473,31.1798929443719,19.0668053324894,27.5814523007688,14.1526802868771,24.2093061907329,23.8276875997427,13.3360631810472,35.2427029754859,37.9316232429416,33.2822648892528,18.5893003777979,20.3459141476955,19.7135133140376,26.5259834132791,28.1750298452996,13.8430264723874,20.5019791544716,21.6303674390506,27.3843731672564,17.407689033566,33.979594964453,10.8383923718485,26.2717969884011,23.853646023362,22.8579211373478,44.4517052199338,30.4625354148777,16.1349935320736,12.0658089937026,32.2574706308881,28.2595004045537,14.1230362081233,34.8931580602139
"E293",59.8303077484183,36.5715087181171,44.0754167125073,73.1589686687195,26.4342245620884,87.4950187669651,32.9730313342344,40.1772637368609,47.1294593943756,41.3139115613222,31.5882526267532,43.8949169900507,36.5775082546233,43.9600898751819,119.748368116567,71.3249418444784,74.8417713638032,30.4140653164474,47.5059060122423,34.3395842169543,81.7478305109647,59.2225301074156,30.1423225451288,43.3329290785386,33.0479764010573,63.7559509502575,32.1910399080025,81.6615731947128,29.3808360294189,43.4553454152893,53.331415421054,37.282099422017,68.4525878900329,45.0397864815682,54.9891088059301,57.1329104163345,55.8837959189667,56.8246810802923,38.8936396429292,44.1303298592503
"E294",13.560988742179,15.6492341150558,20.6736041515412,24.02151518562,14.4835088781861,16.1816697620386,23.0767285838786,20.2513751975219,20.6988397815256,24.1154742409967,16.2976233572148,28.2791980465945,17.5339522215748,12.6710557246248,20.4191254741762,48.1582446913217,35.4236778268168,20.5060480245139,16.4187616567302,22.8623879025409,21.372453280073,25.4945535854555,13.5173452198046,14.0089343857314,13.5843410934745,21.6997050116792,10.8648670505644,34.2987630277687,12.2837890989693,22.1998141587301,24.8379813146358,18.6951815462012,26.3152256922979,17.9650265156204,25.4030617830636,18.094047032622,26.2622304062696,33.5272640275725,13.1385678768524,18.2931896772367
"E295",38.5294834953786,35.2188910486587,30.3850166447492,3.61393501539715,2.52046135626733,30.9610822182358,23.6478582722491,2.38451473787427,25.4280238793033,5.43888720357791,23.1661600632618,21.5437546807558,3.26102082640864,24.3952418951813,57.3587003363393,45.4158934352062,46.4552490856049,28.1236515566625,31.3804695402246,32.4369020196781,41.846520538883,46.2810505109836,26.16313967681,3.3120144486893,35.8000489285687,37.1516462150638,3.80826475587673,38.0608660567126,26.9929422956764,29.0994412316715,38.6606484134497,4.92545450129546,1.63009770354256,28.4856097582697,58.6353533112523,1.69123204099014,31.1598927594701,35.8212520896737,24.1708736976343,33.0719490249489
"E296",51.2523657891341,42.1245560463847,33.6844116827279,91.8861961662586,33.7013693776294,53.0854072131104,28.0393545311919,57.5354857955024,51.8519520745758,35.4590506062761,32.7142769752491,46.2534001130513,53.2854877445144,39.0229143742345,74.6351794389972,109.379722945952,54.806206019117,56.4443893127657,40.6893484341114,57.0888479112067,44.3945511245458,73.346900817231,33.8692213045967,29.2087871791568,26.9591011869297,51.0995834693174,31.3108494118033,72.2167685244846,22.5464368018256,86.0337521507185,45.7932906360345,82.6650355962997,62.4647300593952,38.1651932618621,69.7225590546032,42.408316884836,41.4071383959451,51.8379826026934,53.9163359100146,57.728790427159
"E297",48.2515131279854,25.5906990098661,30.9321479892257,93.9647639063819,38.0577501491314,69.0220760363899,39.4724321543645,35.1143784904769,48.5153040953922,25.7967396084348,19.9630516624194,52.74711884645,68.8320609140578,28.5962530663187,77.9423877249386,66.7835675593135,64.3339131784508,36.3956524069383,16.3153918836135,45.579982508183,53.6551775628887,46.8671747596209,21.4830760445241,20.2373315191968,39.4355568129627,46.378471377396,41.3712740811466,59.5910152428263,15.9363777813849,38.3191345512619,77.9207774106203,36.5819820612578,60.997409517166,36.5953906527519,20.4480242629562,45.2835083164028,47.7735458887701,69.4318725522936,27.1794068661014,30.2297664636511
"E298",28.400227208591,19.3778505557662,21.1897375787107,56.058552071843,19.7618367996958,48.730329848893,25.9106127555387,26.8416831178732,32.1923466290167,19.4748024332129,19.2313540651173,31.7568010911878,21.9038687181133,29.4752207828656,27.5422660786268,27.4054127496711,20.5950134528166,38.4034011454151,16.9618609268614,20.4586582609012,38.3662235324636,42.4038034432079,20.2232669001099,21.0387477385883,31.2530242108864,43.5023699549289,25.3351357845079,34.0393990380573,28.0501845860081,40.8816011187667,34.5599441078516,29.4043814246625,50.1240967136692,31.721828986989,21.7538110073503,27.9177815558999,30.9079645884499,27.0953697182632,27.9293485375073,33.7233477026298
"E299",9.71305852140762,7.91187147843923,11.3754482630819,13.8433788469854,7.69041251189737,16.9336509468266,17.624439926122,11.4924943249878,9.72514165142347,10.4901995007012,7.64283830644418,15.8490339694904,9.59359881476741,18.7393437253784,18.7180686316511,20.6591205581296,21.9053296279541,16.7324789588243,11.0625428600447,16.953764011505,23.0482698474006,28.9657106926637,8.01539700655995,9.50946173746431,13.2608129960112,21.1849871306191,10.0121440053513,14.995277172129,15.1281698122648,16.2324760505421,18.2751111514668,14.069539711125,18.1276085555861,19.7035880483737,9.9680496787678,15.6365631354632,9.63260738279966,15.3668102389521,6.79253152532317,16.5303354636075
"E300",26.1245564645851,21.4435908226622,22.3747812389427,33.759069995533,2.43842487945221,37.1950849775082,5.11807549069636,34.7195340592284,22.211022718348,30.8142501792185,9.72865834920639,4.41135249822401,2.08324703411199,27.3325359923581,46.9144911886149,50.3728185047009,3.2987802058924,25.980671741061,25.4817777118187,3.98842031508684,46.5980378648588,25.658294652203,1.59138942393474,14.2399445060955,22.849850403699,31.6335935821471,18.1330960711403,30.3714102932568,24.6965930758115,30.9925795196309,20.1126848074248,35.7653745213349,31.1995796639877,50.8722616085871,4.50342398160137,32.5375267443868,1.9431874670554,50.7456723846212,21.1717541402745,1.11216236976907
"E301",70.2364479178251,51.9514624411572,42.9439559610442,53.3349448887925,33.0999787533354,66.5486258989816,50.6057193680184,107.116218172474,46.6483594264073,74.3586171103764,23.2148757197058,64.1278599416571,59.3430436961869,34.9464534062712,58.0032146264516,103.183683468743,67.3213620936385,53.1736364631608,53.8329791796547,71.1966690472128,66.9570795726889,56.0072923357646,51.006889697274,32.0618366938221,41.7896116036855,88.2627266492836,44.3982974624746,65.3145639342906,44.1480810709921,73.6807426416723,38.2854301819095,53.6037646474872,123.76683929145,55.5335641917404,54.9749540372476,74.6283285127039,58.7770316226243,96.659712003808,51.580666479349,90.1590342937174
"E302",38.9630202188542,26.8899468755622,42.1312220432466,40.2594045163959,31.9494212754694,59.3871179699873,29.8200071828559,68.207230539387,36.951581363238,35.9580216060753,18.0737473820178,35.2522667598208,41.5957038205766,39.4228588765246,48.6366682850225,56.8168411273697,40.2987570832155,24.5313577141963,20.9778640275839,37.5214546806227,50.6319704010279,38.8646698886928,23.9966630439839,26.8147056015781,17.8480603774281,58.4335773445813,19.0697230660967,49.742288540134,20.1277666971262,29.9530419004164,40.9886212111293,24.9734570679938,52.5688315319972,36.4364539870193,41.9585062844202,25.355806477895,47.638433206114,48.5835804433867,26.2767767069037,46.9814360128106
"E303",53.8911235838077,32.9950224172766,43.6071028968968,52.8742981404997,25.1082467710934,38.1803016135948,40.379503986886,105.854449466531,58.0221177531474,51.9337749460143,17.1806915767987,47.3556813691337,40.1742515903237,31.7531072693051,63.2426443221909,59.7503787941753,54.1130648911588,67.5835064196835,37.6669111289772,53.3616021749979,67.8008824735828,62.7360709755072,31.1957283753506,37.3998948212041,31.6090619755176,57.7395365955357,32.4582443633242,68.6050088455706,35.212208930422,41.1865119041427,45.8086028844934,44.4270255776459,87.255063530737,62.3915019148764,53.3555509875983,55.4823745126342,43.7480760160197,67.3419099239945,31.2002695384032,44.2282275217033
"E304",46.7741805587777,40.4980962578583,30.989897079346,66.0699634238167,29.8234085196547,39.876680669195,40.9781991812256,39.0905471482322,43.8491338876232,53.4052027067984,26.6900852962185,61.0324983461092,33.7997887343205,30.784764817315,79.5264810803087,95.9002863733328,62.5642185009636,62.8010101244177,35.6564251542915,72.4460854720976,44.5950700589223,58.6757846529139,44.3527835528529,40.3298406320825,28.5086657446186,59.7753485489998,24.2436642810585,62.6001428217576,35.3493027094074,38.5973381669959,49.0433410617866,62.9134761253577,55.3918744287384,58.7595685249926,59.7812658950893,21.8911313808881,52.0338724277022,67.5003281511511,48.6109346225934,54.2643563291983
"E305",28.4606019241419,25.4622658880885,10.1552924528413,30.8353971677193,23.9228276510873,34.3328138022733,16.3923574931297,38.7022988226941,21.9707448960049,22.7010330483454,17.9922040021797,21.8341735722255,22.9089055446422,24.5394979974076,27.459371694896,46.4700353058561,29.270347831024,17.0730493625033,14.5292282589535,31.198490879309,23.406518780193,33.6681161519106,10.6073681793063,17.5152586776576,22.0449524802688,22.5468558397978,11.8338244159211,26.8548649543372,16.8686530524092,21.640304647339,23.0450722230786,19.6391062263397,49.4807567977,14.7102274105063,39.1501756489218,26.7697114001121,17.6709559240847,38.4377078432898,24.722362467296,16.7330038564439
"E306",33.8092633104123,36.0677754571281,30.1848361183162,54.909832749447,25.4992485408436,27.8652765478641,35.3033128501102,45.2890427016589,63.7392310266154,38.7322916839691,22.5461017349007,34.867718899406,33.9017561938086,38.4679106183373,39.9178632462248,61.0762605930421,50.7209804612074,52.5479072728611,32.8102484863443,45.1091633291824,28.7360714581787,49.5319437101496,35.9750257625205,25.2430298568839,21.2967276886824,46.7231135570401,39.2131188722496,32.975234083209,21.6991688326541,37.2974528540788,46.499719205265,30.1114368503115,70.237528914716,46.7607592230048,36.3151433653975,38.8749098695491,54.5299219260494,47.7704313732155,24.8991678019252,73.3177901241526
"E307",23.5350402228292,14.0383185619561,15.0497194882179,27.6019330178752,12.7907774299389,17.4671128872606,15.7341188340354,24.7215136475791,21.5037926110105,15.0726189521842,12.4108320979145,18.5594910886253,10.0962971658488,19.686382528571,40.0587633319657,27.5377725815803,23.7421325132289,29.121222006277,11.8531787614431,26.3261869283092,25.3619091199111,26.9939350191861,14.2435366398046,13.7646667908822,15.6789681360904,22.1811078143917,15.148592779925,25.2545949429278,10.7638876893645,41.8154023609624,25.3391447550049,23.5853528985643,30.7960530228267,21.6752335355857,22.7984528976596,18.7091206165993,30.2809374678037,24.5039232066908,16.2517859129376,16.1019658091816
"E308",33.5937586531299,19.9130699489927,14.5794317298936,24.7686711708842,20.3049195574837,22.9153868994376,21.1095423239998,36.1982941889305,27.6615313837949,16.7487704462981,36.6037119955505,22.7135456868225,14.5275097216596,20.3677279037149,35.4132476919905,43.0148005789164,29.3125624367382,21.5025410226713,35.2907475492379,36.4346332958218,41.1969821845424,35.481326439107,28.4544492840617,22.1560943143053,17.7366972433047,30.3809175392266,16.2743225449929,45.3336495120862,26.9535491261984,49.6796166495564,20.227479921949,18.6146066485527,36.1071538453508,19.4985760505468,32.4939262605681,34.217487293893,45.9740729801896,27.9758932934563,17.6753935480852,22.5882389488413
"E309",42.514801567038,22.4691382868099,23.3958998752036,33.2942857259987,14.0290457687537,28.7368033473307,22.1152795866583,34.5726317622732,39.8425349048963,32.4103992647535,22.7075491637936,31.2860245572271,21.3244516508568,25.0909829504752,45.3341594134005,45.7446644481314,43.4966861256328,32.9693346922686,33.5601428733311,28.8907994393607,34.3496956945062,40.7355152103704,19.8846359256082,33.0998014288176,19.6575686094463,31.540722860505,16.953375080443,48.6894984887311,20.3646052234864,38.5422954396709,39.4980335953997,20.4763448284488,40.721366685366,31.7748839711984,26.5846930355046,21.6687762835951,25.948934729847,42.6929495523552,35.5462441382099,52.2538657034688
"E310",18.9699561528684,18.5435633960548,14.5370958732641,26.2250178575329,10.1687555315952,17.9037722246122,8.53146255695836,16.772363863636,24.9968107517916,13.8154678778891,8.33118371834683,26.7322040224798,10.2183937616176,22.4646976781399,33.2970996530453,27.6262529546331,23.7120361596071,12.5977353856206,14.1004285724447,27.0977473888134,26.820520746172,18.9527673116654,17.9970094408459,10.6642327020866,11.8508579628162,12.2749976664958,11.8184864982896,21.6784049464219,15.0810363702927,14.8743976469074,15.289161033254,17.3636596386315,23.2584627450257,11.3661984189582,11.1968207695456,11.609156617747,21.9493190727344,14.6951902463153,11.7101431706103,13.0193310950911
"E311",16.805319871127,14.3653787455947,14.3697198163825,34.9508113892856,17.7413373438683,21.8270706221585,35.2481851112032,25.7684555835211,28.452788249542,28.6324195028599,12.7130949204486,31.1863353089197,23.4181968042475,22.610967350218,49.6139550610821,50.0611552153517,47.4707717515322,30.7349302439642,18.0971942669242,35.4514344972337,22.2586946734739,33.1895587940146,22.3483605532939,19.711713873692,19.5635687444891,43.5108722983202,20.363679784333,39.9446280681197,21.1028052584215,29.810848485262,33.4395578750316,31.637238727354,58.6504620981341,29.6129059761485,26.0722328792995,14.7639385656606,36.6161580623104,46.441106156957,15.3409571586833,32.4026584876178
"E312",21.8756786824378,26.0947946807074,17.1443239491238,47.6681754694546,20.4922912279511,25.3562650595209,20.7580001825437,28.8575220724736,43.0917739224191,28.6817915545395,11.7252503082344,26.0939235750737,16.5369308884852,22.0917968078547,40.0487493131295,82.3597288401735,17.2347093444841,34.632293903539,21.522207012992,31.8407137029707,24.82250467873,21.9794478952396,17.1800929983297,12.8733406354346,18.8876193065604,29.007542525652,17.8196534239126,37.5345122586298,14.452502451867,23.0754613067287,30.8682483858785,21.7473974780268,38.6044349443923,27.6966261241504,16.1339075536295,19.7603665611075,25.4845671411725,37.9956422922161,17.0162286676482,22.2715113183572
"E313",12.6731041879676,7.75275552559704,7.93907672097733,13.2523300507845,4.02585266251493,5.3365966792995,6.561059859881,13.1734048483765,5.91305113021632,4.22441126642222,5.76603163852893,9.36633128262048,5.16661040546825,6.46375888090931,9.18909725961396,8.31398903016404,12.6158895884924,5.30230776595451,4.36481049135321,9.08572774150765,7.39445353645591,8.56680554193167,6.5528934958802,5.05794506765812,7.47961824594343,10.2277555839506,5.85563611923209,5.53321650931722,5.04059596688396,8.69131828983352,6.46046852942515,11.7974791052215,11.6383059853298,6.65211242568923,8.7466213910887,8.6215095186079,9.5829584630486,14.050772477163,5.51397375755414,10.05726927884
"E314",26.6150354141536,29.288836127756,29.6717331755078,51.8960588157344,28.2840045228417,18.2990181041418,28.673328722349,45.7316668361998,27.5979529580554,24.002384091624,24.5147537635981,44.3011103468286,35.189081133983,25.3016043289636,30.9006484492876,56.115404641678,50.0800906848766,37.4664332501475,35.9349522619399,31.0624508462353,40.0680358893829,61.5422687661918,25.400254904541,20.4485122432472,24.2730513244994,33.4615149582225,28.0200200867983,32.5176608530164,17.1293798385346,58.227571928454,33.6421400233367,31.1100427134695,61.1352909851482,23.5368249746898,27.0079693050646,26.3577407051681,24.1714083160722,67.206020085167,28.1432763361321,43.3090672727671
"E315",11.6504903136565,14.9455873021534,24.3229590238816,21.0701526346281,8.62639186766376,12.3465701265319,19.0982271660439,19.1292060855627,18.6695544856101,8.0842830187837,8.39645454456375,18.5919894397256,16.2991603959821,14.9256919575307,19.0604772128463,27.5181345076864,12.3375379542579,14.8252115885382,14.9173629736451,9.35573486336154,16.8255425441446,35.7932747995269,9.21133307764022,11.1172673006996,15.3370437181046,20.6392048004046,11.9837409197319,27.7509506765527,8.88959362062596,13.7917845811948,14.2455179225631,14.8685268986029,24.8878968051027,15.9971000968013,22.8379591158453,12.5011482619088,20.9520311482638,22.4530085266818,9.21760801768044,14.7985222958508
"E316",60.5089420436687,43.9244059325568,78.497659819438,65.4904679101419,19.4126245783814,55.3209056565209,36.8056312628061,84.7582576195549,62.1799479695428,38.379947179855,68.6824599658203,109.709708693359,53.2879089582484,57.4620185918109,56.1895973933078,81.3686520436417,98.0474831769305,78.7180143863873,40.6098646023576,70.2590628256627,97.5047001733671,50.0030531214687,32.408230719894,43.5552147050769,29.3626512610787,73.982321617929,45.4692310452204,35.9434433718027,36.7228046848482,57.8497233258312,71.8136842891352,51.2363984511922,77.0947211163683,50.9012549264296,42.9726993499464,37.7941959412934,52.6699090758666,62.0764119138497,33.8850391686692,95.7561207488437
"E317",23.687766599794,18.9573845265431,27.2015174393054,26.5363900588072,15.4546182056229,34.9884508816872,28.8294226790839,31.2210391562158,41.6525291865965,28.3033817181147,10.7192170149124,25.5056751527474,22.9510595163961,23.2043917433562,32.0545545185309,64.7869567357194,30.3839668547041,19.5557984938509,25.6789556425195,35.2143481667364,39.1139606404687,35.0332292983739,33.0264846291514,35.2154220736339,22.2211331572898,24.1981617803048,21.4310912782617,42.3954096815711,16.9801129348278,36.6651229314353,24.5917480019784,26.7973876914491,39.6782263264963,18.7225825603255,18.4286571776279,29.7765489145518,23.7944644437322,34.0105528618228,21.9411616083647,26.7936786682113
"E318",43.9595024589816,42.0729789523391,57.5018929983318,55.1725145711457,34.419448808469,34.1202449619254,38.4360354317119,38.4645751532324,15.8394617839971,22.3377592203244,14.3443995578109,51.954745315806,35.4829089130675,17.7419034209406,50.4863191856028,39.5121901406733,33.4976942945097,44.2943544406137,27.2437777599162,42.3758903302602,52.6666238698237,32.3993076658653,35.2290949305811,16.8244310646749,29.1059470715543,35.6780611584191,13.2917300515439,59.7552652111182,19.1925934361398,27.367456226939,40.1988212086667,47.751822539726,46.11214649401,34.0836118318866,20.6019728628678,40.3221470829464,33.7422734588266,47.7849993442478,12.8744797347026,44.5579549999276
"E319",42.372061513499,25.5910677506616,60.3754649477255,97.4847529975,35.3349477893902,53.0916746329405,54.9264239216554,66.47825392648,56.5050469185205,33.7560584322562,45.9188213769072,89.812809423838,31.9815018605602,44.8249136859262,83.0305953171996,110.338814226783,65.2948393502677,65.6638563128889,27.0021364534346,60.1310051209736,131.408902356103,65.6380439469424,32.9488865052962,46.160629815666,50.1490445265043,92.1228179213316,36.1024964955755,89.0361287509311,35.7620800971358,42.0383400646212,40.9823269216189,51.3934299852296,67.2339592386199,61.5308167317725,84.7072027710575,50.8123956488471,61.0965772776822,113.266874573292,44.7019355570146,49.9432925417374
"E320",31.5369099117394,44.1717177667101,23.8618719637708,59.8024093312092,18.1343217545325,39.8757620010484,27.4117546780518,37.3716119626922,48.2937893429379,31.360310368834,35.4746103446417,75.72527041332,21.4410888162249,47.2003473081546,47.3733775586206,81.2655411351103,58.2578663225306,46.4197180690424,24.7711196380026,34.1395624151791,53.6395916038174,69.0963278804328,24.4809047502832,38.3912422316017,30.5764541416223,34.8491591370513,17.5356468857058,33.3508597407842,16.7199181082038,61.3389874909154,40.7014741893327,31.5555033770781,81.3383846020378,38.5563375957129,21.5668276804123,40.4256664754622,55.7024916156949,56.5658922568882,43.3485446920289,26.7097630446015
"E321",13.3950738160385,9.42219140158223,11.4227793215687,16.4857605025108,10.3137371322273,8.33232577613955,9.57396033237685,18.6634628959773,10.1421499872566,9.23191847924985,4.56358012905644,15.2410074468988,13.5705593874487,9.26293640168677,25.1427939932868,21.3847509299301,21.0449451062533,18.345467927376,17.847267505791,14.6908469019926,11.7070103576661,14.6520269136332,13.9651784051647,9.10890440139784,5.63274699650143,15.0173996946335,9.24904151808791,8.90578857921045,9.83402366442783,12.8662543658895,14.5245526046581,11.2831336821152,30.4086063365242,15.8271470025625,9.00552985785324,8.25090022570021,12.9762498179177,21.6251219361374,10.1031441635079,19.5644637856878
"E322",44.8987530560556,18.9372944048678,49.804821246188,87.872584908594,23.7751124479031,38.7241051792725,30.0183356608769,56.1314627601166,33.5564800223843,30.139338385478,26.5337247194813,37.0779035097146,33.1866097746283,24.7151554064938,38.070612833439,44.145972522783,42.4612498315432,42.8024901855748,17.5572168351156,37.5547148014402,34.8600773259107,41.7968127056447,29.1058682107833,28.3776589524439,23.3230938207373,44.9018716512562,19.4654624666193,35.1586569875478,29.037569266009,35.6972772810817,38.8419560480346,40.0770458330387,46.8760771608394,27.9741158825494,30.067952453701,32.523225558961,39.847781693847,55.5045549589783,34.6180763770682,29.8952073530403
"E323",36.2790742374183,39.4462666311422,37.2276842929836,59.327133904612,37.8911455682835,45.9421346442388,32.8684310309883,42.4223798899944,45.4505477128682,48.2133614376538,30.6883549387441,42.9946082944392,35.7948201249094,43.0712677210224,48.2646902882854,50.5510680534945,76.6551072389643,32.6862160069344,25.0016429759845,29.9999053091861,60.0932402238682,66.1777522830859,26.9782929827081,35.1319181329625,31.2243003848943,32.5568467176225,25.7533886650983,51.8142383168708,30.1650033893025,28.3605533167243,46.091445295547,43.7878864835224,90.8135468824687,39.422443646252,29.0215380816857,33.4344512633141,37.782092375202,38.298660718576,26.4952667986822,45.9853851414128
"E324",22.399724378936,23.1540790588137,22.9399847513025,19.2103174605604,17.3930043482932,25.0587372683353,17.7150783049421,23.7873043047042,13.2037071616977,9.88504535163125,16.4589833108167,24.4976079720763,13.8105363238063,7.18503387720741,27.3140825232698,30.5356620192097,31.4549473983065,11.1930049268431,22.9525462730265,15.6115380104289,25.418224913618,31.5847726613066,11.4273381028112,9.10210357619508,15.561952317253,24.1313407852285,7.95844606293448,22.7405769915446,15.1006497269948,12.3438935833893,22.5672960166259,25.4617539238258,24.202437852071,25.0139877093425,13.6452590508643,15.7493898239072,19.1019651607837,33.1483679274532,7.84446681161136,30.2022623951829
"E325",29.0112176664508,25.5952085323338,21.2757264617927,61.8322635567923,26.3088054960246,40.1427937149665,22.6562223979814,69.0836610854158,3.80323571641929,3.01554221566767,30.2569310055171,37.0715567359578,55.1364459786843,38.079444019491,67.0424467400103,69.1468818323144,33.2376128988993,32.0314416535226,1.27995892916806,42.6588883549895,3.60564046446234,63.9763874878948,4.59099648660049,38.9536361253546,5.17529229773208,1.2949314948637,21.7582819408541,52.0723597942307,22.6052632564446,47.7425491422193,25.6708311200841,1.775113113923,76.7666103013204,60.5726935920006,49.6385064010182,5.923970841337,39.8565696044772,46.6466731307789,2.21113716857508,49.8486630745406
"E326",29.0120466134758,26.4989960244996,21.3834317563103,22.4079226459427,19.3495306764162,33.0920278981454,19.5005078541956,28.1326404740589,43.2218397403636,21.1629126882668,16.8306205429894,48.2118341276693,22.9684046332584,23.5654895036732,41.7508869943486,31.3995877760361,26.7255344075044,28.8890435166905,24.8377954806092,31.9982627514457,29.7784484408316,27.9880543083436,21.9047342862824,19.0939595909562,36.8539876914741,39.1224140737984,16.1150194442118,18.4532191282488,19.5047706576885,33.174755055207,40.2667505818795,20.8166731319253,58.7439226508479,28.1117584472785,20.496249839383,23.0908747478016,25.1698378122495,37.6726831023052,22.8394700860506,48.9255512844828
"E327",29.4362057376767,21.0465182833933,35.8100325088701,22.6193282735729,18.6904253305636,37.4189384265192,25.0069223270161,27.5472073439822,18.9078217621396,30.9023403588458,21.1246063946266,29.2029462859722,17.0895695618314,22.6609032491505,45.3622772606811,54.1273992747083,36.4389983134647,23.0158549861458,26.7783669360099,23.3173861119564,38.2919530026465,38.4037932756021,24.233172220867,16.4569047048081,28.146771793818,35.5760445855291,14.9565094295042,39.3767702438203,16.3057383331546,34.4973826382174,19.6157421568445,16.2424674898895,47.8716604267742,33.6007714562085,30.5346363524172,25.3501265055476,29.3705914111554,40.4352503837392,21.0965591312612,35.9921416746202
"E328",48.3009235942113,46.4496482136047,38.2346910486266,47.9376015803093,29.3696797772327,46.4124652081139,23.3600592792683,62.402543179417,45.572482149996,31.7812742606102,29.3906838514535,48.1472483908559,25.2763080352463,38.399181103545,58.8425903314076,56.2419898738806,52.934124342746,43.8346328967634,26.6494255300348,55.2050704221322,36.3887091538335,45.2668904696794,24.8285876273633,30.2102637821386,27.2904355035081,54.8901110414723,24.1443654451074,33.9367121746713,33.4350817325129,33.1307755953298,24.5676000945861,39.0854327815195,51.4645837783646,30.7270829538512,31.2341109832949,41.1843485153563,34.9495868087821,46.5612920970118,25.6510594805058,50.6106753823867
"E329",33.8516484070921,22.2277927202225,20.4483363039064,30.771898301352,24.6244784282016,32.29437492191,29.3393597662034,38.2894091120715,48.098895850914,41.3444871486146,42.5710398304328,32.6561320894559,24.6033874009254,36.5377246420157,75.2255667192771,73.9168692309697,37.2459849323877,37.2835663719473,34.2581649496874,39.1133443361265,38.3495205754725,32.0493162155953,34.3368308119574,23.5753401862177,31.5121786137851,25.4919217642495,30.0055860497988,53.2027947578257,17.9031729503689,51.1053203245335,32.5968220599331,20.9808367167446,51.911340557385,40.1121385102805,59.1735451864059,31.3370757871645,62.7173671202638,37.0368578838266,35.7297633724268,30.2898665309433
"E330",15.7215609617053,19.6121643813718,25.0921542922385,46.5596995131672,30.9624518859904,22.3547535517993,21.9217742031162,14.3617641717774,16.989437415583,14.4621537981479,19.0107153495726,20.7342042343695,16.6482922618097,12.8066880318613,20.2649645078837,32.7124574628491,48.151326531629,15.2750253614905,12.3452936694744,14.4777123758153,27.6847045712549,15.50822957041,23.1290340403005,16.4587510316829,23.2596092647918,27.9256943029164,10.4205334146547,26.2037883873782,16.6411802648968,15.2188812532816,18.2700800128701,17.752659485949,56.5679276094513,11.0018983789681,16.1183922763655,20.7487494139623,17.2614261368077,17.0398919235052,11.1981936633017,18.8022991232224
"E331",36.577564019209,19.4848832582862,24.5664444639003,59.2310566544972,35.1188862525087,31.6161655297468,15.8874975978866,38.1287196403093,47.1296581691088,29.7891506499907,26.3324448656484,32.6172719212039,12.7096510006543,19.3543394900401,31.8581192310278,49.3361972806554,46.1527749623609,39.5189394634757,17.1672481151032,49.558149461636,50.2589180751534,33.0441027982632,20.798455235435,35.0530244756691,23.9397637503118,29.8679513149113,16.3277642602044,30.390705882047,18.286092314049,30.965146277853,46.926643684838,39.6698020434432,46.1350385106132,26.5857812915585,39.6070353871919,22.3699672716267,55.2356673778517,45.3276325928029,23.6523138862305,34.8683001458727
"E332",15.6896492917852,6.67709368392223,11.6218661715407,20.2042033057017,8.91888915241285,11.1172264185016,10.8158751852507,13.6793059110406,13.0396428261884,11.8567629605231,8.30331192662066,10.9882738156287,7.24190068049896,13.4402558984993,15.3878201667691,16.9945565557446,9.71348577798619,11.0731588267034,14.6955376360313,10.6064788958271,18.6396527179852,14.1448282696837,7.86928976577104,8.56997200345833,8.37256801561719,13.4388574369888,9.78920048913409,17.9455288055654,6.75678539025099,12.3482716931634,12.7371785937907,11.3302508906392,15.8721539279701,10.4121979055094,16.2492698273952,12.0410599255619,15.5913703142047,17.0138562166142,7.49659217216145,19.2376120026419
"E333",32.7086083533389,30.2087529098471,23.4677749782436,37.2953353080256,15.381580227321,30.914668213876,44.7276421006855,40.4361935271823,30.5728445811604,30.8245656334521,20.0753237160086,26.0030458792035,22.8193360392496,38.9874726837774,54.0422948520659,52.6198433552628,37.6082158929074,22.2665041683121,25.8053475766506,28.6613170320305,25.5946381271662,26.1951868933351,18.8360169101807,23.3137926071939,19.6186196975029,43.3289057663577,30.7398832217698,35.7266301027554,24.4276868534485,39.7910739535773,25.1687509847608,26.7996393267393,57.1013267087312,25.0486748963443,23.1129132969282,29.9940718034984,48.1919469517455,49.5970433560595,23.0572833144751,30.6629015592584
"E334",27.6638701088894,33.1796026864365,29.5704080005262,49.4217473434203,29.2388120210218,45.919375406716,21.4275294762774,42.4369630875372,39.2145722640506,22.2557229527817,21.8647454352661,36.0187185816945,34.3894402652524,28.6136027181471,56.0367082640835,45.9734690149582,57.6336091805557,32.8710657642251,23.437378387658,39.6552790477992,43.2313210361804,55.2898898206178,32.5328115446007,22.7008101115529,28.0763385159771,31.6590574612308,28.6487311097438,44.2116171002414,17.9928742159815,21.9675689794412,34.8148480065284,33.0743382880921,44.7507283241058,27.1333698442461,27.266094981737,41.0812682150001,51.3674769960543,64.4078539614058,15.6166815166834,29.3167970601616
"E335",49.4981749157664,28.6776260277154,21.3604695646033,42.4384863814836,25.6649472694756,29.173684931384,38.45567060833,62.6395306741624,28.1439136554843,29.4745959831363,28.9134614360163,39.1598612193152,41.830876999452,22.2275092840328,95.7987118627523,49.7276515081392,60.0879353646713,36.7441611610182,34.8569708191347,71.4003869908525,46.5108907969403,61.6998683260571,20.632811798695,15.5474904455553,37.0213582191914,43.9524812255089,26.7175613050247,58.7851524330357,24.7309549589502,49.6601508344711,32.1297730356132,32.3109867249856,60.8581912218721,24.577070370285,35.7737751275231,23.5961321623975,42.8433369747302,47.9401839388494,25.5426567370737,29.2562412327794
"E336",82.4164074508704,89.8950893794001,74.3939010173186,133.819572038445,59.8910868760935,89.4522794861112,63.5467550182582,131.60782345926,104.781970548855,90.0542370529338,42.5374900287782,102.550998538228,79.9933465431624,54.4974034661065,165.906090308535,200.558601559337,125.337866532839,72.5149813149475,147.515746531556,105.173848943691,82.476625256644,127.446803701442,99.9154701196867,71.9860805183076,88.0730069921712,86.0300391832971,54.7477891620492,78.2593466262132,74.7904590821021,81.1666438451118,98.1563751585446,98.466791621265,180.62440820208,93.1457318549833,94.2117659152149,94.1592195141516,84.4190091715613,127.627235833173,53.1094321529577,92.6432367267412
"E337",71.149908150702,58.3074471624596,93.3110511207342,93.4517821115334,50.5905095313164,78.2068644249628,45.927968609695,81.2008631570934,61.0017140831817,73.722976092622,46.9159820845888,75.4799006907918,53.4244039380069,39.6490452023419,126.521339678098,100.350455708347,74.8866350922463,38.2211619833315,58.2088304556412,52.0889989477882,71.4038290293573,110.596136721563,51.1152247562685,48.6159095120568,39.8164616802504,44.4460655107697,59.5499850970297,112.700431694752,47.0553342742739,79.6532088947316,59.1370462190805,48.9317109361151,71.686718977816,50.1817977628717,67.6272574703063,56.8953661148618,122.03778053251,96.6258207688198,43.5221572689671,86.063146757448
"E338",32.4293627789069,31.0648807326224,38.9910734840263,56.3168734140869,24.7391674987807,21.0010847336487,25.9174090495082,26.1260720167585,37.0209910843353,28.1957382222656,31.5321956887267,71.2780128854543,30.7480606448936,33.5258840701163,51.5832554072048,46.4055106890603,42.7402814378016,25.4414191313379,31.4701627009044,34.5710658559097,57.2304808446371,45.3250747674107,22.1256098534093,19.5450498386045,35.8453770310686,27.4834589404564,25.0675613519753,29.693728957866,16.702174665758,46.3729644855327,28.7021545030703,30.5100633269452,90.407829919604,16.7528349967782,35.3836823511561,30.1220646117596,24.7787768664256,55.2432222591005,19.8648292695491,18.5048542843534
"E339",35.0862488705803,25.0607590370055,42.0828585850505,32.4177732731039,36.3702953481099,42.5252862758922,26.8657913167877,28.9583664687701,49.6281959010535,34.5473202772512,20.3531871894516,38.2951130546119,32.9314041528255,29.6165141225239,60.5434170444601,76.3978067204875,63.8443176243798,32.4042055464404,27.7007019871509,62.4581502143272,36.9470927505583,53.3752696321355,34.9186297243651,40.165656770702,25.324398852529,50.0065878379716,33.0096107012862,46.7596710923405,42.3628030347024,49.8117119259596,46.3884184996081,41.9869015735731,60.2764131427416,55.6042854760179,25.5660135348071,33.2973494379599,49.076536311024,49.0094289313277,36.0065569792652,64.632895354488
"E340",21.9204888959613,12.0002907696195,7.93745113862701,18.4653574901342,5.9458507949317,19.482096239944,18.2400465448229,19.2637547207617,16.1948968514683,18.3763119887437,9.12192222233185,13.8970305806109,15.0898086741761,13.8930265384895,30.3829574841594,23.4506076562052,19.5014276735995,11.8440594045497,12.2260628622953,12.9789612205945,13.7331173277523,20.9881887886011,7.89844845187706,11.6764652068672,12.0473158018175,18.9920241175912,10.4436272021415,23.458720727859,9.05322704144988,23.3620642599705,20.9988112363139,17.9962204170797,39.9976797434579,11.6574103148276,17.8803234700306,16.2933814961765,12.9531550580105,23.1632716122137,11.0171496924541,17.917397710359
"E341",22.5652664818409,19.5586599633347,27.0736319959957,27.4241056581457,15.3308449491662,25.165096499394,28.0432698364177,38.5834157039542,29.9774801342746,21.9099981104377,14.8240779386421,21.9894465944706,15.5125080385655,21.6864552401624,48.1851951969091,46.2625981819641,38.9066696211446,27.2042121625805,25.4637441257009,29.0047212012544,32.7192779969676,33.1943608975321,18.5808277872843,24.0029610177162,24.0438679744739,25.1983577512658,15.901547098866,36.548447277764,12.6186382513713,35.7836715187556,31.2870508570395,30.0033299772639,53.4178355126374,14.0086721003833,21.8355044781894,25.9689083032493,24.4873961826563,71.9269915982809,19.4481375770017,27.5980540593724
"E342",39.6017068697375,33.224153549788,25.3639491360317,59.0506513511936,31.6369737438636,33.0024244145375,52.2518556809157,60.1188919603324,49.6844388341035,46.2756097553558,26.567247581831,30.6398822120271,47.2440071560706,27.8689863247537,54.2438608369576,89.9931432964458,40.8143528765662,21.0422877792131,22.4192988574159,49.3129998795236,71.4087102931807,41.7720656780507,27.4467761357601,30.9678895240326,32.2055435972914,47.731950557398,21.099327308807,57.5687755824695,17.5008582123156,53.8467873693321,19.8945417915041,29.0110533143852,47.426904963013,37.5709250089583,26.614866158602,34.6893710862671,39.4614966331028,57.9184604858629,20.33948294395,31.3966239166241
"E343",17.271267382453,11.5612702798517,14.9237743821839,40.8871617922286,9.95329367091071,24.2160155319492,23.9420663618889,26.5656780067528,30.415974878177,24.3205877374971,8.03420410859786,15.4869407718835,15.8908219514002,11.540786896632,35.6010237254479,41.2262225213736,25.1584784272165,18.9714766171917,25.7161681670572,31.2721086411678,35.5309309796891,33.9079009870926,9.07574128779823,17.6089036833562,8.41814103770229,19.8113737527482,13.8180409636221,19.5557480855917,8.5346154818253,15.6044029083134,18.8428057628656,15.6537284198309,41.3255577821304,21.7762093476769,22.7794283519986,15.730887539003,14.3006028150046,32.3753870237281,16.0337332186105,22.4013276913791
"E344",43.4150988422957,31.1222444596824,35.5803310794905,79.07870968899,36.0494463609115,28.536660495879,31.2167135902173,65.3110632774914,31.7596434362002,29.4181313687092,24.6637929669406,41.5371317418291,33.9278332691634,17.3075856994802,60.1476922279534,57.8511320803816,80.2560033404029,45.3331400545082,31.866614005276,72.0801523558058,70.6457446023259,48.3987162613725,32.218187363788,21.9164554862045,53.2627622346714,61.0101652790879,33.4930246671299,74.2422134904271,36.0793366136003,47.4080560026986,37.477926498197,30.7768681628779,68.4923198438038,40.1383738087241,48.5284206043492,59.5531707189407,47.7754858372612,38.3475684237336,50.9752578255069,40.9148640909254
"E345",27.2141049433351,31.1959647551694,26.7173802453721,43.2257311268993,21.905117615374,26.9220568837839,27.3193958687436,27.7048781216064,35.9693374621676,37.2869053146806,17.8637214491905,35.8691895414801,12.096144733407,18.9556149236743,46.4235543324922,47.5431850561042,36.2783418188376,24.2168773239187,31.1062557097705,50.6885463722778,40.737114396208,31.3721622524315,19.5550792627024,26.1016583980692,20.5662917646096,33.7506976240076,21.592146934544,17.1827219703439,16.9711954833245,32.3286965416905,27.2116895175413,31.1517267202435,36.1378995457,25.8424406593921,28.6706839028572,21.2476727104395,41.2822534830371,46.4829976746965,17.0420655420065,54.4056623484495
"E346",29.1360474396482,18.2454656637102,20.9291072848797,33.8389531790949,21.8801204484022,23.3285601735438,20.992961609234,22.6842658783381,21.331390131645,20.4555234286941,9.94502263013412,28.1303438526772,20.732715129454,19.5520409938644,27.1024635082035,44.3133187062832,36.4268637546146,17.7436595417613,18.9415621862114,37.7186338791668,25.3769693674656,24.8208335912459,15.3724280970913,13.8574377096375,12.2018941364554,23.7393142221608,16.8715231794389,50.2543015015872,16.7170979270295,34.1522266593212,26.3939941337886,23.1096806729168,28.917443750394,19.1530937260274,17.4165172256026,15.7741559487066,23.6640223190167,43.5434635700486,17.8071900363173,30.615297074053
"E347",30.9120919041526,34.6697002914011,27.6994332418736,28.8106475620563,18.5844591295648,26.8092740274076,19.0374587418447,33.2934674658064,32.5551330345683,23.8162540324668,10.9716091315927,37.2639680223453,22.8121356808118,40.3311283448894,56.6652813870447,57.9224594744866,51.0005252310058,27.7239264561994,12.5829426391686,29.7254772365709,40.6855681744946,35.3585317827386,22.0937601995596,32.7618869207591,34.7533559606709,36.183375605923,24.2951014641339,29.5886466637129,21.6474631770337,31.2809210577087,40.166436944188,25.1756543228922,35.6223326899358,26.9086271965098,20.0231191856267,16.057002533144,41.6870441788572,34.6506917192411,26.5689103942438,36.8866008359769
"E348",32.4041598350921,48.9892140160393,34.6673356058055,36.3815840643336,23.0440857909985,56.1449652386359,17.4589055049409,30.9777991848954,49.1859227160771,59.1185961632018,33.4759219089072,72.6060317982828,49.8533602118368,53.7857933653026,152.571029496718,68.1891280309008,44.3542389307152,40.3684747859486,51.273285564109,65.536619303,34.0055460371324,41.812720117811,14.3503744334375,12.9190707840849,61.7421166755156,86.8719863661075,20.6778501237419,65.1960183640356,39.3436804312279,52.1935960050642,29.9561384906122,24.5722802223652,120.081304300888,19.2491131826484,56.2442087103331,58.9415124058401,52.9481924875453,90.7834358765057,27.0060992694075,29.1219271634085
"E349",46.8092673004875,25.0586661177854,24.010936795652,NA,29.0455772610951,29.6253387167512,38.6882785191766,49.8540759447673,24.5957905423313,22.5454270653506,NA,35.7423398938144,36.222842957313,NA,NA,61.2531600212197,36.3086180236081,47.6910710984917,34.3352684844707,41.6542201987709,54.7335934046236,51.7464760910742,21.3070658455297,32.249784208101,NA,NA,NA,39.6440418484781,NA,NA,31.0572087238296,33.0779551611892,NA,21.8680641905678,20.2219234022307,NA,41.8981986061065,43.1802603300975,28.6143409395153,NA
"E350",34.1530557402455,20.844070784982,39.5556351885032,41.2919848689362,18.5956710084314,54.6753608393344,29.7368420811774,41.6244202521259,43.7424232081411,60.6837683728435,10.6224159659513,26.026984815104,24.3001940653444,44.892881124998,48.287649054325,64.807366693895,50.4546520163881,56.4767206044436,31.1907932086899,24.3929976385475,38.3467540698251,41.5655295391997,21.7704971938546,19.9575887269736,25.3272557728072,32.988896954674,31.3243038864037,40.7892004882946,23.3347281271019,35.1362118733283,27.7126717846312,38.1466701478638,70.3910990928518,46.8777354959002,30.0079252267352,29.5495769693654,49.7552609114603,48.2328460535291,34.4682040449523,26.5881592448374
"E351",14.4856403176109,11.5585861553367,11.5291244794344,15.7059973202224,17.0624457985527,17.3241322843415,14.9780604861036,31.6008770912895,25.7755314534913,13.5686081040157,15.7565107101517,13.4127114653311,11.60929851242,10.5384726865903,31.6237322788808,31.6727127025939,19.1163477617946,34.0590226399798,12.5167113123732,15.4536466116777,19.2017024535706,21.6276834878232,15.5316107472612,12.5318947801523,10.561305874384,21.5749394633314,12.7083137136609,19.1700483592033,17.6424877128019,15.6276361956447,16.1795476149883,16.0890387569822,29.2090330846846,19.5705697954218,13.0043784237814,13.0537664774032,30.1926914511435,16.4319236384997,11.5399652195717,17.1679689186733
"E352",24.7033252253214,15.6285309862582,23.6331000878351,30.9790983220754,18.6431867449788,29.7229275122353,20.9512668123318,34.4952194910674,20.7655017640726,34.7107339820107,11.3175915524163,36.2537885567653,26.3831191246663,22.5637601233936,40.1793445815131,44.1206366012466,38.7592196678712,30.577588333414,28.1840883313652,24.1520939172017,34.239717876355,34.6874798489798,12.8748431108455,24.6592392713567,21.0309318864951,33.0500852322884,25.2027254296928,39.8186678124842,24.9946681388601,22.3304011166908,18.7547613286459,20.0885646592166,73.5049598883985,23.2645795164552,28.6826549049498,24.3257975962396,24.8883436891037,31.3250176879351,22.4715887064486,45.2788830305167
"E353",56.9950081232911,28.007182770466,50.8685101655844,50.7246646761716,35.175196763657,40.2404245940088,38.0719160097545,87.1502582879389,58.6348391549283,36.4935985662972,38.1831435536071,57.3679591829205,20.4714467028529,40.4753665461702,63.9044268508362,61.8942350153247,82.8490020924569,41.2483333650694,43.1439784922433,74.3433663080339,78.1307921845426,44.4862413805657,34.5952863444299,33.5750313622316,33.5722375705926,50.5625931806282,30.2376159165535,102.222547149394,32.5453626614876,41.7851172689484,79.2147060988532,32.3054844101622,51.3729041426633,41.3333868995261,42.8596681941191,39.6182005754343,64.1131831632002,72.6035719405488,42.4738691462694,59.679606013923
"E354",36.8538940056428,32.8860286095505,31.5409251010922,50.0629986543363,21.5653837827501,36.6562694259345,34.5220412733104,41.3069738248222,50.8265334301562,23.197335579957,26.3653145587866,35.6752531373502,25.8413931443318,40.5002567695075,31.6656902225656,53.6197034045135,38.484237995995,52.1117106058209,35.8693182934319,45.4506893064842,49.5335110790301,37.0632238364594,22.936849892577,25.9397778407643,28.2012933146392,43.845668389332,26.8215385089044,52.1499409317435,32.1141807182884,54.1239081437945,23.3048274666161,51.7409673232669,68.4235658988035,25.1156940506716,50.7990974427237,19.4014486908074,53.5769330499185,55.6401921230246,23.6530232027493,22.4230113069877
"E355",28.5237537745372,30.6397622803371,32.3739961641156,42.2990064668976,24.0177445182708,40.2393914057864,36.057679356486,70.4416063248182,35.4017290495488,40.2698866064067,21.5520002657043,52.1394380984681,28.0347777358619,31.1455196622365,62.9414931300648,99.3006519356052,67.1183783636883,42.973271181822,41.3211058715038,75.2828633633142,54.9722904500326,79.9731546229945,42.5715298888755,39.1850070135672,48.5342479471551,32.8234531493854,42.332320562275,50.7926699926235,55.9843749425325,54.3097729596664,34.6091017336492,62.1619814898725,80.846277027241,63.4098022789013,34.3578348038203,43.4003424327953,44.6273974397833,99.493220829939,45.9204529928532,35.8983981241567
"E356",21.9647254685763,22.9218095530877,28.0283102748266,45.1683266768033,15.1041431887689,18.7209967025401,15.2153149372219,44.1036896001197,11.4970704343164,9.61601847354408,23.5203626025943,40.0138160142275,18.9262358330026,18.4109051799524,53.9979124924758,31.3629343423225,33.4461921718279,13.0011001940282,18.7547795037408,29.065640110131,30.6023291773319,34.8611322746328,29.643896625125,7.98537377389078,18.2205696591482,28.2545091511365,9.08967069094716,45.2515384879909,27.1129583018907,13.6757228825173,18.3315095631189,26.4493750058166,36.1840986971776,33.7716510485183,9.44506854212341,24.5464137969263,30.5012159002734,31.0707662849533,9.31511212420951,21.6252417113401
"E357",26.8111556587763,27.0771142090462,44.1813049094964,42.3801907907507,22.9768351268133,22.470183895825,32.6883295747856,43.4711000974499,50.3278599996616,43.5903976281823,21.5456100007486,26.3985548624163,37.0619919852757,25.7533720044201,31.8680858178683,39.5909446549517,39.1336865545614,28.3268722228214,23.3670964616221,30.0501157608655,48.1078930839805,42.7336064477171,32.5779391939777,17.1967479477639,24.2314741525876,31.8869405793675,19.8838276692601,35.8495071597485,27.8314032978388,36.7561222540667,45.2749654884646,51.8561016650057,53.7933074634483,29.1010712044362,32.5357257512756,54.6394839232706,41.7407982115872,48.5390238040543,16.8293098205153,31.1689924588616
"E358",26.6266941050776,16.7280951374617,20.4494979392379,31.4454592061435,10.9177010807874,29.2788501375882,30.7485548914972,52.3432385520013,24.6696124699154,27.054756953714,17.9020982092125,28.6174755816517,23.9018479830218,27.2974757655065,30.9572124054436,59.3148722357401,35.2786136481317,54.0151097032388,17.4904997396813,24.4902391863317,38.2527888021403,31.6872488031708,14.5128693163448,15.812847853028,22.6418934729872,25.6224841947,25.061063421547,25.6330294393606,12.3434854396942,31.2161519442005,17.9094020195611,25.5281419228866,45.8423578574104,28.1688352100365,41.2628173954741,25.6383563362281,41.2476033602316,52.2141555338128,20.7151942546461,23.3942644692802
"E359",30.6601558328672,21.2481502222591,41.4633335831662,65.6962086176126,17.333914416638,24.1614068944584,24.7054130651441,43.9494586557662,25.4063991494835,24.7975091348198,15.5509209748995,30.3451085135811,24.5516065570132,21.565669174931,48.7276545656492,54.828064054881,34.2800483053233,33.2680457166796,21.8071686894585,24.4443923595402,40.3743277568465,34.2256334751825,11.9321176185623,15.5099110015935,23.0949777510311,39.8549171543646,9.96030282037604,30.8356296689284,17.9650480319363,36.5404880562855,28.7690272442143,29.8248843845932,46.5432770489217,17.9397603545311,27.3174909675179,23.7766639733908,43.8001524354923,36.159483329595,14.6412552993688,26.7482341176164
"E360",107.524126606043,61.8116692978824,69.2446478735188,153.57936412587,61.3142332105951,103.144342445524,80.7898826915366,82.4601235806705,92.4086476905446,77.1567094840421,58.7072253293743,105.250158414068,91.6875056772197,101.058879645868,214.613906099496,206.502916756706,146.435905877858,86.7554313343042,67.8768177790026,72.9555255731264,124.995789179073,145.144611009925,51.1212896019213,59.246698320534,79.3858482724028,132.765509517304,56.2091239394168,136.484981975214,77.1776122977379,128.769960643982,118.760076749774,100.441026765834,219.950006854328,85.9825304097786,75.7835863570848,60.6391274623215,146.528212150648,118.479202279573,47.777675136942,72.2198640139561
"E361",33.6417940195125,34.2242606545423,41.0556285284277,3.75287096737884,29.5615337322756,2.20167749235407,4.98730210610665,38.1541625629239,57.9941189717152,4.49080578424037,31.0787327813412,71.3994831634987,3.90983076673001,1.0764244410675,1.47918675467372,82.0136520669427,51.5420707955575,51.1843776801221,49.6523424685525,37.4229170934794,31.159394144271,69.3344935575792,30.1048157355674,30.954168596821,35.8280114687149,1.97473515081219,32.3669906346442,49.7828395477576,2.74101467826404,54.4280520747002,46.4663363189235,34.992616854679,2.80899794213474,37.2155563385572,37.8331280790387,42.3705921037051,74.2922987478835,86.7046514115264,25.5833892731818,50.262604631066
"E362",8.65251730195047,12.7772023569003,10.7619669724591,18.2912618732743,8.49759051649802,14.1697130712198,9.86509711157765,9.36839044714801,9.214807200483,13.1455775437305,11.6769066901729,18.0138527896723,14.0256840484824,13.0113225483336,29.8127629352078,19.851806792697,14.621654924194,9.58982268604151,7.78042567996322,13.9764668328917,20.7760401594699,14.3714762147163,10.4544498893555,9.87649186424009,10.4610926750412,11.2769933350913,7.3504436873137,16.8799798545102,9.42191828266496,15.9620315605821,12.5763343898287,17.1522853195175,17.8649343647945,12.4559692926454,16.730330827196,12.7399235876227,14.5091092671135,16.0902394878475,10.6270981000001,20.2251988256848
"E363",NA,25.7389151644791,21.268887698022,37.8959886176047,18.6115510878105,27.5671239094372,NA,NA,30.8460782831269,36.7369462295239,NA,26.9446789246661,21.0985800622781,22.9074109045388,30.4787956976726,43.0307231134598,37.4528419018759,NA,24.7739814539403,NA,39.1108765924182,26.8307622429716,21.1564029325958,32.0345934468751,NA,35.3611382637049,15.1989774430762,NA,29.0754337278948,32.9789425296667,19.1625478218711,NA,53.7396443048519,27.5076193088478,NA,24.6699216598991,NA,NA,30.3790333935969,30.9523987103384
"E364",38.6144951721352,19.6701991823904,32.2249619516329,66.6232146948258,22.6983383054769,48.3845550857331,30.0364215885667,44.9064692235955,51.4586699794519,33.5360992899059,25.5033720441148,30.965251004575,40.0887764949528,37.9905183034424,43.2018048869366,74.1307671472016,29.4588095100908,27.8753778632153,27.7982919619054,30.9113051778226,28.9419789264089,30.8260236201751,13.0933108935652,22.7707208677245,22.5902139002808,34.9065262381628,18.3467446205205,42.8627052406922,24.7753364419769,34.7453300534483,37.9556374962405,33.3086653726656,65.9084346702113,41.044608433051,40.0797122195635,31.9921307353792,32.5765005182671,41.6721606946493,28.6905572188807,28.9805963378983
"E365",24.7612700680312,15.9826270261129,36.3524611983217,37.1131947190006,15.7231812248819,48.1564717239509,14.1868272560643,41.432647284776,26.9684575322956,24.4756416359113,13.5702949461895,27.4232673538207,15.0593574329716,20.547981477803,31.9592600890787,62.3799588406078,37.640490280988,38.5099809510287,14.5428480093786,21.657807369125,22.9108501993812,27.6701126375436,19.7626276489019,15.7044334022302,20.0781344209029,23.2320465351467,19.7656292998168,41.5324162360794,19.6406631225683,28.1921143718411,29.6486808582158,21.9497237368501,29.8367876436967,13.8242182838831,24.860224349468,23.1273765848641,26.8156389162564,27.4859461456594,16.8388372206234,30.6739691441488
"E366",23.3678352212234,13.7257242210977,16.8563310905495,26.3521305752963,13.9815104680153,29.992447661097,16.212742970152,24.2351997962485,22.6871640924186,18.5432198610434,11.9239345141804,18.5470093603546,20.7604019665672,29.537264174861,24.1588188055438,43.9448619905,36.9765244958919,40.1160357425136,23.3284062169832,26.1167179705855,26.5280825957497,30.1508076265842,18.664581727404,13.5646224167679,10.6807882399572,33.3141117407824,12.3866667364962,22.2037945586335,19.6937675338619,27.2801048396739,28.5263393006356,20.9343839706322,35.6062311635912,27.577619420023,27.3148076149679,18.546363394462,33.2760614806363,35.792105213267,15.2331641308727,28.3936608016141
"E367",52.7951498657172,70.111493633062,51.7170601787208,52.7764361396527,34.0470370316291,39.393472161461,39.9090305998093,65.9485983520084,44.3338664527846,28.7017473481153,20.9337275033549,54.9259693979372,36.9659533059304,40.3251301200315,70.3802271825401,79.1506770937499,52.8064447294627,46.3614497878603,50.6704375687312,29.0715250883632,57.6315279751539,44.4100796987681,38.5371606340931,52.3985472793669,53.5535442024608,45.9456590279073,42.5110350777547,58.9888486531942,38.8467494605857,106.484306269988,64.1248262888116,52.1351162277552,80.6018276574613,45.7868958080573,36.5289280772799,38.6963145768224,51.6647842087049,64.4732669072932,45.9010741276699,50.2194455822981
"E368",32.8068687090025,17.2021653187456,26.6938436992189,57.2043734150967,13.2721046347907,25.8459420974608,25.4369008057506,26.5646959886251,31.4986175951083,26.1359199536028,18.340342901688,36.3592758391438,19.1060782230868,26.2475436742474,52.7590368021627,45.7209618132903,20.7570693425616,40.5313550624819,23.9802823832153,37.5255853798272,34.5569349921796,25.8419504345375,20.3850487859135,15.8026611700561,37.6667920983833,26.3301774095347,12.1118441062514,31.0554382204429,18.8386742682384,36.2137847195071,20.5581019954379,33.2088301115241,83.8617318528227,32.1675894431905,22.7500250075897,38.2277292480793,36.7023908789296,96.0949192526939,35.6701905136825,36.5696013609421
"E369",25.5145928861541,23.4365219961401,22.0076550901788,32.0978155416359,8.99057014887634,29.5414713938502,23.238557543583,36.6651738006689,27.5348090103599,25.5852139867313,10.2292232283645,23.6291582191374,22.1593387512465,14.8423889626353,35.5912458858111,33.4723103064097,30.8328774711764,28.7964847502067,24.5985599892009,19.9706581487266,31.2916941876822,32.2676367176189,23.2976424057514,14.7028095194161,18.7024862957247,24.2979292437255,17.6517525778262,39.1579553447946,21.0479898823824,13.9558527394358,32.5567042467641,25.22302400779,43.7400687150789,21.7888274173139,22.8975137170653,25.6135685569279,19.4309912427173,25.3605736434881,26.3240053321423,18.3384347864578
"E370",34.2904327567786,17.7499419765809,25.6651797439843,38.8468119084158,16.7513305328857,45.2901490970604,14.8734258614427,50.0963120114733,24.7130017612452,34.6492095042149,16.0515794117122,40.3295201815903,31.2011415062578,17.5840908538027,31.6003851754993,58.8266453075016,43.3569081820722,30.5872967970653,21.1337329790041,20.0396120264929,26.950230339215,36.6662520143993,15.5493954483236,18.6416602213055,21.4737510303871,33.7737668009717,25.1839331313383,33.4388210580467,12.7184658841952,19.4954209435262,47.2720766798525,24.9826701136079,35.3708483487383,31.3683770552819,21.1747775696464,41.9263360103962,29.8645397947719,26.713081228072,18.0122730848011,22.5817233898247
"E371",27.1746436522587,22.7281071004708,30.0943098798927,40.2654103786399,19.7310627795063,27.2603798659318,48.0184943069737,35.5572457279921,52.8646239346432,18.1122588563165,15.9696632951959,29.2460856706792,15.8142272230413,29.4207015191777,57.16962718425,54.4403532168111,49.315156100092,30.9066658870357,37.0200832611686,26.563304733072,27.5887546429456,34.0108827467092,21.2356753646793,15.8103349530829,41.8857861411603,31.6614470746049,23.4991506763536,59.7168156465987,21.4269706785805,33.103308309992,26.3385605171827,36.8083759363585,54.9022462425104,38.6017449711578,47.3523283091584,31.2287731293602,32.5633240766937,55.881166735639,19.6513349826474,22.7074089885329
"E372",39.1828558282495,43.828532843251,22.6400654955059,45.1760471832671,17.2797612261152,30.309481378828,34.1427858207408,42.4790693171301,31.6754622735072,32.5187237338182,18.3710379374573,29.9301566676279,20.6969585717018,25.352551517524,45.0264613887646,46.8439803007377,35.5344049627538,38.8546331550282,27.8741570091314,46.5853224909979,56.3500617942771,53.160196895829,17.9760759664118,20.8506111607,43.9634507749968,30.292907016347,23.5530330145305,28.1793365537483,23.1814032649878,58.5791537696027,29.3359726214311,37.5831158902239,52.5819752131322,22.4963229507574,39.5590163609955,33.9915948440878,58.1356814175209,37.5039366668049,30.3917884079834,34.417248533939
"E373",33.8975237703285,44.411492832936,33.3410612527021,51.2429248699629,22.0319238851171,30.8942341022518,50.7351692834526,67.8130903380253,47.2107716863814,37.8304546318246,26.588098445335,59.0773142711285,27.1650812449828,37.1562432729864,85.0769536316135,75.335039525576,80.6159717350684,30.0271590730726,52.8605586303452,24.8713431739131,44.301908368553,34.721092785824,22.8800392916519,35.3277501308435,51.2799107728514,35.3602186624197,33.9390487498096,57.272620394731,25.7708417701058,51.6086589385087,67.5978521274346,46.2322290840612,83.8160128178822,34.4661301295738,65.2021005413073,50.8305995012345,53.645212423436,55.336460606199,42.4945221780568,44.1159291002914
"E374",34.600596527765,31.0447253963516,19.4836122667899,53.4246905323534,27.0139580627346,25.5398734304558,27.6353228905247,60.344879244011,48.0387383107685,36.2337746733694,22.1136803992876,32.4832977298821,38.1305400238733,36.756463722834,121.823015230572,64.4606822978915,32.8123481520845,55.394180298063,35.7492638126528,46.6062710972913,46.808824989256,31.9488587746358,15.1196296673096,28.7032062003185,38.7970189045289,47.7507683605929,25.1071169004544,37.3222528627578,14.4474269628374,24.6799099260335,43.8911122575366,39.4719631284485,51.2607928986953,30.7295405815689,28.4825468971528,37.5478152216769,33.7509847798273,61.0443937285885,22.0213651455959,47.7140788729528
"E375",26.8169350512273,25.8499234053471,21.9720999002353,25.1612130323662,22.8479962695901,24.9654651003134,14.5281019730207,20.123777882902,26.9301365289921,35.8503229752119,15.4228208829557,35.8731408697167,20.2566043402705,27.6041951758799,32.9699119368518,30.5961262523104,24.2091559494574,44.7252783312732,11.8484902394742,40.7193824444758,32.8598370005115,33.8506338134563,12.0478135596311,19.8515578209734,32.9307187525326,21.0498389274027,14.8540821487422,50.9544211168087,13.7383192932817,30.0858190429496,21.424126232601,19.7450098046908,44.2169716364366,24.4661847275095,23.6757376258431,25.8072654261112,27.0210935988983,33.9026346087042,16.2792800489666,26.6383901338146
"E376",36.8050926555284,36.2077273420795,44.8448537416046,90.9867735737955,27.7456131250943,24.2909126428254,41.3475350507406,49.5221468866159,34.7306388857646,42.0914330923213,20.7718361438279,50.3191599052324,25.018671812954,29.9683676545895,69.7829220514917,81.3916033373625,73.1555191847878,46.6634594268468,29.8476432890874,31.2932903584798,71.9301405233662,48.0123064509797,17.5522220397818,21.8810381105276,28.667441005407,63.7904882096112,27.8754091372949,63.7773268280897,20.8067862467867,53.0822020801108,37.8383785077513,40.8714493641443,59.7452715555595,37.4881319154163,36.7056854397011,31.4149486706831,34.3111915629341,59.5832946511554,24.9577675309208,61.2187283751737
"E377",35.3465339902424,21.3920685520868,31.8274888274625,3.41603467497043,18.5457857716617,68.7001520694498,14.1360965043497,57.098537403118,31.3491389009273,25.1656109485795,18.8775373160444,4.04204765590839,35.742905775116,2.37612321879715,50.1372707785105,5.71199356834404,3.54072462324984,42.0812301290013,19.3551167791108,5.83255342463963,36.2736497615381,31.2977206074283,25.9489989013346,2.99248650693335,22.0795702350814,31.1843299219577,27.493043706722,3.78212735312991,20.2678167899922,57.9403510221348,24.8252819033705,5.17052559787408,41.4101573440553,28.6053058656729,22.7313151387031,26.4701139830469,1.33646804862656,32.7669693720497,15.0391801356789,28.859219433117
"E378",20.1964840433364,25.2954849536711,12.2499391960148,27.1179769988934,15.8398806588506,31.7966237830032,24.4565832749987,28.0788457245924,19.1395118747042,33.8323480287306,16.6883990090182,32.7067069452838,15.6899100214734,18.8227256614973,50.6082742055448,37.8809872802552,33.7791395951556,32.3014679449403,18.6985657272399,28.3659343104463,27.430525643407,30.7745834703321,19.6375368729282,15.2154275277058,23.0347897042365,31.7867967658503,17.9351778452123,31.8266844760634,13.8744431884565,23.8261852720469,28.9086467936966,24.9281075584822,28.471512162053,20.0369462870418,44.4446382805663,14.7246598266752,28.6773019942085,43.3524895272168,21.8095785597471,28.6846744946291
"E379",25.3442692021041,12.7260258051184,17.241495946373,27.0117978225119,15.3401530805849,17.4492427323921,16.4498128896016,20.1661439501295,24.9124082014385,15.5726120018238,11.5319967589839,19.073492858694,21.8950029444609,17.3332948413576,37.5190720061884,26.6249669250784,21.1228542551132,23.9709132514184,12.7723103403513,29.9374883366869,31.8519235979345,20.6221277638739,16.0007198588187,11.0428289064531,17.4389142334833,28.5043523127038,15.0237012511502,26.096495188106,16.4901445514926,22.9911367678376,17.5310360929698,22.4502942739983,29.0848319353417,18.2651883658246,37.9567427701085,14.5621766237159,18.3906000216584,36.3513088187879,24.2749492665347,26.4069840247452
"E380",54.8445581177741,55.1701295459673,55.7014841516225,66.1269595843539,41.0170529473393,49.2982192409898,58.8147599134408,68.8641508501805,45.3999933257422,59.4937754604822,23.0123154156549,79.5016528271041,48.2004324869874,51.2522257804434,85.9886624923154,64.0543710967739,90.0414711001792,51.324771405628,32.0004871226428,69.8044619862723,51.0725190174608,67.6130919881123,49.244516942465,41.1169273786099,42.9254148593792,46.0020888867716,60.3936942910038,71.4326605021046,62.7158416582585,78.9773018474126,40.6798505008749,34.9996831046606,59.9237881084767,70.7108908989271,64.1560004245429,59.3068781385377,72.2251731893321,80.7963230971926,44.9782684083404,53.2704001664769
"E381",38.3693482327971,40.800043976169,22.1697222134625,53.1961214903158,13.5145456593524,29.1741820850021,38.7261767130263,47.1652025137356,32.8784890031505,31.1055727453091,13.3863765992211,24.2675475853115,24.3482034256728,36.4153992806512,36.1731665382948,55.3447743300065,29.6126993927031,22.1909476465577,36.2032491627183,32.9303695232368,46.9001545236644,45.436040908656,23.668807913603,23.0289395379458,12.7528135196708,26.402081021182,16.2207912836931,70.8877369693029,23.0864742975689,39.0660504006991,23.5888725792811,31.3100939156413,64.7663659224425,37.7571754987269,19.4538914477001,21.220122150718,41.7963033584104,47.2058816664746,26.3509487258344,31.994395285696
"E382",20.3886167717774,17.1682941136255,13.5217294030103,32.5557040544432,13.1761226664171,14.3910909108172,16.6869353056738,32.7971071019862,20.0852717840466,20.3116993943999,11.2729596964517,18.8847403335162,18.0555450351756,15.2220556496806,27.9073349705284,30.9483092035332,19.5531786058839,29.0469195445219,15.0716958362774,20.4726689871838,24.1476537336211,34.2682175194909,15.5053912799596,20.8337622182041,18.2405299285157,24.5998327204623,12.8496786456546,24.7295696505862,11.5265897476567,13.3333827524111,19.7041775566505,15.3586480642035,23.1421978091985,12.733405865079,22.2034939126744,20.304914526249,29.9332757874156,23.5135769553596,15.961463121552,19.0788006459542
"E383",43.5464426553044,24.7953569373867,20.2847474798342,40.5197817408681,19.5908373339749,21.6686336740437,20.9647941493314,27.4145424086718,37.2908730824066,24.5640323440532,25.4175997216734,27.0667783421293,18.3662945578172,27.6940466733297,25.1182584083761,29.6620473919709,25.9971576613379,40.5546062825754,15.2248424279147,29.8984871166993,42.7781131257976,30.5879920549034,20.1446005469487,17.281597998084,29.0739909866535,19.6421797983054,19.670439968291,27.5086471448216,18.1218771171646,28.0792784448556,38.8587205746985,27.7847595377664,20.5873636847333,23.463198869666,27.8595762523715,22.7056355706002,30.4564095899952,22.8494575133268,19.9416375623558,38.4507954377439
"E384",70.0158900049589,39.9095776827428,81.967743032478,95.9160197681255,36.0849518530549,87.380328338925,52.3538274591244,61.1953225018918,36.697427596283,28.7148212695543,46.7815175749785,46.1170125706535,57.9910025376313,26.2307071355666,80.5327109787018,130.294459997325,85.4856590253728,77.7483223787202,49.0330702257174,41.8593014504218,110.766034313748,98.852726239053,57.6265074986275,32.2926836411644,66.2444586950155,63.2888141608679,31.6199616410686,68.9403347229299,37.5062355455619,49.7306512781143,48.8891609506193,96.7307794411916,107.73925750334,69.2042688502957,30.2467721573141,52.2057038141241,64.373093354249,58.8535263208293,18.3913124573815,81.5604033434825
"E385",25.6231422858459,24.9827144294608,26.1422698039231,38.3321330916304,18.2272761698014,17.6569912003468,14.8476747472803,38.2002116302751,26.4300778273173,25.6468103218355,17.5349771747568,34.3269534986223,24.1424317090312,31.1078445341423,40.1737707704365,63.2144753340383,32.3552984153032,33.5415065010402,35.1315464011984,49.7878781589975,37.7717750874247,33.5464006204571,27.1209744089558,24.0529326723481,22.9534660761827,41.8507286349534,20.598009229167,34.3750903456656,30.3353389930479,28.0420736050401,34.2792508542102,21.9652776752427,49.6136441935878,35.8455786317963,36.2360925382296,31.4008281177108,51.5879008667417,50.9821340107998,22.4663072163093,39.1486515999605
"E386",15.3129755516798,22.6808517186203,17.6011097613381,29.6654349266358,11.9092179638796,17.2714863549911,10.0102950078688,17.8393293133225,22.848223657029,19.1905363300154,15.9750290548339,22.8923877008194,9.83510334689213,10.3465284014465,18.8156923766822,29.2020728858079,24.8199530664891,19.8131619051668,26.0334585898814,22.8917406507286,31.0671500234181,16.7608732016689,10.15887187637,16.8382323236165,13.2513618842253,24.1939854250028,10.3192437475771,19.5109157163713,15.6619257169635,13.330628638381,16.0833725980207,16.7682460206387,29.9846526383542,11.5810585412412,13.6073371909399,13.88957076397,28.1285378431708,19.9192808047697,9.76991728402798,8.77412683920488
"E387",42.737441756159,40.6368828455379,60.6270652135063,55.7640364642397,29.1902949186781,54.5528076559466,42.7887271985719,61.6544621241285,50.2219932832556,52.6176636293028,31.1230416493001,29.1845972933356,33.8111696291072,38.6177746736408,69.3474552594843,84.3062326097219,58.8741545447936,44.6837041079843,40.0858980810302,36.6137292769852,50.8094117058338,137.613059989823,28.6427845886201,33.468835018897,32.2499430803337,36.032778832085,23.7471050393786,68.6246697007923,37.65528372179,38.9703586642513,37.8238422002093,44.3888941145244,50.658373516559,61.2918194577372,30.467999110306,52.9640370015319,54.1581115373524,54.9491424744235,24.2970219995852,48.0051102301822
"E388",19.9876010268289,22.0640270470014,25.4332087548559,32.2385931417566,16.0305850668954,44.9492231840597,34.3943072088558,46.7258418282669,40.9110259817927,20.1049095184085,14.4990963858305,22.2483799335611,19.9350386885742,28.6961554157512,48.18510803263,66.5647648225019,24.4591173336181,27.3461499695696,20.9521362197965,34.1060757012894,31.5640317111649,50.4158006338934,27.9151869229449,21.3522747892976,28.8547458618603,30.1050501461131,18.5549850897902,39.5165173502283,30.1597613540809,38.5786504835896,21.4571774064978,28.6727586389552,43.701228068852,16.899914401418,31.9509829862748,23.9463658920933,28.1392152471923,29.1279533054655,16.3321600153836,24.6521675520611
"E389",40.1452352516096,24.3198533665718,32.3648569996346,48.412166764741,27.4319152351246,32.2030880171008,35.2973073665247,51.3301667951249,41.9042171693094,31.4844425991557,19.7462339700164,68.0415139838458,24.8830891760117,25.9235704317558,56.5256737767242,42.647212638758,73.1035248545605,39.8210097669185,33.0538847191292,79.5326821316639,48.434361240742,71.075605543328,40.8410582519283,27.4291540039358,38.6381244538146,44.5077179079474,31.2648355914909,40.4320743680218,20.0345910684733,42.266139598704,28.7468500357173,48.8107640301453,43.0500618351199,44.3243019858999,36.9178393978244,41.2834051535718,49.7184952221181,73.9620474418684,38.8994253264179,47.013126757144
"E390",20.9979815328197,9.92002258577913,19.1984721695601,23.0488332378439,12.4967851316593,22.2329864554173,17.6204238958807,29.1256415124027,19.7918318856934,20.9798522718537,10.9933692186761,27.4764398677225,13.4004652666364,21.0683288265947,29.8882931353075,26.5249410011834,20.8641990953097,15.5451058871416,22.8536090732807,23.9994248573963,23.0076762854915,23.9898324518142,21.7181894157032,17.2271841206812,18.324397637865,19.9064978970431,8.81030053631884,20.0677332261814,13.7768500076528,27.9512397521486,15.3792312008508,21.5186215245877,28.54914613277,17.2916046021298,17.5221676744676,18.3545312123068,26.0901713750414,30.1120470020595,9.04739463181493,25.6942224737228
"E391",21.6895589002815,13.7294371463959,17.8471589576893,28.2428976102357,13.2351678668505,22.9240395964324,19.5224699477772,31.3062767496223,21.7307593232018,11.4189483317168,12.8013356528503,15.9926659192324,16.7638701096537,15.411015121656,26.3482643141949,20.6120722869561,19.8444124061395,23.7826295286858,15.1689316435355,22.9040906361708,26.0807697852692,15.9588407429024,17.9163535415874,14.35104392006,16.3241998127574,19.3856043547753,11.1224992383688,23.7220541847364,11.6571420136331,19.2670088674462,14.192029208195,28.1194712157396,47.5033061253697,30.852642802589,16.9296952148672,12.1876122798514,21.5298731636893,42.8310898543359,8.4999872738149,20.2330755413485
"E392",24.8035620991128,22.3089189983272,18.7681583120363,32.0608263732573,20.6260394303422,18.7082054072304,19.4216218216084,42.4609824065882,17.8016570385631,11.278379133532,16.5432263839932,28.1618602287932,19.6489117970941,14.2210506270093,24.8951320550032,60.9705913151823,66.5044328072233,18.439225021873,16.812869054313,27.1760147341855,37.4047890984422,35.0371285383992,17.727795307326,13.7391165489081,22.3795744085727,36.9374944053853,11.1076035476822,35.0767110409807,17.8178268277594,10.1574627116654,24.5691525952628,27.3753174068085,49.6111699465075,27.8975596878582,9.40777091461015,27.0010630624266,39.7001490037107,28.131460424927,12.7139735103784,15.7090807754352
"E393",23.4386675737727,21.1714105806809,19.9717135079003,42.1326371844628,12.1586937539621,26.76407062407,19.9087911207719,19.9248191258778,19.7396281495442,21.2998831242314,21.1878016178209,29.1268899791167,17.6752974573992,12.660231345161,47.7046033109495,43.3527543959161,33.699789637878,54.7089521763775,21.9128158362108,37.3570604331995,28.4703006876961,26.2042036615902,24.3713589522754,15.96458049462,21.9620225028513,19.0350853254772,16.8105714338748,30.6179365400576,14.9255152549082,23.9941130491082,19.9916214202345,39.9578270563708,25.7114453797614,30.8206613110683,28.9878587753694,26.0317561390921,36.3195180617773,36.8693560881694,34.0621969217902,21.1138905298386
"E394",42.9482254936883,30.6581009961684,33.9457448828772,31.053017059964,19.9423825148908,19.4984324936035,29.6806649680818,41.5412125261382,29.2362569016475,25.7968261483007,17.1365712990641,37.279135501997,18.3808032899018,20.0402581216011,54.4559147275348,53.5924238902085,77.4490749700526,37.2437803604526,20.161397806372,26.9675265070729,42.2044620451152,48.461573122446,23.8417753346592,27.8359745683848,21.4941645809428,44.4818808193443,20.5213674505893,33.1240100044684,19.1172438217825,40.0101504743845,35.8938375448912,39.7014904268481,52.4225857649902,42.6327225624694,20.5217724635706,33.3722522950681,46.1231278134335,38.6881168871922,25.9332928970428,31.7841026930252
"E395",11.436955693096,9.32622022797926,12.9473849913893,15.9690979541895,8.79667233158635,7.46719215121537,12.3063668875239,12.5319074057529,13.8964891077758,4.9505901470554,7.00067593203505,12.7960970929082,7.46994043929555,8.2403856227526,23.273433678507,19.9935469198309,15.5511994917522,9.29405939592363,10.8492640609699,9.18344079810423,15.9813982674757,14.7401135420359,10.0050982352835,7.34417822919701,12.8230667722815,16.1661257015359,9.57346183819879,24.1950635708652,4.15401223146469,9.69026486395241,8.98137449171046,11.4340709740326,15.9686785526462,9.6018425977332,8.51843982329751,10.5227572856038,22.8323325247585,17.6670042183322,10.2480208295025,16.5528870458087
"E396",13.9468771212192,10.5246583199313,9.24538768302533,13.244035881786,11.3657517971093,17.2472744482788,10.0857030427001,9.63445368621831,10.0365415248658,15.397392856343,13.2863998750504,10.1357247709144,16.2375617227529,13.7978150430463,22.3986144273767,14.3801118986471,17.7759998519201,9.4222940765043,10.6611460829396,10.1450116503507,13.0466418721345,16.7729595462676,9.27288654178468,8.56810223412608,6.05583134755652,12.7864894077374,6.6264030515731,19.9442692994302,6.0632230850009,14.8268714414712,10.8884325117719,10.8515561040867,24.7627224214394,13.5010734383358,16.1276039810829,9.02528483114112,18.7416399767587,12.4879023495766,12.0483190129097,20.4858334284933
"E397",NA,NA,52.5613909528942,73.1757062802517,50.8197531071914,54.3376911761237,NA,59.1358490788967,73.9991243074937,NA,37.634369808762,NA,51.1457589982328,26.8192789233152,87.5912543180425,111.218945728754,71.1263367144193,46.4596067148984,NA,64.4928855551976,45.4201213841653,50.7815826923122,30.8237956811231,NA,37.888092880981,55.4455675844283,NA,80.9455461935403,21.0668793614386,53.2282184727216,NA,55.9226174897339,NA,51.4944723184944,87.812552760217,NA,62.8645224203741,59.9840574427285,NA,40.9201679118137
"E398",46.7863375723045,32.102227621389,38.4328193067474,95.0633115519741,45.1352857129868,45.8754388778976,35.6322303009745,63.1555807416082,58.5013440578978,34.3434056226967,27.5934759459498,54.1283213566218,57.9396379966526,46.1319190414992,131.875287801921,112.442633528516,76.9025655411014,45.4351018133673,42.6023394018593,63.9268776239388,82.0964055383629,48.3615143941178,36.3018440891411,36.5703676588817,38.1948578642877,63.0871709440875,35.2068072780684,60.9034237980656,37.5650495451774,51.2555755156224,81.3616559478523,58.2113977070987,103.357919269842,45.536605671026,68.7644404290959,46.4083840495019,60.0104539605206,76.1717898946923,43.7046961695968,42.7177157966653
"E399",26.813286917358,29.2876102173529,22.3991382437452,39.2808905115633,28.5743604502278,36.2695035108862,5.31637509260327,34.1047681453626,39.0654877719103,26.3197864727653,22.519556904348,16.4284444038497,30.8385815814581,19.994205986578,3.54671111120842,4.29658576287329,36.0292332051032,39.1010388518371,22.1436435967238,40.8220313596335,3.30525781982578,40.2186141061463,4.75465224031359,1.34081825986505,24.1171894023444,1.37225651787594,24.5643143810913,32.6224684733633,5.45635676383972,32.5041616485215,36.4865169773704,34.5823793364244,40.6716213910962,21.1785378129364,33.4949209076349,32.1759774753738,1.21961117396131,53.1852797799994,24.601911382683,2.66973131359555
"E400",17.7758889568489,20.0091105565555,20.7558336990432,21.2121247559461,11.0554814413133,26.74693815295,15.1850568848329,31.32172552517,14.7189561796405,17.2237601027055,24.1383398754501,22.5284226675067,17.9358188798128,19.8524009657924,32.5546631365511,39.1322365396055,45.8441142555751,18.2498869689033,25.544106860482,29.7328185403367,28.9756325555523,30.5916931866394,20.7623304119783,17.8542901879154,21.7936300075843,19.1194583227769,19.3941175896087,29.3872029586048,15.3197979228152,21.2291994675286,23.1253227355967,23.9206568589446,35.0397426643934,26.3368749200831,22.9433384067479,18.9164756190278,16.3716762565441,28.7351596208774,12.3427100498953,26.7126065319912
"E401",25.0568623946193,19.8821325859028,24.7350635770346,39.4971420043924,17.7332421215646,34.1730119553605,13.6740095184816,32.6222686841443,24.6024198423054,25.5127975091332,14.8446847688185,38.386145288287,29.9838304662734,31.7953141005437,39.5306863319138,36.5480726418536,28.8168382284832,28.3964647903101,19.3310344894976,28.5414794712918,49.4661727790129,43.5898890028226,18.2152150757353,29.1257167130294,17.3566693240084,29.275258465974,16.2691608750872,42.2577720705321,29.5560582266295,33.8793159366141,31.5810532329426,39.1789246817252,50.6519087005755,27.9125515552183,22.3762856433117,24.3187183088658,36.899205892465,42.9254129050595,29.6884869548541,28.5406122560385
"E402",40.1943491696201,34.1749383507475,42.845975113896,52.3198593234014,33.8972122021286,21.9163860664934,27.709182349123,43.4682979894264,24.3718025172485,28.239706376504,17.3313646214068,31.2735574143662,41.4969992324699,44.0313884380798,72.0374009313644,46.2952913236761,78.9083935289286,31.5292751068795,33.1594669416843,19.577678924551,36.9824364089458,37.3029131063644,20.9181983557744,18.0866748976894,19.4304404177602,33.6197172904566,24.6803776030854,53.3270467062879,21.4954471373808,34.7860575819862,22.0687168344865,50.9670606891686,62.4102978702249,40.5493673972538,30.6274929246616,41.0031933669391,57.2769330505923,30.0586720750838,26.0282638436983,61.0194289308704
"E403",28.091763571678,24.303259428273,33.0328089080809,45.8814218134373,22.6056190440326,29.1581816931727,30.6409305337904,46.7660495530079,28.6715330083494,38.5701629639844,25.6434829498917,40.6631803584789,39.2906800263769,26.3941744543081,57.8243304068693,58.6717967215835,49.4600603038656,50.6774451563286,25.2332509906414,42.5251775508375,50.0590685151239,48.2937425907531,26.5033888527941,41.3954389662086,25.798019668416,43.9944815472007,44.5853644467871,61.0342326063392,27.2545830688372,28.4583623413145,41.6426136311733,35.8877413569227,60.3039788647099,36.2429290639089,41.9528114466273,33.6171845053711,38.3280780558455,63.1719385898317,38.1311100714138,42.5579364927607
"E404",19.6634280210939,14.7338310957815,12.6956775972901,29.7612249461777,13.0034421006248,21.3565562755241,10.8903025107639,22.1462549135743,31.1522458335342,14.7406128935423,19.0498507419609,23.036928512089,7.20882034943075,27.9127132428209,36.5412331523183,49.1609871003877,27.6962953455949,19.4544865209897,21.0706583600581,33.342929513218,22.1089585841361,20.7096510274217,14.2413922196993,12.3446110084624,21.4744197778275,16.0192274676358,12.5177168639948,28.1302879097762,12.7417677018494,23.8827079463582,22.5209552848243,12.8477928305193,33.3416061869262,22.2282987073719,14.0159013019696,14.4071499658171,28.3376633160431,22.8246129758813,19.6751326203161,34.7811926473773
"E405",28.1433508755708,12.5352206910558,22.7122134117726,34.3372450676707,9.69199038673741,19.1653892275301,21.6096758262651,28.7032419897415,17.6654235544384,18.3243241696579,9.44318231994475,25.9140780802565,12.8996312040577,16.7142260220148,22.6064600201586,39.8773395386504,28.8506671786955,18.7495644361843,21.0716956758283,29.5812069207197,25.4413951609787,17.3044030316196,20.180741598159,11.2385236416978,19.6562230088246,16.4303973055862,15.8904295320174,21.9761859313207,9.99378150219855,20.5810184181842,27.839012226548,12.773044641356,24.6129332984781,21.9424179054063,21.8825631147756,24.4879104309501,18.3513055931116,25.688737481731,13.7429905171447,25.7929846450287
"E406",28.0166369403245,16.9316089185565,23.612328530301,23.1592716244876,18.2373499513461,13.362396698771,26.0271106702341,33.5059851092129,23.6066522861805,19.1627845868666,14.0381294798865,36.1281770699835,20.6801087237626,17.3921134780472,28.8729763339189,35.3514492546112,43.7398792109611,21.8022745253144,17.8334271340005,15.9893555572158,40.1895007944073,27.2024525925058,17.0663327596963,20.7750701697498,23.9607969434467,15.7267853286917,20.2367364483566,26.005140043935,14.5145248581054,21.887387987223,17.0778577205252,23.2074112250386,24.3793281345998,25.1262553680676,24.9134881781653,20.1311173690235,27.5934408638304,41.8826290608703,23.432433071846,17.6441961808515
"E407",20.1184765936273,25.5652071360483,26.8099370059261,41.3495282515606,30.3525900875902,19.8621146292674,30.9986190751361,37.113291516463,35.2271713945339,40.3023167916619,14.8462292355409,37.2610776921726,29.9034892524487,56.5492615425803,41.2676583609315,42.9632113427193,32.3519954452122,45.9555570098363,31.794449538145,33.0195005764926,29.339699492097,26.5644870446716,30.2151716654113,25.7128627162629,39.8314164530032,33.5550453858,26.3533262925568,43.2318496202872,18.8612706103675,27.195039651557,19.177964621535,19.5553681335629,33.1503775178543,30.7246668908708,18.0869566828657,19.0402320959573,32.1618305399072,42.7508249493133,25.3277041792592,21.7867623630054
"E408",36.8257082708285,13.9028021624199,26.6352590202908,28.6589867061748,12.4093418960471,20.2770812910407,15.7776957892275,21.3902612727722,15.1260869391313,13.9204171636674,13.8080779746281,24.8957122182584,18.4303535698637,7.74425238236331,39.7590331248266,38.1598753990474,31.0041493174819,30.1059000296962,25.0122077048788,38.7042555586121,33.3110361036384,28.0356815051792,10.7932919122091,9.71850865928263,19.1259659995623,11.5820345653863,5.48808661870159,33.9087567316062,22.4739634667722,13.2909876381907,17.2770466042923,26.1909695839955,32.5745993685195,22.5451895978122,12.5675452787923,16.6766887367113,29.3545878956074,37.1175039787118,8.37457284373812,22.2297337674946
"E409",62.9133967663561,62.6608219010544,59.8351315149328,56.5831495625587,40.4325050863724,47.2281272726852,38.4817150233152,80.6396691335223,50.1283990621019,62.4585850786295,26.5420947281009,84.8726496285358,39.1320773735956,59.4932015004966,75.5081560261231,109.229276937459,95.8623041341467,60.9248655456088,29.3988550507996,78.4217395023995,78.0667834847777,61.8029781763024,48.2041391057373,88.0952794246989,41.2055858560187,76.8232900770167,48.3850603393713,80.1428916461871,44.615686745613,70.7510084169668,82.0631169698228,45.0960891781379,58.3513382527451,65.9525540214145,65.7858586627849,54.6463389400917,48.1937852812936,63.2588811227076,54.9872551142799,60.4865702827694
"E410",22.7770603077087,25.7695738441902,28.2045814019987,34.9964447873579,23.1749540651731,31.4500682483893,18.8114600001569,37.9590983717164,45.4031836517238,40.3169828895887,31.2001031415445,33.8312480258858,25.286362924045,24.5446559457825,54.1779914258758,61.4242962064421,29.0228142410979,26.2079987326468,23.1289552272748,40.9306313078521,64.4453592974197,56.8152631967259,27.7200945656367,20.371183191101,23.7763123903264,39.7884807558528,29.3547012296115,36.3523258936522,20.0392507521084,36.2846327116826,26.6364869590295,16.2982016319233,34.5428562246815,31.6809731222025,27.596527536229,29.9569096396256,62.3088975128503,41.6670915427331,22.7281718248078,38.6767236081405
"E411",17.8503646017243,23.8220416492549,24.879223856263,24.0105357531186,14.802962946159,19.4878881707849,12.8741177694365,25.4403400453144,23.7387214457034,30.2627727173177,15.3251919748175,29.4966469331843,15.2556689638654,12.726092954779,26.0478293227847,39.0990535133335,32.5793814390455,16.9055478208614,15.3067561559391,22.2487136764556,20.0617729549306,25.6377800017097,21.82404998267,16.8193111909764,25.7399248159894,13.4783945550411,22.4445619043689,25.1294560752544,8.37149964851728,17.1558407838739,12.8016213200315,17.5216506314796,42.922501137925,28.7880300055671,19.6251949298746,24.2633252291161,26.6653177269979,56.4560168649611,15.0734725693726,30.2857309414995
"E412",26.7557006645232,18.3595172189273,44.9189890830599,46.8372264606814,21.6113269436439,49.9328377877363,30.2140516758254,59.0548522562598,34.6251570581702,29.6615391031738,23.7958987526998,32.4696614103874,13.750429068167,26.9885753868413,46.8782260304922,67.5315471190273,39.4522087165678,47.2099698938296,30.97663232086,31.8464875129829,64.6850568523407,68.6756842669753,38.9466716115821,31.2875823096382,26.7081329000035,42.5788988311892,20.2552730241063,39.609889363106,21.2291866910711,31.9045019833004,28.1837769046923,27.0462277514408,34.9973396119359,30.677342509437,46.926351676302,30.6237947469546,33.654387216039,54.3700272614357,44.4869509048495,54.5812690481405
"E413",17.4483444642867,22.9349248107668,18.1639095886249,27.4021446700876,22.0130251846926,27.3846580625957,22.3184347589813,21.6772743011977,39.4131947289262,20.5013585342544,13.1216230338951,36.591868437032,24.1128377703837,21.7997755811256,50.8866006074141,40.4052011130619,34.3620505552173,28.7909400105669,20.8858964937605,26.7335824281084,37.0202262274312,27.3127665999257,17.8418546188655,18.2165933868994,21.0418641573415,27.5879245850217,17.7915725162305,37.6151229378685,26.5354628704332,31.8711885398053,24.1898282371923,27.393287527482,38.2590170985114,26.0963606796484,32.3832546393621,23.7732694359856,27.5580945581386,59.8331779905187,24.9598192848109,24.6398257423016
"E414",12.2838839917583,11.4169836609326,9.31889389028939,29.0543844118228,13.2039702242317,13.2783911751046,11.2770706712392,25.9403500991401,16.004194327889,18.9113728123545,6.64265857269889,17.1267461893312,10.3491081601566,9.06598031215427,21.6760854707762,22.2203770818145,21.3672957854852,12.6206386153344,11.3237932902249,14.8118826871713,17.9529198288335,15.7812922391267,9.60384445220085,10.8376431296483,7.3645945923554,8.97319333087201,10.5455765296419,15.4391946784249,14.291283271524,10.1999162492955,20.6189820193219,21.5352783762174,19.3871028430347,8.28081521607659,12.4213019659157,19.1602238997114,26.1782522388487,26.584398621349,8.80391627730234,13.5212518573506
"E415",46.3879796516079,23.8145288858542,36.1221430713234,47.5601751778063,24.5034923936526,26.5499524478317,28.7029697400819,63.1728621915612,43.2843339199993,19.1960572532905,30.5874382726487,29.6143829979393,20.0389851386371,11.5924620373766,42.1305780482795,53.7204198430408,38.1050564151982,57.1731973206251,30.8483403315658,39.2057616673026,45.5651424229462,66.0865648789684,28.5981966403825,9.26536737451771,28.0440015317277,36.7264586566131,13.4965969886365,41.4917024897948,35.5643958531402,24.4760519822656,29.381242056376,34.2960807870156,44.8108291709852,39.3063439985483,18.7691865825881,29.1883707669287,36.0159748837782,55.9135417674565,11.5738784203383,37.557041959597
"E416",49.5657542750447,26.2552438277577,31.916399517531,60.2131394198096,33.6285875378887,55.2359617036459,41.9681401347096,74.9598557530809,46.756499767303,44.3891434850956,27.7514791418728,39.0149874395926,33.6499248793359,44.248343153857,56.4125272021129,82.7542220327843,63.9804915118201,45.5744753613606,48.1660587419479,54.9338608554158,44.8384921788972,59.9724542213768,26.4188289581425,29.0373006396343,30.2699531422708,73.007212093983,27.2849952523516,49.9763179763253,33.3247750418654,50.1848828295296,39.8163866423461,80.3550564471096,91.7807908224356,60.5705443293949,43.1354797720146,43.065621824495,44.0291328947462,55.148872304057,36.6512704256629,50.1062754047861
"E417",102.888040872272,90.3173091712887,65.5869327098222,88.589193012213,68.4269756421889,104.441618839439,111.824410694359,137.948802651058,90.4031172326725,68.6974986453014,54.8822759782349,112.718557394061,66.1501813001301,67.2974556129489,138.077737549383,92.7197806881514,119.495218891907,122.642858716028,115.9919819317,112.524637247761,164.654628508443,177.54806501753,44.2377581003314,63.9832934163297,94.1152111085116,161.145473553955,63.199831018372,124.62517314477,84.9914755260428,80.1939120162223,74.7546675869231,88.4075061080003,144.771575502004,102.268191619618,95.9675505344788,94.9177073712277,97.1979801490922,128.437923649584,65.2654358870323,137.847697409679
"E418",47.3976869236467,23.2709723197756,47.9854819458184,39.7565374841227,28.683974187733,31.8855543688611,28.8368413494558,39.8030950437903,26.3794066438584,27.6471607447886,22.3029053996656,27.7132369697755,25.9460969915799,30.305921576841,34.192782480478,57.2070742893512,51.4128772314987,30.0289690871484,18.8889581660899,25.0972487273753,42.6052880422753,42.8776514329796,26.5381789308644,21.9430843141408,28.5422062680619,43.8758384123721,19.3115869810073,55.4888900255457,20.8902354436552,31.1938771163488,23.5481789534245,42.7112755812204,55.9430074926216,32.035798523665,30.1835703605408,34.5605032798281,45.8769014583007,57.8257217331355,31.6836089983117,46.4769983624253
"E419",59.5616960906121,33.8064780121458,43.9218099352168,51.7983631941974,28.6016491120864,28.5356381409987,19.8653711188392,48.750699672894,28.0853673202613,26.9062673947688,21.4553159239569,21.0613339367728,23.1482643346303,34.2040362819708,68.1394919211125,58.7505775236063,31.6320774275055,26.8504561148381,33.9205427636571,35.5034414539857,61.4537331363995,35.9002679065296,19.9030839831887,20.3061183850127,34.9868306990601,30.1003798131456,23.8738692767717,32.9916423807288,16.0221521925299,27.2836963252653,20.1823516989871,33.1625950485211,42.1581630312058,26.091365530551,34.4419445441397,32.7633402321889,51.2653549584119,48.0966601006138,20.6651805765102,33.3298524549787
"E420",17.1539215171308,22.2079360797984,16.7142279996678,20.6143714156836,14.3912409693488,37.1747372370607,25.1099073862813,16.397454161354,37.6722284513031,24.8236591232238,11.4047183049484,25.1394495306123,18.118537784856,15.8073873831746,33.0613358485187,26.612652257616,15.6543872355867,22.468222335082,18.0564367561243,21.2203206393733,34.3870723737583,27.2143424866878,13.1408760920647,8.72456847260483,19.0087879245933,25.841254045039,10.8312718303503,25.4113098647167,15.6829648153806,26.0195871187996,18.1730696054791,15.4010605804598,27.735661232517,22.7251889530367,16.6510147477974,12.8634744433638,33.2189140875254,30.9506180469373,13.5898023257829,39.0451874894763
"E421",NA,18.4662769655267,27.303293326292,39.9803847344011,NA,NA,30.5720683224516,40.8199621765611,40.0461545291538,18.758436113981,23.1901425274909,NA,39.2258671528679,34.9816257067893,63.2349610802415,60.9714530631688,62.6082718318839,52.4142356610163,NA,NA,50.0175549241097,28.6913110461394,31.6329982342445,NA,32.9045108844228,NA,19.649255894968,58.4391720697138,33.0824652148983,NA,55.283871031311,NA,50.8133799131283,NA,NA,43.5279824677261,49.5215952789211,47.0888833147504,26.0524089034757,23.4933700514438
"E422",26.9099438039725,28.3182687427386,25.5743027125513,58.4790593639968,30.3882205195397,33.6403828703658,43.5200563984363,48.5652341660572,36.3431565418851,32.374959579017,32.1208392055345,35.4485534314765,32.7521992853286,26.3627574667088,48.718239938353,35.8818048876636,41.9960592352039,26.7381287513551,21.9376439450091,31.099597914872,43.7290497606185,56.1472350455648,27.5371546744124,40.3490096254498,23.6169696991003,33.2469431152333,27.274594776968,45.4683608101424,23.8558369533244,37.336337783258,24.6707503182245,33.6751267181379,47.2572248687385,41.1146539969157,27.7458515475903,30.3949386541765,41.8023082100076,61.1898097183685,27.2595022663082,25.5951697505302
"E423",27.9218830198977,29.6121559011296,26.8976111462394,42.5115385710634,27.1707479816495,25.7099320101019,44.8323759076406,38.686335793521,49.5000685052181,22.5134776684885,24.4324169487496,40.652619574474,32.4370133414601,30.6028970512348,56.1823810263387,63.7163056325894,50.5965609180623,30.9767024963144,23.8033764469238,33.8535183792482,54.9826166916933,44.3582207639726,18.5834056620029,22.2965828939036,18.2235574402461,35.4631823465295,21.8166889902368,57.6468098815748,27.8558757473528,27.9929718299987,24.1102676445254,25.2001315897274,55.4845065009662,29.0675995428818,25.4077571076152,26.9971996898979,49.0813225506676,49.8976920883616,31.2440021473519,41.01121919496
"E424",16.3043605435525,10.7758649823534,9.43733963512156,30.8577380444856,11.4783953748913,15.4197801147008,13.0456126607116,23.6473107449328,18.9489752028735,12.9303531665195,15.3109358652909,22.5502656745792,12.1192845239555,9.54022492506298,25.0541912275392,28.0824905367616,24.6828108800987,24.0563389824953,20.143536140321,10.324697643682,18.4376194900815,16.7396823462736,15.3962170846554,13.9198484096364,12.8432557962017,17.4688038568138,11.9074563082196,21.2806994334832,15.3918340250074,19.5994902121105,13.990534844239,12.4903866707368,31.6893425970009,22.3332380815312,29.3404498442018,17.6962011729268,17.7076531439405,22.4395515597957,10.2183853527603,23.896004003826
"E425",13.4226748613046,11.4488390551898,15.1071211276434,31.100497696045,10.5585167677199,14.1821329078611,16.75433435762,15.0054737074649,16.1617843680363,19.8745071202554,6.4626705291056,18.0225906362238,7.8764322512749,7.50339979124073,32.1023582053756,33.8108081712975,18.5038997533195,17.7383213751486,11.5070719518677,17.304760587109,21.2284953296433,13.7683199311261,11.7279685424013,11.159084531084,14.6010471555225,17.0430521841137,9.02709975359657,16.0339183452989,7.96430346033145,15.0695603245692,21.5496823597399,16.2294322216845,18.0642738088476,18.6465451905513,26.1745889236058,13.3368244758382,18.929827783003,20.2576691632422,7.69621404614618,21.206215600736
"E426",35.8836211991038,26.5584872210025,39.436920868004,46.7487037151079,27.9538314720199,50.7663573111058,43.6032999956897,33.8455451601835,43.1007680020771,27.1620979501119,31.7778621358245,58.6746427695898,38.8976326101399,27.3491671043851,53.5792600005736,57.8551843688394,50.1323997300384,42.5773081309897,37.6868127627366,43.9146412136893,68.7030121177166,33.2040601703869,46.8604521554277,40.0380662241935,45.5115866370256,41.9192552277455,31.7370731249407,54.0867642397071,30.0926034396887,39.4099268912364,27.6108458073859,27.2587487523385,87.5110795410281,38.0771872693428,44.5752597606526,28.5913965291263,30.5165758511987,67.5401434855483,24.3446545152289,34.8550282188293
"E427",22.2996989965494,31.0553009365008,29.1071112718319,31.7508308019566,17.9401072360479,30.3686332590543,15.84854377556,41.6643388063225,26.7222951225032,35.333603565822,13.9269144493867,25.9730315142696,18.9557810162984,24.4505285391433,39.06220359679,40.2276874531198,32.5594926036656,18.54070771026,19.9880902088863,20.3710417940513,32.2310164895692,27.9917047637971,12.1798695627073,23.1363411484195,34.6376802699031,26.1890020493719,26.9534411366722,26.9617899359047,28.8786810529649,31.1530614850926,30.0860093900585,23.0879933976847,39.3164410642602,22.4498800742836,17.8697991916461,20.9744231117353,37.3095549823615,36.1773949248752,17.5713954397193,19.9944048584445
"E428",46.7206758745994,32.8448993009694,37.870233432174,21.1975560059389,15.6615721269568,18.737780913566,34.6280778749828,36.4188114173784,16.857101863504,23.3886489165182,16.9637191935382,27.7923370813326,17.3454467904002,23.7887385737637,23.9822165298598,44.4631076768074,43.5398897835429,21.0406843336481,19.3691311025378,45.8454507286256,33.7084123850319,39.3771850044174,23.9535575669331,15.8038711776377,18.7296526487775,31.4474552960977,21.8389047404381,30.3139748331742,20.0669133644221,26.2651717677262,30.3576836865915,27.7746697844072,60.9138765114212,32.4900651945458,19.6671068988434,26.4225175761052,33.7049810631969,43.7020948631334,19.8949705228952,35.2379145665787
"E429",22.8833629549031,31.9404809916112,37.9235894735375,49.2307827428566,17.2343470672136,20.8555115124865,26.0734807676091,37.7232208020777,39.8081665522544,28.0276762425115,13.2498866379647,34.0305400488944,28.9870112360525,30.1358089090798,27.801181747346,28.3053721717802,30.4774345540693,32.8115946193631,22.6355921703713,39.5726925827087,35.4543977691502,32.6060321512879,29.7887761391517,17.6522509991467,30.2308395390974,33.1102130930542,13.849163244302,35.362896718794,31.9376336230257,40.0921776439395,36.2657265290142,32.0801774736761,53.2896144658659,24.8875744437011,33.4700579401906,22.8399634268492,42.7115512994388,37.1811802994165,24.9685070334584,29.9326784638736
"E430",16.3299568253729,8.78407591943892,13.3411862395343,14.1393834851805,12.5553832161432,14.5839201684225,14.6989589762629,31.6474727789798,19.9598860085382,12.7613465979165,11.3762790777719,9.65929982691582,15.0490812571894,11.089338802428,16.2314210778535,33.7179453215563,33.043701514519,18.2016631443691,19.852391849024,19.2684930646714,18.4959613846403,26.0856224119531,13.6125454764252,12.2631333098441,14.1557022684922,23.2492106756624,12.4996585237163,26.1722397147149,16.9027871880822,18.873640064362,24.1201100469639,19.9396876383518,22.3678758869711,13.337254518174,14.0598233810361,15.5377229569953,19.5299433228953,30.5494462880719,14.2264949681535,14.7099674902145
"E431",82.2211977458848,67.1465223587663,50.2864863435781,98.6152919974228,46.4201384016706,90.6124206358268,50.1749058668374,111.489880985129,34.1509287820546,24.0757176808869,40.3017982376667,58.8551373816189,44.6055624305218,39.5340712092833,87.9273200878666,91.661392052204,86.4170063610867,87.0103629906597,56.7532417743692,68.3359353268961,61.5048166225296,85.6452461143979,36.1412976484162,23.3604243981895,45.3688087554805,79.9682270438762,26.7331779522094,62.5035103498481,40.7028627841999,54.1585090938604,58.7519384201935,69.4232434791207,87.3085467691677,89.0463769700589,31.3757496990188,45.5976662572021,79.8497557059015,99.3547830431283,34.7015238716063,52.0044365117493
"E432",23.8466867151634,19.3072977960814,16.0626590786606,28.5803855098273,11.213218077676,16.6968865496273,30.2298458855182,41.3808079242291,17.1197146354934,12.7557753152558,12.6178225273296,14.9142839111935,18.5385405803107,7.68474224496957,39.124613552894,44.2007724109034,29.4904119224852,30.3760995587579,14.220624424861,22.4842475598442,28.1266342218394,30.6484815526725,17.428571080978,10.9686389600538,14.587555535858,17.105754067114,9.49141320682079,28.9515238207245,15.6922471955566,8.62887949787564,25.7439745784311,17.0026172807438,52.1742169626295,22.2005388429795,12.5719589461801,15.0527106158942,26.5807765734413,54.1632528933605,6.36606516019763,21.7068170822666
"E433",27.7464986279539,13.4955523626089,13.3634692292781,20.8999982232701,10.4960868800115,17.1325893930729,13.6814988221379,23.1953124751524,22.9579877850074,16.9506417544815,10.1594150654755,14.5119580320463,14.2267262411222,14.4931547834419,32.1435745678982,21.6206370663825,25.0064228595408,18.2908328913365,15.8888366219543,14.3714188427218,25.3492760281451,17.9988794162514,13.0851944030239,14.0153267052138,9.11164924150367,10.47613014836,17.2397892465457,15.3597161512926,11.7829498618712,18.4100469550926,22.117586662167,16.7453921544711,20.1261909716755,18.9901880728255,22.9972315478088,19.4714595666585,24.5674799131695,32.4345683183207,15.0751510951811,15.0568231547488
"E434",59.4278117802047,53.0855968168087,44.5166845363192,49.1018609052584,51.6150929834119,53.0722464584206,36.5147218710365,79.8371837256485,77.2394414530018,21.2482438237371,29.6786222999609,46.6457174873537,32.7017483654216,30.6770422145079,96.9912921039893,102.007588722238,64.1314562290918,61.3689439627999,39.8050409591008,50.8594940095806,83.8508434095133,42.1196200180787,32.8018191529152,37.6396826301249,29.7318587513606,117.098952202075,31.0620828943534,79.9834474414585,22.9828195444717,48.3821134959985,41.7262029829707,36.8079283073426,114.818232051091,56.836265838122,59.186121678461,48.4275916695255,80.7977566745881,87.6276443772396,55.8476017042526,50.5244524944832
"E435",20.9247491818173,30.1003760533065,26.4871377878254,41.6115415172491,19.1158407621389,23.7722955208571,18.5858906664545,39.5393028677993,27.5717856510216,17.1822461330912,15.444312344014,25.2739117055296,33.3256250026197,18.0918947596506,42.9173874328038,43.1286037852731,38.4560751059249,24.1189293821198,19.2799204843876,34.4022836864318,51.5158301215688,33.5257026419252,17.0452257515707,14.103240829597,25.4498018546215,28.9209704497201,19.7286392247906,32.6447394311697,12.4337608655226,38.1657072610907,29.8142066002754,29.1816256297857,36.7598919774975,31.9658099095574,30.7376959133289,25.119710594608,40.3821380490209,38.4286968217242,21.8709298326517,28.2792656229647
"E436",40.1973503457922,41.9731829836728,36.2368318997944,55.0782351874438,32.3050240157265,38.2532865402641,42.2613117032273,63.5075277083846,46.7222012192077,50.0436719190955,27.2578149587657,38.065123286123,32.8718314090397,42.8804886636346,70.3861186790837,84.1847887939398,70.3827862247347,36.430854175157,39.2372301343764,49.4201668794794,64.5561589400684,85.2741572886553,25.2521574364464,27.7305878523651,35.981295184467,44.5672375963226,31.8015355165503,96.2356241720804,41.8417713877937,44.8520876879838,37.6562226154072,38.8470720318247,79.4222433018577,33.6059573169055,36.9005155293697,38.22315630273,36.233276864894,69.3323275711202,42.0691648603327,51.4906006599198
"E437",33.6392268560798,26.8903880542946,23.4539051986596,60.296019112112,30.8277600118736,30.9487097891765,33.2313202045998,37.6146458878925,38.3027933856683,38.5026610917034,19.2488173933202,41.8740046419019,29.3240012620955,25.6165490430534,59.7791329048049,54.2895674023317,32.1603409879611,43.2214358713457,28.4610620969248,34.3173933539172,62.2537716273838,26.9236480678651,26.5360199823573,27.3884474466494,30.7688093220127,29.8652938507604,28.8432199950516,43.9247169936376,25.4063925598278,52.8767745366898,28.7768373188898,25.743381257702,58.4231653050849,23.2414843061875,28.2333874415839,26.8977001429863,51.493574243163,56.7866373497358,16.1015613958259,33.7070812615632
"E438",20.7923108255364,15.4857227430924,34.0546102933517,51.1928044705212,20.8863933183405,35.1844338182147,25.4718143565526,34.4872650532286,26.1422946054986,29.6225274376893,20.8170238874125,36.366877306931,26.5557392080881,30.7910284245865,39.7676342075457,30.8353201858066,35.6192462583125,38.2014036666779,30.1813730118629,37.1553468144317,36.1213067268826,54.6024881450789,27.1548461878462,17.4240857511628,34.3253921701776,32.4703443970881,21.067465375143,34.5904756275276,20.0859855921505,32.879058589884,20.354317408779,32.5825746589572,42.287227641799,26.9512694697474,35.8497900482542,18.5904923840623,31.8414798531793,52.629288719315,24.6639823944039,36.3006611445078
"E439",31.2282189370888,13.0314814333351,15.3581761663141,26.8167468018087,20.5471176279244,12.3384418412976,12.3693903613674,22.1374955678211,22.6494529341797,14.9609980043165,8.21111355904948,22.8618281465054,10.3373707293419,25.8475112293676,37.9702047722758,33.6315811995185,37.2306955928779,18.8450471353363,16.990066948806,22.988975482138,19.4437263816981,21.52266617379,18.6347465399264,11.5148095310206,12.8310086075912,23.2583160633167,13.990669645112,38.3432666205726,13.1739477207717,26.3671316034396,11.8359972286254,18.99347637288,32.9076943105319,29.0870728497633,15.047509751752,19.5463350224863,22.8695938312073,36.7483139507221,9.6954814507419,23.5989301049461
"E440",13.7993132899924,11.1703000674848,14.8735021745853,24.349631461681,12.8465243981283,13.3282028711971,19.1743136648464,18.9131724820666,10.9209485273174,13.4040705745493,9.96545094184693,12.5195592836967,7.53076913720566,8.15644984799076,17.2413341485799,21.9766597475751,21.1567865894896,10.9981698619998,13.8805696035999,9.92409705227965,17.5975260756988,30.2907344210709,9.82859768810407,14.515204272074,9.55591204635397,9.60121223740367,13.3088958080651,18.4253463789922,11.5652280854271,14.5450975514583,12.7337275795884,10.7433253444574,28.0604106999226,17.7756766586272,15.1012356198133,13.7493710691827,20.4883546632944,27.2842388826355,9.29325993924666,14.3023878444838
"E441",2.9931837846525,19.3976819523214,32.2187881352717,2.92349545424804,28.6546371070835,27.558896302277,20.9442362156644,3.59806454647332,46.9991073884638,37.1936147863078,18.8843581648923,3.14413529378362,34.6372150270029,26.7672668541739,5.87517888541333,5.16746542323381,55.4754875494806,31.4187512362108,36.5020613333596,31.7476685636422,4.81118984078057,24.6076857871064,24.4731137119933,22.303519206634,20.8065811324478,30.2722507601527,19.4793450708153,39.2967442689349,31.7244406503839,35.1524896036563,1.10021843132563,5.78179748635739,4.78810726688243,51.1939943900174,28.3107570821432,27.1456550518723,41.8247907843484,30.4519563276365,27.2024759666392,46.381724640492
"E442",64.0724175400258,41.835933768844,39.6394686859551,50.6261927970841,32.9746749752975,47.6648379523139,29.6678704896413,79.7148465194773,54.9677460736108,52.4981995929241,34.5767349582197,51.633112962102,39.2028106406035,66.191299370504,114.746432068298,112.304400498165,47.0749643696398,87.6988088863405,37.5842429768362,55.8976831100801,63.3510925504849,90.7086598155861,42.4349796053069,46.1252518840252,39.7827238227531,45.4670608818921,38.8070264927601,80.5815768714966,41.5906665519264,49.9900033828912,37.3686777893978,79.1917398471283,98.8143809739292,66.3901359620477,37.2034817108837,42.9174228121689,81.4861904576155,61.5530540179824,29.3446858894148,46.7356424481001
"E443",41.9067241430706,34.1650988888223,30.8109883590772,54.029041750099,30.6592015444069,34.531154197829,49.7596337123627,47.6649981717882,42.9375824692695,37.5413288399758,41.4387696786261,46.0984090335463,33.802860021238,39.1587465520065,47.6752916925191,60.4274381750866,41.6686584124245,47.9161639214121,34.3054015931445,80.5624866708072,44.271147057571,43.5019178201221,19.9457714014196,39.9675230251828,40.5388594898358,22.3037362055666,24.666534295659,44.1105877902531,24.1946459702779,51.2438564898896,34.8712419926073,47.2513553108102,60.6486162870402,24.9303971454036,44.3813617630014,38.6816264507448,43.5411961503484,57.3572495552582,38.2705798797392,48.1686363515673
"E444",42.7918704122139,30.0012286204929,26.330210289685,29.2860501694782,17.1354413605015,32.2133203307769,36.2243867078007,53.8176023949927,34.9607711259866,35.7086350627877,19.0846971931495,55.3885941270275,18.5078397401436,18.7620539321215,63.438813728551,39.0365427203686,58.4203643564233,27.5334056120005,32.0674295073408,54.496025824535,27.8631607950745,39.8609240576889,25.450730297258,28.3385924344583,24.7035508437898,36.7599109935374,23.1816550233928,46.6198519315023,17.6058319492922,55.2587394904676,29.9977592959748,29.2413913937525,86.0606310046185,29.8196953611936,27.9429955698355,42.9808101762819,46.2163217544266,54.0271271353109,23.3442348101959,37.0363084332932
"E445",29.0698833000229,37.2145710525543,55.3312593284281,59.4594241116805,13.5245014092787,32.5602951890958,26.5623636332116,38.5868943013416,38.1307748998046,34.582083911794,21.7939140618389,23.907509999587,40.5532939161462,41.35560055552,50.4338833553515,40.5153198893685,44.6402272787661,56.5820921615655,47.2379201870761,35.4491730032554,54.228466246464,49.7508638095063,18.7391188504373,37.9136165116539,26.8910919695954,30.3280335316471,20.7043076190843,49.7472059661005,26.0394648297972,33.4635626191516,56.2752081362556,45.4896611869005,53.6251471152266,30.6034624507082,37.9434119189291,29.6710148971567,39.5135592239302,37.5879429559618,19.0135898362095,25.9690385840163
"E446",24.5115277861913,21.9238477346592,18.7989412707236,35.4894272909743,15.2755768162204,19.7288285568034,25.0900396796758,21.8578975190098,22.2266305932782,17.4703225524671,10.6796456440807,14.543427148043,16.6722840356747,22.4164201383407,44.6203739696813,32.6541320331011,34.2473364269837,16.8435881899989,12.1148434389548,30.1740529794183,21.63847718657,23.4034758013246,13.3040264185798,17.2955631406929,23.8976887889483,28.7622493798116,9.50646041264554,31.1242540041773,18.3946189805631,23.1440277707202,16.8221139965884,31.5958679974382,25.0756473974836,23.1553361798033,27.9722370203015,20.3777856305483,34.3462498308957,31.3310533801427,17.8895278039295,29.6045596883679
"E447",38.7632182796648,35.1489681170819,35.3655110544144,41.4737699421684,27.0195774165361,26.3929097168844,32.0346653457758,36.1151369576972,34.8988421756961,33.8074293032979,30.2549941407654,34.4388624632308,31.2233905542498,30.0590705616483,57.3018510705934,51.8364584928542,62.2802149169975,28.3332243086629,31.8323233342268,43.9917314347833,40.4231168200262,45.759133500255,24.6617706613005,27.923588470873,40.021791061884,51.8063391787554,32.8480512128448,43.504967739468,38.1042993603222,27.4586061848951,24.0617644912528,37.7008002724421,48.8740714185503,41.1227750748914,41.5739608332296,45.2093828937919,41.8019746483246,60.9656773425962,29.2054851081277,25.6082634424334
"E448",23.0747656375403,14.9108929394911,42.6667795580599,26.930674764006,14.021133553903,23.4532588605985,25.806989328382,31.8450940262076,34.3439203858965,24.4423970340999,21.1851207682767,31.32675297053,20.5249995030064,14.7666998048754,27.1437679538616,46.7067120945158,22.844766685011,29.2953154128425,12.2633864156381,29.8686632939184,27.5848990224613,23.0206398946603,14.9478139822268,13.5519991191393,17.5803403417051,20.5406863318105,12.9067704497049,43.3678031617236,12.9320589325987,18.8303051143499,30.4120660973217,25.5517750668655,27.1119244164017,19.6262786406752,27.2309939948953,29.5408067102627,26.2573097494241,32.5309871683908,19.4406577749451,26.155540447559
"E449",31.940282047262,35.9075567408166,36.2762114219762,63.7577788437407,23.0404690683076,49.968215193334,30.0869311738469,35.7398428216454,41.4836989537384,36.149403418616,19.9585188611986,33.0517184891337,21.4744768845188,23.075670816443,66.9212721559316,38.0645039424951,46.4248568372571,42.4120825221194,31.061906471082,34.9566252189293,49.6829174965491,41.8965564011282,19.0106019585784,24.8972596906558,33.4526325281457,34.5298401774177,17.8786611751357,39.0887717268017,17.1754740941499,51.3724177253704,33.2447313319697,32.2309990202001,43.7372594887711,36.017135458895,39.9418172605603,27.8151480433185,48.9291116489363,38.1677494687441,26.0438510449857,36.4021073319029
"E450",38.9786415964405,40.5950192255243,31.072563459104,44.5693331212033,26.1974101552101,49.8583205282345,30.2981634734919,63.9480705800715,61.4708959473214,42.1962658408949,26.6664524939419,58.949304460182,38.6355688470231,48.4592163784084,80.9528370208015,83.4293492258203,86.6734712172792,81.2303820193875,38.3246523897355,88.7994909139663,52.4679222940497,59.6036289522575,38.7033762763136,33.2817735143333,30.814254274901,49.4974653627197,38.0284847043969,66.2152238447964,56.5719254729297,30.7858522818276,60.0352907806876,36.3297203090051,97.8811860903769,40.4139357311891,38.0883680601252,28.0742219355477,62.3215852842406,55.5527987976657,35.4913056209441,43.8469165641649
"E451",34.3040192048572,24.0830344206886,23.8850865006782,47.104885500256,21.1776971013472,22.9211737031635,34.1006034126182,34.4241790691434,39.0998367290154,60.9798047244793,15.5483857080293,30.2555183302195,34.3842004429481,25.9183572586678,36.4656122308287,57.0665320481242,29.7678173278707,26.2106123921891,17.4029055199942,33.4837905515961,46.6282018300668,35.2484145579169,56.172843332868,13.7619073978929,28.6640103505903,31.2171355191761,23.4154967474004,46.3789884001015,19.8057715018616,38.4734720787303,37.6114961309557,37.2832537302551,25.3093701897322,52.695853758404,26.1713422746619,27.5042073722927,32.0510948608468,67.305238599398,33.9893463914803,31.7743946500649
"E452",48.6906919855657,40.3253137088365,17.9996456047729,59.426161010819,23.6767180854954,39.5473978143431,38.3726655204453,59.042864505057,71.6726747920566,34.3949045656061,26.4054837943472,42.8386647839973,34.9843783813386,46.6216674630667,38.7712632526463,53.2846838194717,75.9241807039619,27.8110531052371,40.3458531721089,27.5351035344987,51.5066933942259,59.6547645897333,27.6004526266114,27.0818690665519,26.693811506187,37.6195827035507,31.8890263536559,41.2097820752696,31.5231157640247,42.5085625877813,42.6807949115881,75.0360501904077,68.102201989666,25.594957937024,28.4913461150703,30.3307278311063,30.9387691249479,73.2532874995997,23.8753675471566,59.9518806217147
"E453",27.3963037574404,23.6669790599821,30.2307214622543,32.8098641926626,22.2704944107467,31.8708865419632,29.420930247695,39.6448028420209,21.9091907578409,18.9322411391951,16.671722617063,22.6384048527861,26.7921694476395,22.0705993990429,38.8758205862628,51.3680770810402,31.474530683243,23.2401361474239,14.4407888932249,25.0767939653635,35.4807715966357,33.0466001384721,21.9129003842408,26.7823132714538,27.5571767385101,22.6582657731575,16.2607511176837,30.6066969682972,15.9408661116341,23.7330928675288,29.6188515548282,44.2814685957545,41.3353344249481,20.3012417523397,27.5532077428847,24.7767107897261,38.3883092032581,41.5665172314433,19.3381459272971,31.1986421157027
"E454",17.9682516104398,19.4191767289951,10.2345889346193,19.0924787564307,11.289736680021,14.3732924932613,17.0800170886824,27.4171428615121,18.7773447979101,11.3254794917524,13.1049537991098,13.4967082348393,6.46532138230135,16.0867109878091,12.632718657527,23.4116047829256,16.0022172419531,19.1731567210462,9.35112661866128,22.0727156290336,15.7672572580559,21.2979594587139,8.28836178704667,9.37715512328575,17.7809591582493,21.8046753346566,7.02977720092863,21.1125811321201,6.78598511543883,25.803481238984,15.9865009270512,20.9882796498877,30.2677170902389,16.5661579710907,13.8088680562456,25.43958866923,23.9142531230609,24.574583269064,14.7950160511286,17.1223978938297
"E455",22.2913982370785,21.0482846620517,31.5439932126436,53.4281764660881,23.2197467331297,54.4164604035995,25.3162274854114,53.2325822475673,49.4234754345376,16.7702730973259,19.6211020229835,36.5583290872822,26.3802466067531,34.2881796175089,32.2721191743756,44.6020187691074,41.6787371182759,34.8210068033486,44.4169130035259,27.8008081597846,33.0407335381288,45.8151966639913,28.6795548491931,18.8258305756869,19.2785292080767,52.3162704834742,13.9246753183506,41.9891766924267,18.344278304893,19.6072670468599,35.3696852087575,19.7034050694697,75.38481902055,26.4614248993211,25.9410723100687,36.661302258422,45.7200080771789,28.544345434021,29.0564940163422,62.7670188147987
"E456",45.0162525008192,27.6188213052421,17.4791571704664,55.7158592091176,24.5937278615831,17.4732274165633,24.9260975841098,52.4954966378799,41.9330201268763,28.6842340737516,19.3185233023382,37.0190783082056,36.1448134989021,21.6907089757228,54.0680539245897,60.0023025403113,55.313008689403,29.5247562161643,34.2984687584558,41.9357584564321,41.7957625142849,34.6160769044348,27.0677691023946,16.1907067582067,23.0506167833837,27.7236488465786,42.7421083901543,32.9027716920136,24.4417192204901,32.9982560292353,33.8310259439052,39.1155260156538,54.3755169146031,31.9491967855072,47.7737728896339,32.4890503629878,32.5443749591239,36.9292941326408,22.2785721712884,29.2716548712462
"E457",37.8851053089012,40.4625254023225,42.2528893241657,79.3751064130366,32.0209873136628,62.5307309109789,46.6352174606076,36.8564943556725,77.5635153932215,51.8241691282964,42.6096405025248,57.4884158463524,36.8690241486383,38.0063431748948,98.3369174624663,56.6240633173532,79.4971161773749,46.0548235697013,62.0691648253987,64.1565215417978,62.005015495015,50.9624637983335,28.2274051201333,24.8194041995677,38.5937549881049,79.9694482247563,31.2378758820223,56.8119195207859,34.4628166864278,51.5355492050414,63.3474204383901,60.6547774576853,133.068766935939,75.9486244018826,47.8591960574431,34.980082508026,46.7027987014193,112.838146038493,46.5236602152989,70.5112699533079
"E458",26.2997268229757,26.0594756381564,30.5934188900542,35.7392617286812,14.0521964648875,22.9089095290119,16.1154563248393,35.5002761402401,40.6287068453736,36.0468518678597,16.4867291525184,19.3717256148622,22.0862595731653,37.9901062000772,53.9756569651585,44.199933381888,38.8170269224939,29.9058255385142,44.5628667182318,30.4586989594522,34.2794487105004,30.3858690800773,23.5606880285051,33.5494028001088,33.8831188729399,22.1995791190904,22.7553444198738,17.4360338864613,28.6209593027336,25.5073157756745,21.2140421177796,30.4237967105592,47.3473182023544,27.1555602610625,21.5011001699531,24.2387969222968,38.5655935087646,54.865251972356,23.5200746165403,28.6336890469254
"E459",36.7166061777414,29.2011886206022,29.7860049548116,51.0544657557026,19.8469443774956,33.1362249257427,32.1978871137403,64.6733293997162,35.6450108653596,38.2456012641558,38.7336889235581,32.9929907591226,20.0908920021413,31.8602468004406,34.3134591219421,40.4888553363194,57.0357332294472,45.4166543396648,25.9876340161163,38.0682205012265,36.6121893929283,43.0182209372294,18.7689204359137,27.2615698796445,20.2847471765494,43.4241578126553,15.1667406663535,32.6623724371501,16.8684718649976,52.8960405715776,27.683036763426,27.9988849743572,48.4236359921563,24.3952030792192,45.3542802507225,21.9669212821671,33.4254575077993,45.6625594711221,28.4904988671913,37.4396842733599
"E460",12.1143322089346,12.7975930122531,13.4723025341113,30.1227794767863,11.666748620278,18.9838822244379,20.1261236344509,12.840333636334,26.1064100972199,10.263510221302,12.00024013077,19.0384085368005,13.3248005763536,17.916048860088,17.9539888094291,21.5696023988751,20.6264431154693,21.5139691493457,12.5114379730769,22.9715967088118,18.896805025156,36.0103548505185,9.92464151977936,15.8146563174903,13.0715932711261,17.098523900487,10.0993170622063,18.1385645476793,15.0950309825779,14.1013084297279,20.6999355153918,14.6116259325836,32.1122546327482,9.04206452820137,26.6269021307959,18.7091168948104,26.9142853607233,18.2560606575644,9.06211417482261,33.6865236365547
"E461",52.9838868638752,46.7759693030086,91.4053241067998,78.3605234646928,53.4136191971721,54.3315300039648,58.3945450749137,93.9976468030264,67.5288167641738,64.1903456048723,34.6682271559606,68.6174640595942,55.4195515740127,48.1167029046155,150.423010708712,108.959844270308,71.2282133020499,47.6668002682501,52.5691594736208,108.412910130054,83.4104539446675,89.404828906824,56.7939748713142,70.7485564719516,54.5729056086489,85.0910432218794,48.5984608944233,64.6291343377537,43.5232625265676,110.512984918486,37.323487284744,62.9860529682786,124.421324217904,75.2745252378097,62.7626375469398,58.783998912016,59.5670139655947,100.00038817077,66.8145626225922,82.0553846084616
"E462",52.5515827573328,23.2837842946985,39.0467213393459,49.4278120209683,16.6232802988252,27.5528591948415,51.085748485965,48.4193323424561,27.486005875932,24.8909122750045,26.6551793347911,37.1172869932982,45.2520905176529,72.3147654611032,54.9506647023857,52.1522191828767,60.7740704149334,57.4776532301396,44.7864567803372,25.9861392235173,70.5055139258047,35.6800828062772,31.607981412835,27.1600955421063,31.8125509986245,43.1547394655689,23.8032032057098,55.0281504997818,21.1111202020814,58.2860161106836,43.268700584377,37.1925580476102,50.8262249432422,41.7680232317427,41.4469889005684,31.7523314393515,47.1541096422781,60.2000967335785,37.9015721512714,56.3468064073164
"E463",23.7383770467666,21.2386709284918,41.6903560033592,47.7219611750504,22.8435914009501,57.0585010469183,25.8808822621803,54.5777257308309,32.8300773122368,32.4134172001024,15.4497226607694,31.4234497813765,20.1309228325404,36.0830912603082,50.5525821251232,78.4162476850662,51.6859178899154,24.2083482610977,28.9849046618062,51.0113400679948,39.7171461739337,36.6863561452531,27.0993337874118,38.0183769639773,21.754738793149,31.889867329886,26.4418951174824,67.2960502715618,16.9706279692962,23.1235030905014,48.3962525764569,33.9679628876779,45.3537090836398,34.870621252802,28.325551375786,32.0848691076539,42.2388126305785,57.5331415153241,26.7551246861848,45.0241366724437
"E464",31.028458750674,27.5763806685522,18.6052058913382,39.7884847594672,13.959795567458,22.6028085579466,24.6905529769168,42.4720982918889,40.5948314031039,35.2646958727983,15.41709138518,30.6064772166841,21.242976081777,14.589786921183,70.0064312387804,52.5070323247913,37.9227180456706,27.9557184160043,15.568728211638,48.4993132673118,29.5824157737804,30.2614991548169,22.4949542777917,19.1468915263209,15.9256396438601,26.3451484801217,29.3386740580442,33.0848677610149,22.0638257486891,31.4171019803257,21.3297151190372,37.0219854611289,56.4398438525928,16.3428616984642,30.09657742452,18.5817563148717,45.9180468466866,32.7452448883247,19.7908754479408,24.8971443891888
"E465",25.1236745795081,45.7741940120412,36.4581416690244,55.0351777547966,28.7897383915123,59.3731308705903,21.0231195238972,59.6573312304273,39.2890626524733,41.9497900433615,11.8619515773396,38.5301819500819,31.610548282588,20.098201662639,36.4427573408794,57.4544631714943,43.7787831923264,25.4528316647748,25.9407089619315,50.7631052084164,55.4019488378308,52.9457512586413,49.7002588733536,31.0780660360439,34.4083411110109,74.6636899501659,22.8057923367646,36.6085211764982,32.5458461198391,49.1416488549733,46.3558395700007,38.7500223308956,70.2314685073889,32.96334449552,33.091691001406,51.385152141607,49.0312484606589,40.0917432531944,25.6780286012658,49.4101504618352
"E466",34.0926659349539,17.7419402798515,17.0593185608777,25.1960787430869,22.6938478226883,18.6625789811492,21.4526073324057,28.7182442996399,32.0593811890806,28.5899711838953,15.5661092106201,31.5516120256692,19.2908313793851,25.4870587583764,25.569492684169,39.3703801040452,43.1672978383995,21.7101138257604,21.8143110873876,27.0745669280324,26.4278991068455,44.8734453135175,26.4491946443358,18.8278021032631,24.8888223584705,22.8914163793602,35.9960836582398,45.0061245599173,18.609649451908,30.6953151566968,31.2195638698757,26.8061002190528,42.9604719986742,23.4600356400452,19.9924250914548,19.3202216398637,32.5544564441953,43.893952886681,25.5990603460543,30.3250695310605
"E467",10.2919788289915,16.033541943042,9.06905114758084,14.0778087910146,13.530144890625,16.2694075039607,7.22000772680182,13.9899765013894,15.4857063725257,10.7624566888018,6.92818559201495,11.7576702677924,10.3141641733647,11.097982385185,18.3377483275431,15.4192290227163,12.7617508252887,21.6231316522559,9.73214470655218,7.53400036550466,17.3744566574227,14.8816675809062,5.38502131404981,9.74377496553445,13.6877051476459,7.87546965886655,10.7605954741365,15.6742364691805,7.61520146352831,14.6004295722002,7.03179304205946,12.0718084191139,16.0531872347472,15.5736402548307,9.41390027759717,12.5103906702478,16.6002880540645,13.6442223667163,6.82592861200175,6.81164380314623
"E468",28.2185895263923,27.9249349230769,23.9539918072897,46.9747158415721,32.2453937605357,31.9420801949054,38.0340766992781,42.6910577734512,51.7667836152114,25.538407521017,16.7163637510496,33.0814597310478,21.121279478219,23.4518200641361,54.2604680466392,65.3941502471237,50.6724133814913,32.5749796399586,42.1792994765663,40.4673588478782,25.0421738755468,41.8903019175427,27.1934202225533,26.3443900941287,47.7337319740871,40.5587120231643,22.6465455118049,49.9656994595395,23.1111961967034,39.9090057389906,32.1466090769834,47.9217469960707,89.978681298966,33.2027382777001,37.5374354583056,37.4597271799254,81.6323438505749,33.1105675953637,40.1401194750193,28.5675603737308
"E469",24.0566905044724,17.4539544261514,18.8919055867598,25.87309856223,12.3849718565498,13.2406684903284,17.1359344623588,21.3000549381859,19.7569348450982,16.1756663809335,14.3425614224856,21.1807013871078,15.0203524454821,9.04883451838729,27.5185393221877,18.8675487108703,27.5902788706664,19.1129495026386,15.9349349165091,28.6767224381657,18.7265860477058,16.9089789130514,16.0871588643796,15.1619383863693,11.2803780896086,21.6282365370511,15.4018632113715,23.4224516774364,13.03551960994,17.0143717382675,19.5469094256764,16.8720370208001,41.4918002373449,17.2414620859423,14.3504080123995,15.5677244244418,15.4526183289189,26.9486941203188,16.0430487199635,20.4030687623642
"E470",36.6579019634926,26.8104145853138,40.0008374153593,61.7289672176759,35.570231040811,40.0761437670377,23.8600598071466,37.4071300413808,56.605168998188,36.4544286609597,21.2999828687226,33.3722725157485,24.5448226214203,36.6338458417997,71.6967878999458,70.3134777642446,55.9377377954427,45.1381248069501,37.7246278428364,45.9166178161118,75.6303000808215,43.8597890999029,30.1866746101827,32.7749870659409,35.579632679582,45.4822344489436,26.2193408934136,49.2956234542544,36.6029551530291,35.5691852180071,35.2057375442411,44.4900156387667,68.2799377163987,33.3124454487986,63.6739497383947,41.5822184061078,58.7426678288581,66.2374847579992,29.8410093517675,51.4435282404153
"E471",17.8488522938923,20.6898899284053,15.2886813965898,27.9184878801449,15.5446379649572,21.1374040327726,12.0337346431388,21.2449696193743,30.3500472023754,11.6108176074402,10.7179981864817,12.8835382672605,12.2232307509816,20.273620364021,28.5567637825827,30.2037048826958,22.8906914166871,20.6866444859647,11.3230315568623,29.6847636221124,23.7179908041486,20.6564746361897,21.3166517536809,17.7947403626762,14.1833035787473,19.596555219709,12.5056588104594,26.0669755607339,9.91101527095382,16.6186826300541,40.5290520675625,15.4683619183817,22.6502481414385,11.837179147671,14.589061978751,15.1717228508185,32.2997230189348,28.0698105567422,18.1771993893458,22.0404719078557
"E472",40.6643744649473,34.9346115094737,35.5305427515718,53.806807253473,30.5749441365907,67.6097546661204,41.4896369343225,66.2415303410098,56.898984932075,39.0957627331637,49.0635535808366,41.9099527918974,45.6027965447109,40.9887779001208,113.568393384806,51.6542355879881,55.9439071075288,34.8623144080654,55.0279804531379,60.6467664994859,78.6798967296646,50.7299953846636,24.0385896017552,60.866645095976,46.2379046240186,63.7475474054876,37.0518828092404,73.5545845768264,29.6922803704165,45.434096823786,33.650376637583,43.5335980517785,108.907747421085,49.9357060725837,33.5227893529443,40.9890295510186,42.1792325054455,64.4753488613356,44.6469212512133,37.3033863407825
"E473",29.2365224501678,24.8603677032722,36.2946854565159,42.0774322425552,25.7901024685331,28.9329340639523,16.8183147007215,37.3717863816983,52.9545227857997,25.0604787630761,37.0502498186248,28.2662930961185,31.5731566820297,25.324537626272,66.8841158683741,61.8995802066792,77.1468318339856,45.1980838616307,37.400159612558,30.7363278310417,50.7878093176321,38.1466425821465,26.2828338613527,23.4583752870193,27.7641741053553,39.7880310609733,14.2810862271668,42.919800754406,27.908101632552,44.1127567416659,35.3799688445673,25.3411083999343,72.8922207579233,42.4382961340078,49.5233691067074,22.1455573398618,35.332341619982,27.6295406471688,17.9261174047634,33.5513207277986
"E474",19.5510140036096,21.654225057799,31.1619908411854,30.8034557774903,30.2881259517923,36.8113308545862,20.3591799322172,28.8600012147485,30.5168322249349,26.8137229976601,15.0321299094488,22.3345734836708,19.417671704897,32.05869964797,55.2577729837815,51.4513390134647,38.2780911142916,50.8674735572044,23.5935413819138,34.0007829341366,32.7934648281431,31.0362402795608,26.8161325412444,29.1811386836812,23.0332859899553,21.8274397902643,16.4710379515486,25.2740542564827,20.5354714679567,49.6796132801557,26.2062274558177,34.0466522639983,40.9268990870124,23.0115095136794,27.2747736196769,16.9092381182976,33.9146550404984,30.1007361523404,27.6833755922976,29.1635197961394
"E475",24.3366420444169,21.0108698089307,16.0738660403321,48.1147073944438,20.9381900509125,22.7436583831415,19.4641549328892,25.7035995337407,21.9371614703505,27.4521664654767,17.4293862867275,26.756306057916,20.2892761713438,11.8588333761124,30.1363612779037,62.374418859003,21.6768726477442,23.5098252886127,14.9686172945326,22.6394663953127,25.3201921139436,19.2325583457956,19.6644132834569,15.7218084980164,19.1956895587561,26.3803285335176,11.9306299265529,25.6893588836271,13.0819681127888,25.4655775644208,29.0464581511849,25.8737378862341,24.6899064801299,20.5177256672853,13.1987130906539,15.6119346822086,35.2305560269644,21.7389401885502,20.956029801535,31.037327488895
"E476",33.5187528989931,23.7117090221582,36.0305851976248,40.1809396474167,17.022713780247,24.2977585857966,27.1486252157735,39.7327846066909,33.4038643377236,28.6236077916173,20.0194913661308,31.8904726129219,22.7449995992844,21.486999479153,42.1672132896054,51.3492405023226,28.6056517924044,31.7983251009828,28.6397213513629,37.3046211898753,33.1242666830895,31.9078680644085,19.859889029526,23.6346186071668,19.1228372425814,28.5639401252414,16.2877418317551,40.7050276805738,11.1892780647014,32.0542309338959,36.9416810990513,31.2232119516134,33.2692526647148,33.9979082512878,24.2799448073138,37.8787076131931,23.8698911630717,31.6207762968101,20.2861051446914,24.0522596277088
"E477",30.7136100135053,23.6609382580641,25.6963903673748,25.9477818739388,14.0426931794116,33.0267603784237,22.6872787173519,19.7013044514825,20.2990864292356,15.0890053129833,12.6302567576492,22.8475601553165,19.5729165587244,27.1691114944135,41.2688348297256,36.9085723900997,26.1453568203527,25.3692183874291,19.2354216664734,31.8880608523465,38.8739275894336,40.3089382996214,14.1489979977379,11.4110985591752,15.1807914504874,30.1399505468232,12.5969343434097,34.4821458233889,17.4796698979753,20.8098930864368,25.2830646731169,27.2595743342576,63.0616340822003,31.5544038499412,25.7331247911596,16.074314526729,24.2842962500809,33.413457345892,23.7167599035814,24.3778419478552
"E478",58.7571713300675,46.4333411562713,43.3317875259073,69.3417660496767,40.2439791062942,75.5839501748677,49.7751709710206,51.1629395843526,75.5462242540211,37.8129962691925,30.8939577215184,42.5812282655259,34.4510139633748,37.8765216278571,114.105684770849,91.0964915764814,58.014841216639,54.6907632271604,36.38943481821,35.475293779547,70.936388257139,59.5934923255414,40.7509103913589,45.8921843969364,33.8234747289683,53.6091516649062,22.1791808634549,79.8303838387373,24.1039454454586,58.5961509053116,56.7046709789641,41.392579664342,58.3911603957522,47.0835399416016,64.7030682239355,57.3959431548629,72.7553155141268,90.1687024328786,53.5964966545053,64.1963519288562
"E479",24.5505267812227,35.3670990104103,43.5581559260166,63.8738070874669,23.9042128045192,60.9718059991385,28.5123793025095,49.8548933818424,63.4377301617412,34.0278420608251,27.6430970487179,30.6360660970454,44.8098717332346,31.6435938108356,40.0605201256221,82.0212294804845,54.0763451797127,36.1058753559346,37.5935238570036,47.9081643624713,35.8378912131452,45.9151176881991,21.1484303417523,36.7270326819797,35.5078482618721,33.8485185250149,26.2596027563175,46.0531528924192,24.6894071712562,49.3868782690582,29.3938564505453,36.4717576868376,36.8003797802906,35.85361522243,38.7022924373872,28.5449517246082,34.0330461999684,57.5337981427289,36.5559807036587,50.5484899614169
"E480",36.1642801342991,35.4768415003737,27.3833030833607,48.3385378113691,23.7149073075527,32.0868124787822,21.9560567754249,59.9873979013376,25.2061345615061,40.6508928436519,16.707645213432,35.3803570871218,24.0060775672861,29.1684585220188,40.9140518826602,36.3721891245734,42.3864395904483,31.3082797634468,21.9963750040096,38.3181077727966,42.6328512462066,54.1357671684147,30.2945105885842,40.0237532816238,17.908603433459,39.2121037315131,21.8548620631162,25.5634455027192,24.6571198202009,39.354005406065,25.6554774450937,32.061683752,70.6295822964619,47.062496861953,22.3268045445833,28.5805619927231,56.9436764670617,31.864960041366,19.065648516629,38.6046101490152
"E481",15.2048719968175,14.8886551552186,17.050519008876,22.4242547456832,19.3134343074723,22.608497615935,19.8392032763359,30.1977622845295,17.3558047562315,19.0148571148873,10.453348607847,16.0865892448229,17.8638870778116,15.1265010140001,27.1530201643428,29.2479622033592,31.9931029241508,23.5287240959701,18.9950791918057,32.68705641355,29.2257196077117,11.5491142275549,18.5266023037854,15.5549218626441,15.1984962465532,23.056408083256,12.0857539400598,35.6396500274264,16.6189181549368,25.2640064949376,18.4337217276086,14.2020682900177,21.2071437963025,16.9612306579726,21.9047065279074,10.4400890405351,21.1039858332221,26.3698051041005,15.3351383055509,25.7216395812588
"E482",28.8631924186217,34.217090069871,36.7663276897747,36.2325086247955,29.4580084730888,36.7255212486353,28.6929806152795,47.0429868334737,29.0629975146078,38.9155158468177,19.1501180284309,33.9857764799708,30.9828813288922,30.6695403651413,60.7689514011548,58.7465073718573,56.9328446767865,29.9518378857627,28.5315044884956,31.9814855642489,38.9571113246785,34.9833098589159,16.2945866722139,19.9971891118815,25.8833361490987,25.5315085425682,23.814018822544,59.2676953333092,23.8112605181674,39.9172887867365,32.0272881268963,35.7239421595934,47.7182804858422,42.6098813340573,34.9725098172246,27.7838939343,34.4512434066706,33.7829259109717,16.4395560099579,35.9069511345198
"E483",49.5203464444029,16.3530693826164,30.8167291512206,39.2082196732716,21.3956299205078,36.3537297062376,25.5445467187328,54.9050736861597,29.678421786208,40.2059806838528,19.9616583135018,32.3902991551656,22.3388449423027,20.8196810526421,47.7149881989077,42.0047337748062,41.2568190146104,31.083772368393,25.2195126734753,41.0236897016854,31.620007522406,47.7976229828535,29.934771665455,26.8869881023266,34.9887703223068,71.4735049133248,33.2669042450639,35.8854751314351,35.0786165805042,38.7177170395666,33.3373679682582,57.0019293821607,60.465599874793,29.1452829546103,31.858788757795,22.1622504243434,49.1846562226715,40.6818573819032,25.4811005344222,23.8343052555315
"E484",38.2259797198298,19.8856903963619,23.7149945515026,43.0616650384346,36.029399397922,23.3292831132879,23.6579729978494,24.3881243042383,27.6367277140724,37.9257401914864,21.032982388677,23.9022970699818,17.6749067454153,21.1421419143326,60.0454173686786,34.2495454595997,43.324254305663,28.0309737721719,27.611539799008,33.2373534202304,27.2912036249187,35.7223611979762,20.5713031148358,26.6117762696191,21.8178274564432,24.5868729233346,22.6599139803939,27.8398469078602,15.5400667621823,26.3601597983574,20.8287149187735,28.2678731390614,60.8270134029531,29.0582958815339,27.6225129694097,23.0079344586352,33.2535122314862,34.1431951108927,28.5310400443975,19.5801556046261
"E485",54.9641133129408,43.9215270829717,5.0832334314473,68.2826768735704,32.1579609840905,48.6895028297511,26.3873074954356,46.7693780114896,39.3256566850243,45.0460304981816,25.1797942675118,79.2571579031877,39.5282898760219,47.0633026160686,70.2253852345929,2.78679096628912,43.3185985949447,57.428043853636,33.7889255534139,42.5062687917699,1.13306877226569,56.5995827929891,3.22409067908302,47.7192650176704,1.36810309160501,3.93310355395079,22.8724861193514,54.5532062463306,37.1544082822671,4.92616068129428,35.144728442119,47.6602516187058,53.8641779340379,55.726364351675,39.225492029749,3.93427788070403,3.30269279098138,80.1295432182597,2.33928725146689,55.883889989499
"E486",28.3390880828758,33.3725938503663,66.6523338057222,65.1823664283083,42.3101951855782,39.5419338056372,55.4991703361027,44.4598374132843,68.1018375249986,79.2315351151042,32.7722996286311,61.8486269165586,34.8328111536103,44.0742933924222,71.6556161945064,69.0296739345634,57.2472294009794,59.3887793664734,38.1649602228761,35.4252058941281,75.4799333935466,75.8798839531349,51.5035643862226,25.7016590331558,35.3683319131802,46.978450909402,59.2483400117776,79.4170812995066,41.0002725406762,66.7870562893583,49.9772819346212,62.4012133087265,83.192118070687,53.7894500183542,43.4378165201131,60.2713755384357,79.5308236251012,54.6607923393516,34.1282732534845,51.7492013181617
"E487",15.459055781336,5.52622097916901,35.2477725843078,40.5535851173491,18.1916470219585,28.3013430390392,2.7167060484644,33.5816224946224,39.8137666510601,29.0299825274527,15.8502501383994,5.41069778986275,18.5188004303897,3.47413810691796,45.9272822527026,4.76057984889485,30.220589469878,30.6624683897132,19.2714827145279,1.31828741542995,35.5176526885985,25.4215702864014,20.5350216585002,14.8527386621914,19.0972455290607,31.6222383389,21.4388127691383,25.322513461794,13.9028070568913,36.9411727481055,26.6073781337098,12.6919209341249,5.3775076942984,19.9905794356135,2.83286487706937,26.3589571881767,5.41667675389908,28.218259071564,5.59780732053332,37.6325422746855
"E488",36.6416986710549,42.7736490748943,30.66525086136,41.4758611554942,34.5675545624458,74.3362422852329,55.2862205906042,61.5939430041017,44.2679652106422,47.0501461783758,26.5584256442969,33.9104275755295,25.3841266885274,45.2042873599875,40.104826030734,73.3368504615541,65.7633727743816,40.1002196800306,60.5373816717375,56.0298548669556,60.2848559198636,47.1080775906197,27.2023587695382,34.3522647929884,37.6304295873748,33.1651062043142,33.7223798527778,66.8355985936254,30.3435737360033,87.2026739993724,51.7807086500839,27.7375698749554,83.5634234037968,33.8882007124923,44.7855771365054,57.7232076214931,46.9063344289304,49.8732814712207,41.8287268478225,50.4592147137665
"E489",25.8615869863894,22.5764636817734,17.5931260929104,29.904155439909,25.9545355647371,40.2028018618493,28.2108156481655,22.1318966353808,35.0454768714548,16.3034457987985,19.7544602232433,20.8007742606069,27.0155742384044,17.4121042136194,49.9737312330361,33.6670395648463,52.5478260838686,22.8636128424094,34.6775251352845,28.1256146248123,28.5680957309085,38.5173636589495,14.4188676011574,22.4539443194279,19.1630797957271,24.8608836424503,11.8391081351334,82.9317422681112,16.1626889618584,39.0204694890784,28.9142884128753,27.5938561670599,38.9816024985611,40.0395861177311,23.4205677935376,24.6260933329256,35.3257879878664,30.1257013069071,15.1241943856555,19.9563382828941
"E490",49.0654972716627,51.8192444457953,38.6375933631116,72.4004920933004,28.8082557382901,53.1783702182868,33.382852586957,48.1908365967764,42.8106644652118,39.6219408135015,29.3753674097345,30.5165800664106,58.4695860256719,35.7069314123159,65.2814224208011,86.9715352587667,81.2154697429313,57.6380870564247,32.4919346821854,74.6083671365154,117.002275494542,83.2390923002911,42.3151118769038,36.527472037757,40.9892965151212,46.2223397563112,28.5722770970447,47.284149752028,47.1833426720057,46.702003011248,55.9675914806083,51.6449810184381,80.8216956485356,72.179563387756,52.1125461437213,59.3404164725875,53.098648950362,55.1519998558827,31.1255382981679,48.304754026781
"E491",23.1546772386121,39.4824733994013,39.997923584952,53.8710986798824,28.5437806928929,29.151877678943,23.7514999443733,27.6260665190505,51.580117888282,48.479801740785,28.6323293452372,43.4918586710866,25.6788070680264,41.7955137753453,52.9415328395442,58.8093484760537,62.6710901186666,36.7837574372347,33.0277177068253,33.5961831155224,38.5042628948362,46.0072699844889,33.5479994527244,27.392774562414,22.9664251271246,51.0671709099162,27.3440514436498,44.1826294007789,30.0462386902519,46.5202817390564,39.3981939707948,27.399986859958,79.8511723029056,23.7676773860441,47.160745087912,46.0574668572056,51.2340878027597,70.2557540444476,45.2082702213275,48.0444381631024
"E492",24.923046945359,26.3256466091353,19.7255239973925,51.60537593158,26.9084773425868,1.56407921365462,22.371335349647,45.3328259689664,40.2404333467729,5.83636385994032,5.44966760929674,22.4457902533909,17.5846800376843,15.044436834488,57.1204209298044,2.66373560787179,44.6029247678551,30.1884684520134,39.3867463525887,5.74672458716668,4.63493566284887,45.9987729416874,18.6095360571046,19.6670061901874,22.9749654262027,1.64622234436683,32.8981492707572,25.9569733499227,27.0132379812001,4.1686618225649,1.65849938662723,17.0574945816559,51.5381749843185,4.9564515533857,24.1099688935283,24.494807205884,48.215783992472,41.4850065699346,21.4939634425812,40.7382052251352
"E493",61.1283256093574,30.4539996482702,35.7482259841407,58.6079205847072,29.8540997639072,55.5042567535653,29.7742658032103,45.5329160608881,16.1855332743926,17.9646016509515,19.1947763997487,60.5958392878625,43.7216092421606,43.3722894588926,66.3625971220626,123.998074328912,77.202350104778,54.9116009623949,56.0593380579972,40.59236904003,48.5989203440631,50.6463353501992,32.2604484413348,17.0046301765403,23.9825603004104,48.6354856161366,10.4168144943848,74.2217587050819,39.5707303545342,30.0561323849317,57.8677173333523,39.7335404151838,65.6188429755542,50.9454934667629,19.8384022926086,41.5902774801815,43.8661643298811,54.9431476562828,27.8598006508608,52.0387909977689
"E494",51.5528364443253,27.4677171352462,24.9857019664975,55.1077100165253,19.1021470502826,26.4030818085043,31.9848879703398,41.16347278689,39.4000293535592,33.5653374505242,20.6554431804816,28.6542642700204,17.9374381725502,28.6805748897091,54.1459822265405,42.2723426013584,63.9787146078427,26.4767612194515,42.0511708738823,43.54137961835,53.7501760375962,50.5154420272812,27.6260395442626,20.4891068585323,26.5938980433201,29.0440668991955,23.9780559170879,41.3831014750152,18.9020365896908,29.6349012855829,23.5752002788037,36.9112909175475,51.0371345138124,24.2250470713749,30.6026381274079,21.8446228281537,31.1182547073922,49.25533760455,21.0901966437723,40.9786467175197
"E495",29.4329844213155,28.3181786749144,20.1098668996872,34.9678313261809,18.5480202189214,16.7049798059479,22.746996511988,29.7780508370602,42.3649642862326,20.3191673811152,26.8798917887909,25.7797317751209,27.4172795748962,20.7658958283609,33.1989470179562,57.6416811909635,41.5623687331708,24.960025635339,19.3331265683623,25.0364417459414,43.2732377929781,44.105634184224,16.6542667527905,26.6511160951979,19.0780382802876,25.7450575896678,18.0838475042139,36.8156376314503,25.4235985938898,47.1100664686768,35.8253018837622,28.8996738283037,46.263974160148,28.4401135891419,16.235236430531,23.8573059663645,36.3806431781819,24.7059090851313,21.0527140930492,21.9026658550791
"E496",17.7682490553249,11.1541468182174,8.98732451446978,20.4930846480701,21.981391123215,14.2993122880769,12.6941713683898,26.1928807428652,13.6396518837847,23.8135749908136,9.46953200775026,23.9397476734308,8.60190384294564,17.6362651343541,20.1705528026382,36.4584224228828,23.0971543831603,9.87221371017079,12.4719397530722,19.1218693576928,27.4230385389617,22.0157634563815,12.0143992113221,23.0821371421527,16.1901713503768,19.4816111354561,15.841184051052,33.9254536960821,12.7455366219716,20.7360711590229,11.1003172814177,10.6780650628946,26.1520697858224,16.3595660651846,10.6567619623093,26.8650608779311,21.8609717009789,20.6469526685082,14.487468158921,15.2673344748569
"E497",40.3969219887717,22.4852741944171,35.3819265394318,44.2032870039727,28.0590942985319,50.5811168033016,50.1932421225495,44.4379197743368,24.0216596074795,18.2174397267184,30.9321251138538,42.1288476709926,18.9491552380954,17.0992497520208,45.0273920683111,76.2395759266767,69.6501327940502,52.1459975433425,28.4703729829151,56.9041756521622,41.6144384053254,48.0187521538514,22.2860862702945,12.6594298356148,34.8892543575637,43.3634755652291,12.8084866191579,75.6735233452735,18.7620414863146,25.0015915693932,39.1010136494862,33.2528724859879,41.7542962519008,90.510812273094,19.3544711246404,35.4786080402252,45.7568022374834,37.9235143749782,14.5011884129516,68.6613842089165
"E498",31.901334818814,20.2937452954344,17.802160773208,40.1209214180535,16.0538804981551,23.0558744745518,26.4037114407991,33.9495040226699,24.8483110752237,19.6630001142176,22.6904108805601,20.3418343462555,19.3123712127922,21.9442013933044,22.978676309835,28.2122203904328,23.3570543346806,31.815474651694,18.3013382653598,29.4393237563997,23.0634233423282,37.8572872930401,24.7976602442694,22.2488467075282,19.202533314664,23.6715464926192,18.2727716078798,35.5134393316698,16.9843295174457,34.7080200892056,35.9621578572479,24.1198369004528,45.6601381936703,31.043178077806,27.2103365491459,31.2956081685514,42.0960657458891,36.7851233486378,23.2225886362324,42.4608818037411
"E499",23.708444791142,22.34307728977,15.5946079091767,48.8585959284376,9.45995027641158,21.2053470254028,19.763302604923,32.2527313027599,29.9928075686813,20.3773466968505,12.1283194594799,42.1202791536275,20.9896573547151,15.1598317590949,28.5524591704373,34.9408072393317,46.5720476436716,20.3867247084462,16.8654693085368,19.5489001044875,25.8397445556679,28.4144371953948,16.6067110773539,17.3706888809081,13.5721374316047,42.4267248316729,14.2297238042797,21.5434403640163,11.5031480802546,18.899285827022,32.0004008009635,30.9792781880293,33.9460943073851,25.2443222284528,30.3060883002085,22.4696996190806,23.9850248418994,25.2828176220163,28.4421789497679,30.7542890034421
"E500",15.2567241558577,12.8002999035676,11.2044866942785,12.4544754466189,10.0083915248178,11.7382205504088,8.03651259547851,14.4214401116051,11.7617237504355,5.28051336049781,6.20781694680202,13.0479088556899,10.5170615924375,5.96780664705206,17.4447514001314,20.2955648561119,14.7749728107615,22.191665272278,10.8197735855134,14.4566978931921,16.9658266321604,14.0084501280187,10.01872824365,3.99806037103395,9.77996362044054,6.87739409174283,4.67603284025008,16.8756943388149,9.80377190874514,6.79057481161629,10.4265832957167,14.6257867903364,17.9696104830869,8.34443927508855,6.23866296452222,7.57670682562858,15.1448840334794,13.4716574841449,6.14742909192503,9.18930996468568
