"examinee_id","item_id","item_position","initial_score","final_score","changed","wrong_to_right","right_to_wrong"
"E001","I01",1,1,1,0,0,0
"E001","I02",2,0,0,0,0,0
"E001","I03",3,0,0,0,0,0
"E001","I04",4,1,1,0,0,0
"E001","I05",5,1,1,0,0,0
"E001","I06",6,1,1,0,0,0
"E001","I07",7,1,1,0,0,0
"E001","I08",8,0,0,0,0,0
"E001","I09",9,1,1,0,0,0
"E001","I10",10,0,0,0,0,0
"E001","I11",11,0,0,0,0,0
"E001","I12",12,1,1,0,0,0
"E001","I13",13,1,1,0,0,0
"E001","I14",14,0,0,0,0,0
"E001","I15",15,0,0,0,0,0
"E001","I16",16,1,1,0,0,0
"E001","I17",17,1,1,0,0,0
"E001","I18",18,1,1,0,0,0
"E001","I19",19,1,1,0,0,0
"E001","I20",20,1,1,0,0,0
"E001","I21",21,0,0,0,0,0
"E001","I22",22,0,0,0,0,0
"E001","I23",23,1,1,0,0,0
"E001","I24",24,1,1,0,0,0
"E001","I25",25,1,1,0,0,0
"E001","I26",26,1,1,0,0,0
"E001","I27",27,1,1,0,0,0
"E001","I28",28,0,0,0,0,0
"E001","I29",29,0,0,0,0,0
"E001","I30",30,0,0,0,0,0
"E001","I31",31,0,0,0,0,0
"E001","I32",32,1,1,0,0,0
"E001","I33",33,1,1,0,0,0
"E001","I34",34,0,0,0,0,0
"E001","I35",35,1,1,0,0,0
"E001","I36",36,1,1,0,0,0
"E001","I37",37,1,1,0,0,0
"E001","I38",38,1,1,0,0,0
"E001","I39",39,1,1,0,0,0
"E001","I40",40,0,0,0,0,0
"E002","I01",1,1,1,0,0,0
"E002","I02",2,0,0,0,0,0
"E002","I03",3,0,0,0,0,0
"E002","I04",4,1,1,0,0,0
"E002","I05",5,0,0,0,0,0
"E002","I06",6,0,0,0,0,0
"E002","I07",7,0,0,0,0,0
"E002","I08",8,1,1,0,0,0
"E002","I09",9,0,0,0,0,0
"E002","I10",10,0,0,0,0,0
"E002","I11",11,0,0,0,0,0
"E002","I12",12,1,1,0,0,0
"E002","I13",13,0,0,0,0,0
"E002","I14",14,0,0,0,0,0
"E002","I15",15,0,0,0,0,0
"E002","I16",16,0,0,0,0,0
"E002","I17",17,0,0,0,0,0
"E002","I18",18,1,1,0,0,0
"E002","I19",19,0,0,0,0,0
"E002","I20",20,0,0,0,0,0
"E002","I21",21,0,0,0,0,0
"E002","I22",22,1,1,0,0,0
"E002","I23",23,0,0,0,0,0
"E002","I24",24,0,0,0,0,0
"E002","I25",25,0,0,0,0,0
"E002","I26",26,1,1,0,0,0
"E002","I27",27,0,1,1,1,0
"E002","I28",28,1,1,0,0,0
"E002","I29",29,0,0,0,0,0
"E002","I30",30,0,0,0,0,0
"E002","I31",31,1,0,1,0,1
"E002","I32",32,0,0,0,0,0
"E002","I33",33,0,0,0,0,0
"E002","I34",34,0,0,0,0,0
"E002","I35",35,0,0,0,0,0
"E002","I36",36,0,0,0,0,0
"E002","I37",37,0,0,0,0,0
"E002","I38",38,0,0,0,0,0
"E002","I39",39,0,0,0,0,0
"E002","I40",40,0,0,0,0,0
"E003","I01",1,1,1,0,0,0
"E003","I02",2,0,0,0,0,0
"E003","I03",3,1,1,0,0,0
"E003","I04",4,1,1,0,0,0
"E003","I05",5,1,1,0,0,0
"E003","I06",6,1,1,0,0,0
"E003","I07",7,1,1,0,0,0
"E003","I08",8,1,1,0,0,0
"E003","I09",9,1,1,0,0,0
"E003","I10",10,0,1,1,1,0
"E003","I11",11,0,0,0,0,0
"E003","I12",12,0,0,0,0,0
"E003","I13",13,0,0,0,0,0
"E003","I14",14,1,1,0,0,0
"E003","I15",15,0,0,0,0,0
"E003","I16",16,1,1,0,0,0
"E003","I17",17,0,0,0,0,0
"E003","I18",18,1,1,0,0,0
"E003","I19",19,0,0,0,0,0
"E003","I20",20,1,1,0,0,0
"E003","I21",21,0,0,0,0,0
"E003","I22",22,1,1,0,0,0
"E003","I23",23,1,1,0,0,0
"E003","I24",24,0,0,0,0,0
"E003","I25",25,1,1,0,0,0
"E003","I26",26,1,1,0,0,0
"E003","I27",27,1,1,0,0,0
"E003","I28",28,0,0,0,0,0
"E003","I29",29,0,0,0,0,0
"E003","I30",30,0,0,0,0,0
"E003","I31",31,0,0,0,0,0
"E003","I32",32,1,1,0,0,0
"E003","I33",33,0,0,0,0,0
"E003","I34",34,0,0,0,0,0
"E003","I35",35,0,0,0,0,0
"E003","I36",36,1,1,0,0,0
"E003","I37",37,1,1,0,0,0
"E003","I38",38,1,1,0,0,0
"E003","I39",39,1,1,0,0,0
"E003","I40",40,0,0,0,0,0
"E004","I01",1,1,1,0,0,0
"E004","I02",2,1,1,0,0,0
"E004","I03",3,0,0,0,0,0
"E004","I04",4,1,1,0,0,0
"E004","I05",5,1,1,0,0,0
"E004","I06",6,1,1,0,0,0
"E004","I07",7,0,0,0,0,0
"E004","I08",8,1,0,1,0,1
"E004","I09",9,1,1,0,0,0
"E004","I10",10,0,0,0,0,0
"E004","I11",11,0,0,0,0,0
"E004","I12",12,0,0,0,0,0
"E004","I13",13,1,1,0,0,0
"E004","I14",14,0,0,0,0,0
"E004","I15",15,0,0,0,0,0
"E004","I16",16,1,1,0,0,0
"E004","I17",17,1,1,0,0,0
"E004","I18",18,0,0,0,0,0
"E004","I19",19,1,1,0,0,0
"E004","I20",20,0,0,0,0,0
"E004","I21",21,0,0,0,0,0
"E004","I22",22,0,0,0,0,0
"E004","I23",23,1,1,0,0,0
"E004","I24",24,0,0,0,0,0
"E004","I25",25,1,1,0,0,0
"E004","I26",26,0,0,0,0,0
"E004","I27",27,1,1,0,0,0
"E004","I28",28,0,0,0,0,0
"E004","I29",29,0,0,0,0,0
"E004","I30",30,0,0,0,0,0
"E004","I31",31,0,0,0,0,0
"E004","I32",32,1,1,0,0,0
"E004","I33",33,0,0,0,0,0
"E004","I34",34,0,0,0,0,0
"E004","I35",35,0,0,0,0,0
"E004","I36",36,1,1,0,0,0
"E004","I37",37,0,0,0,0,0
"E004","I38",38,0,0,0,0,0
"E004","I39",39,1,1,0,0,0
"E004","I40",40,1,0,1,0,1
"E005","I01",1,1,1,0,0,0
"E005","I02",2,1,1,0,0,0
"E005","I03",3,0,0,0,0,0
"E005","I04",4,1,1,0,0,0
"E005","I05",5,0,0,0,0,0
"E005","I06",6,0,0,0,0,0
"E005","I07",7,1,1,0,0,0
"E005","I08",8,0,0,0,0,0
"E005","I09",9,0,0,0,0,0
"E005","I10",10,0,0,0,0,0
"E005","I11",11,0,0,0,0,0
"E005","I12",12,1,1,0,0,0
"E005","I13",13,0,0,0,0,0
"E005","I14",14,0,0,0,0,0
"E005","I15",15,0,0,0,0,0
"E005","I16",16,1,1,0,0,0
"E005","I17",17,1,1,0,0,0
"E005","I18",18,1,1,0,0,0
"E005","I19",19,1,1,0,0,0
"E005","I20",20,1,1,0,0,0
"E005","I21",21,0,0,0,0,0
"E005","I22",22,0,0,0,0,0
"E005","I23",23,0,0,0,0,0
"E005","I24",24,0,0,0,0,0
"E005","I25",25,0,0,0,0,0
"E005","I26",26,1,1,0,0,0
"E005","I27",27,0,0,0,0,0
"E005","I28",28,0,0,0,0,0
"E005","I29",29,0,0,0,0,0
"E005","I30",30,0,0,0,0,0
"E005","I31",31,0,0,0,0,0
"E005","I32",32,1,1,0,0,0
"E005","I33",33,0,0,0,0,0
"E005","I34",34,1,1,0,0,0
"E005","I35",35,0,1,1,1,0
"E005","I36",36,1,1,0,0,0
"E005","I37",37,0,0,0,0,0
"E005","I38",38,0,0,0,0,0
"E005","I39",39,0,0,0,0,0
"E005","I40",40,0,0,0,0,0
"E006","I01",1,0,0,0,0,0
"E006","I02",2,0,0,0,0,0
"E006","I03",3,0,0,0,0,0
"E006","I04",4,1,0,1,0,1
"E006","I05",5,0,0,0,0,0
"E006","I06",6,0,0,0,0,0
"E006","I07",7,0,0,0,0,0
"E006","I08",8,0,0,0,0,0
"E006","I09",9,0,0,0,0,0
"E006","I10",10,0,0,0,0,0
"E006","I11",11,0,0,0,0,0
"E006","I12",12,0,0,0,0,0
"E006","I13",13,1,1,0,0,0
"E006","I14",14,0,0,0,0,0
"E006","I15",15,0,0,0,0,0
"E006","I16",16,0,0,0,0,0
"E006","I17",17,0,0,0,0,0
"E006","I18",18,1,0,1,0,1
"E006","I19",19,0,0,0,0,0
"E006","I20",20,0,1,1,1,0
"E006","I21",21,0,0,0,0,0
"E006","I22",22,0,0,0,0,0
"E006","I23",23,0,0,0,0,0
"E006","I24",24,0,0,0,0,0
"E006","I25",25,1,1,0,0,0
"E006","I26",26,0,0,0,0,0
"E006","I27",27,0,0,0,0,0
"E006","I28",28,0,0,0,0,0
"E006","I29",29,0,0,0,0,0
"E006","I30",30,0,0,0,0,0
"E006","I31",31,0,0,0,0,0
"E006","I32",32,0,0,0,0,0
"E006","I33",33,0,0,0,0,0
"E006","I34",34,0,0,0,0,0
"E006","I35",35,0,0,0,0,0
"E006","I36",36,0,0,0,0,0
"E006","I37",37,1,1,0,0,0
"E006","I38",38,0,0,0,0,0
"E006","I39",39,0,0,0,0,0
"E006","I40",40,0,0,0,0,0
"E007","I01",1,0,0,0,0,0
"E007","I02",2,0,0,0,0,0
"E007","I03",3,0,0,0,0,0
"E007","I04",4,1,1,0,0,0
"E007","I05",5,0,0,0,0,0
"E007","I06",6,0,0,0,0,0
"E007","I07",7,1,1,0,0,0
"E007","I08",8,1,1,0,0,0
"E007","I09",9,0,0,0,0,0
"E007","I10",10,1,1,0,0,0
"E007","I11",11,0,0,0,0,0
"E007","I12",12,0,0,0,0,0
"E007","I13",13,1,1,0,0,0
"E007","I14",14,1,1,0,0,0
"E007","I15",15,0,0,0,0,0
"E007","I16",16,0,0,0,0,0
"E007","I17",17,0,0,0,0,0
"E007","I18",18,0,0,0,0,0
"E007","I19",19,1,1,0,0,0
"E007","I20",20,0,0,0,0,0
"E007","I21",21,1,0,1,0,1
"E007","I22",22,1,0,1,0,1
"E007","I23",23,1,1,0,0,0
"E007","I24",24,0,0,0,0,0
"E007","I25",25,0,0,0,0,0
"E007","I26",26,1,1,0,0,0
"E007","I27",27,0,0,0,0,0
"E007","I28",28,0,0,0,0,0
"E007","I29",29,0,0,0,0,0
"E007","I30",30,0,0,0,0,0
"E007","I31",31,0,0,0,0,0
"E007","I32",32,1,1,0,0,0
"E007","I33",33,0,0,0,0,0
"E007","I34",34,0,0,0,0,0
"E007","I35",35,1,1,0,0,0
"E007","I36",36,1,0,1,0,1
"E007","I37",37,1,1,0,0,0
"E007","I38",38,1,1,0,0,0
"E007","I39",39,0,0,0,0,0
"E007","I40",40,0,0,0,0,0
"E008","I01",1,1,1,0,0,0
"E008","I02",2,0,0,0,0,0
"E008","I03",3,1,1,0,0,0
"E008","I04",4,1,1,0,0,0
"E008","I05",5,0,0,0,0,0
"E008","I06",6,0,0,0,0,0
"E008","I07",7,0,0,0,0,0
"E008","I08",8,0,0,0,0,0
"E008","I09",9,0,0,0,0,0
"E008","I10",10,1,1,0,0,0
"E008","I11",11,0,0,0,0,0
"E008","I12",12,1,1,0,0,0
"E008","I13",13,0,0,0,0,0
"E008","I14",14,1,1,0,0,0
"E008","I15",15,1,1,0,0,0
"E008","I16",16,0,0,0,0,0
"E008","I17",17,0,0,0,0,0
"E008","I18",18,0,0,0,0,0
"E008","I19",19,1,1,0,0,0
"E008","I20",20,1,1,0,0,0
"E008","I21",21,0,0,0,0,0
"E008","I22",22,0,0,0,0,0
"E008","I23",23,0,0,0,0,0
"E008","I24",24,1,1,0,0,0
"E008","I25",25,1,1,0,0,0
"E008","I26",26,0,1,1,1,0
"E008","I27",27,0,0,0,0,0
"E008","I28",28,1,0,1,0,1
"E008","I29",29,0,0,0,0,0
"E008","I30",30,0,0,0,0,0
"E008","I31",31,0,0,0,0,0
"E008","I32",32,1,1,0,0,0
"E008","I33",33,0,0,0,0,0
"E008","I34",34,0,0,0,0,0
"E008","I35",35,0,0,0,0,0
"E008","I36",36,0,0,0,0,0
"E008","I37",37,0,0,0,0,0
"E008","I38",38,0,0,0,0,0
"E008","I39",39,1,1,0,0,0
"E008","I40",40,0,0,0,0,0
"E009","I01",1,0,1,1,1,0
"E009","I02",2,1,1,0,0,0
"E009","I03",3,0,1,1,1,0
"E009","I04",4,1,1,0,0,0
"E009","I05",5,1,1,0,0,0
"E009","I06",6,0,0,0,0,0
"E009","I07",7,0,0,0,0,0
"E009","I08",8,1,1,0,0,0
"E009","I09",9,1,1,0,0,0
"E009","I10",10,0,0,0,0,0
"E009","I11",11,0,0,0,0,0
"E009","I12",12,1,1,0,0,0
"E009","I13",13,1,1,0,0,0
"E009","I14",14,0,0,0,0,0
"E009","I15",15,0,0,0,0,0
"E009","I16",16,1,1,0,0,0
"E009","I17",17,0,0,0,0,0
"E009","I18",18,0,0,0,0,0
"E009","I19",19,1,1,0,0,0
"E009","I20",20,0,0,0,0,0
"E009","I21",21,1,1,0,0,0
"E009","I22",22,1,1,0,0,0
"E009","I23",23,1,1,0,0,0
"E009","I24",24,0,0,0,0,0
"E009","I25",25,1,1,0,0,0
"E009","I26",26,1,1,0,0,0
"E009","I27",27,0,0,0,0,0
"E009","I28",28,1,1,0,0,0
"E009","I29",29,0,0,0,0,0
"E009","I30",30,0,0,0,0,0
"E009","I31",31,0,0,0,0,0
"E009","I32",32,1,1,0,0,0
"E009","I33",33,0,0,0,0,0
"E009","I34",34,0,0,0,0,0
"E009","I35",35,0,0,0,0,0
"E009","I36",36,1,1,0,0,0
"E009","I37",37,1,1,0,0,0
"E009","I38",38,0,0,0,0,0
"E009","I39",39,0,0,0,0,0
"E009","I40",40,0,0,0,0,0
"E010","I01",1,1,1,0,0,0
"E010","I02",2,0,0,0,0,0
"E010","I03",3,0,1,1,1,0
"E010","I04",4,1,1,0,0,0
"E010","I05",5,1,1,0,0,0
"E010","I06",6,0,1,1,1,0
"E010","I07",7,1,1,0,0,0
"E010","I08",8,0,0,0,0,0
"E010","I09",9,0,0,0,0,0
"E010","I10",10,0,0,0,0,0
"E010","I11",11,0,0,0,0,0
"E010","I12",12,0,0,0,0,0
"E010","I13",13,1,1,0,0,0
"E010","I14",14,0,0,0,0,0
"E010","I15",15,1,1,0,0,0
"E010","I16",16,1,1,0,0,0
"E010","I17",17,1,1,0,0,0
"E010","I18",18,0,0,0,0,0
"E010","I19",19,0,0,0,0,0
"E010","I20",20,1,1,0,0,0
"E010","I21",21,0,0,0,0,0
"E010","I22",22,0,0,0,0,0
"E010","I23",23,1,1,0,0,0
"E010","I24",24,0,0,0,0,0
"E010","I25",25,0,0,0,0,0
"E010","I26",26,0,0,0,0,0
"E010","I27",27,0,0,0,0,0
"E010","I28",28,1,1,0,0,0
"E010","I29",29,1,1,0,0,0
"E010","I30",30,0,0,0,0,0
"E010","I31",31,1,1,0,0,0
"E010","I32",32,1,1,0,0,0
"E010","I33",33,0,0,0,0,0
"E010","I34",34,0,0,0,0,0
"E010","I35",35,1,1,0,0,0
"E010","I36",36,1,1,0,0,0
"E010","I37",37,0,0,0,0,0
"E010","I38",38,0,0,0,0,0
"E010","I39",39,0,0,0,0,0
"E010","I40",40,1,0,1,0,1
"E011","I01",1,1,1,0,0,0
"E011","I02",2,0,0,0,0,0
"E011","I03",3,0,0,0,0,0
"E011","I04",4,1,1,0,0,0
"E011","I05",5,0,0,0,0,0
"E011","I06",6,1,1,0,0,0
"E011","I07",7,0,0,0,0,0
"E011","I08",8,0,0,0,0,0
"E011","I09",9,0,0,0,0,0
"E011","I10",10,1,1,0,0,0
"E011","I11",11,0,0,0,0,0
"E011","I12",12,0,0,0,0,0
"E011","I13",13,1,1,0,0,0
"E011","I14",14,0,0,0,0,0
"E011","I15",15,0,0,0,0,0
"E011","I16",16,0,0,0,0,0
"E011","I17",17,1,1,0,0,0
"E011","I18",18,0,0,0,0,0
"E011","I19",19,1,1,0,0,0
"E011","I20",20,0,0,0,0,0
"E011","I21",21,0,0,0,0,0
"E011","I22",22,1,1,0,0,0
"E011","I23",23,1,1,0,0,0
"E011","I24",24,0,0,0,0,0
"E011","I25",25,1,0,1,0,1
"E011","I26",26,0,0,0,0,0
"E011","I27",27,0,0,0,0,0
"E011","I28",28,0,0,0,0,0
"E011","I29",29,1,1,0,0,0
"E011","I30",30,0,0,0,0,0
"E011","I31",31,1,1,0,0,0
"E011","I32",32,1,1,0,0,0
"E011","I33",33,0,0,0,0,0
"E011","I34",34,1,1,0,0,0
"E011","I35",35,0,0,0,0,0
"E011","I36",36,1,1,0,0,0
"E011","I37",37,1,1,0,0,0
"E011","I38",38,1,1,0,0,0
"E011","I39",39,1,1,0,0,0
"E011","I40",40,0,0,0,0,0
"E012","I01",1,1,1,0,0,0
"E012","I02",2,0,0,0,0,0
"E012","I03",3,0,0,0,0,0
"E012","I04",4,1,1,0,0,0
"E012","I05",5,0,0,0,0,0
"E012","I06",6,1,1,0,0,0
"E012","I07",7,0,0,0,0,0
"E012","I08",8,1,1,0,0,0
"E012","I09",9,1,1,0,0,0
"E012","I10",10,0,0,0,0,0
"E012","I11",11,1,1,0,0,0
"E012","I12",12,1,1,0,0,0
"E012","I13",13,1,1,0,0,0
"E012","I14",14,1,1,0,0,0
"E012","I15",15,0,0,0,0,0
"E012","I16",16,1,1,0,0,0
"E012","I17",17,0,0,0,0,0
"E012","I18",18,0,0,0,0,0
"E012","I19",19,1,1,0,0,0
"E012","I20",20,1,0,1,0,1
"E012","I21",21,1,1,0,0,0
"E012","I22",22,0,0,0,0,0
"E012","I23",23,1,1,0,0,0
"E012","I24",24,0,0,0,0,0
"E012","I25",25,0,0,0,0,0
"E012","I26",26,0,0,0,0,0
"E012","I27",27,0,0,0,0,0
"E012","I28",28,1,1,0,0,0
"E012","I29",29,0,0,0,0,0
"E012","I30",30,0,0,0,0,0
"E012","I31",31,1,1,0,0,0
"E012","I32",32,0,0,0,0,0
"E012","I33",33,1,0,1,0,1
"E012","I34",34,0,0,0,0,0
"E012","I35",35,0,0,0,0,0
"E012","I36",36,1,1,0,0,0
"E012","I37",37,1,1,0,0,0
"E012","I38",38,1,0,1,0,1
"E012","I39",39,0,0,0,0,0
"E012","I40",40,0,0,0,0,0
"E013","I01",1,1,1,0,0,0
"E013","I02",2,1,1,0,0,0
"E013","I03",3,0,0,0,0,0
"E013","I04",4,0,0,0,0,0
"E013","I05",5,1,1,0,0,0
"E013","I06",6,0,0,0,0,0
"E013","I07",7,0,0,0,0,0
"E013","I08",8,0,0,0,0,0
"E013","I09",9,0,0,0,0,0
"E013","I10",10,0,0,0,0,0
"E013","I11",11,0,0,0,0,0
"E013","I12",12,0,0,0,0,0
"E013","I13",13,1,1,0,0,0
"E013","I14",14,0,0,0,0,0
"E013","I15",15,0,0,0,0,0
"E013","I16",16,1,1,0,0,0
"E013","I17",17,0,0,0,0,0
"E013","I18",18,0,0,0,0,0
"E013","I19",19,1,1,0,0,0
"E013","I20",20,1,0,1,0,1
"E013","I21",21,0,0,0,0,0
"E013","I22",22,1,1,0,0,0
"E013","I23",23,1,1,0,0,0
"E013","I24",24,0,0,0,0,0
"E013","I25",25,1,1,0,0,0
"E013","I26",26,1,1,0,0,0
"E013","I27",27,0,1,1,1,0
"E013","I28",28,0,0,0,0,0
"E013","I29",29,1,1,0,0,0
"E013","I30",30,0,0,0,0,0
"E013","I31",31,0,0,0,0,0
"E013","I32",32,1,1,0,0,0
"E013","I33",33,0,0,0,0,0
"E013","I34",34,1,0,1,0,1
"E013","I35",35,1,1,0,0,0
"E013","I36",36,1,1,0,0,0
"E013","I37",37,0,0,0,0,0
"E013","I38",38,1,1,0,0,0
"E013","I39",39,0,0,0,0,0
"E013","I40",40,0,0,0,0,0
"E014","I01",1,1,1,0,0,0
"E014","I02",2,1,1,0,0,0
"E014","I03",3,0,0,0,0,0
"E014","I04",4,0,0,0,0,0
"E014","I05",5,1,1,0,0,0
"E014","I06",6,1,1,0,0,0
"E014","I07",7,0,0,0,0,0
"E014","I08",8,1,1,0,0,0
"E014","I09",9,0,0,0,0,0
"E014","I10",10,0,0,0,0,0
"E014","I11",11,1,1,0,0,0
"E014","I12",12,1,1,0,0,0
"E014","I13",13,0,0,0,0,0
"E014","I14",14,1,1,0,0,0
"E014","I15",15,0,0,0,0,0
"E014","I16",16,1,1,0,0,0
"E014","I17",17,0,0,0,0,0
"E014","I18",18,0,0,0,0,0
"E014","I19",19,1,1,0,0,0
"E014","I20",20,0,0,0,0,0
"E014","I21",21,1,0,1,0,1
"E014","I22",22,1,1,0,0,0
"E014","I23",23,1,1,0,0,0
"E014","I24",24,0,0,0,0,0
"E014","I25",25,1,1,0,0,0
"E014","I26",26,1,1,0,0,0
"E014","I27",27,1,1,0,0,0
"E014","I28",28,1,1,0,0,0
"E014","I29",29,1,1,0,0,0
"E014","I30",30,0,0,0,0,0
"E014","I31",31,0,0,0,0,0
"E014","I32",32,1,1,0,0,0
"E014","I33",33,0,0,0,0,0
"E014","I34",34,0,0,0,0,0
"E014","I35",35,0,0,0,0,0
"E014","I36",36,1,1,0,0,0
"E014","I37",37,0,0,0,0,0
"E014","I38",38,0,0,0,0,0
"E014","I39",39,0,0,0,0,0
"E014","I40",40,0,0,0,0,0
"E015","I01",1,1,1,0,0,0
"E015","I02",2,0,0,0,0,0
"E015","I03",3,0,0,0,0,0
"E015","I04",4,1,0,1,0,1
"E015","I05",5,0,0,0,0,0
"E015","I06",6,1,1,0,0,0
"E015","I07",7,1,1,0,0,0
"E015","I08",8,0,0,0,0,0
"E015","I09",9,1,0,1,0,1
"E015","I10",10,0,0,0,0,0
"E015","I11",11,0,0,0,0,0
"E015","I12",12,0,0,0,0,0
"E015","I13",13,0,0,0,0,0
"E015","I14",14,0,0,0,0,0
"E015","I15",15,0,0,0,0,0
"E015","I16",16,0,0,0,0,0
"E015","I17",17,0,0,0,0,0
"E015","I18",18,0,0,0,0,0
"E015","I19",19,0,0,0,0,0
"E015","I20",20,0,0,0,0,0
"E015","I21",21,0,0,0,0,0
"E015","I22",22,0,0,0,0,0
"E015","I23",23,1,1,0,0,0
"E015","I24",24,0,0,0,0,0
"E015","I25",25,1,1,0,0,0
"E015","I26",26,0,0,0,0,0
"E015","I27",27,0,0,0,0,0
"E015","I28",28,0,0,0,0,0
"E015","I29",29,0,0,0,0,0
"E015","I30",30,0,0,0,0,0
"E015","I31",31,0,0,0,0,0
"E015","I32",32,0,0,0,0,0
"E015","I33",33,0,0,0,0,0
"E015","I34",34,0,0,0,0,0
"E015","I35",35,0,0,0,0,0
"E015","I36",36,0,0,0,0,0
"E015","I37",37,0,0,0,0,0
"E015","I38",38,0,0,0,0,0
"E015","I39",39,0,0,0,0,0
"E015","I40",40,0,0,0,0,0
"E016","I01",1,1,1,0,0,0
"E016","I02",2,1,1,0,0,0
"E016","I03",3,1,1,0,0,0
"E016","I04",4,1,1,0,0,0
"E016","I05",5,1,1,0,0,0
"E016","I06",6,1,1,0,0,0
"E016","I07",7,1,1,0,0,0
"E016","I08",8,1,1,0,0,0
"E016","I09",9,1,1,0,0,0
"E016","I10",10,0,0,0,0,0
"E016","I11",11,0,0,0,0,0
"E016","I12",12,1,1,0,0,0
"E016","I13",13,1,1,0,0,0
"E016","I14",14,1,1,0,0,0
"E016","I15",15,0,0,0,0,0
"E016","I16",16,1,1,0,0,0
"E016","I17",17,0,0,0,0,0
"E016","I18",18,0,0,0,0,0
"E016","I19",19,1,1,0,0,0
"E016","I20",20,1,1,0,0,0
"E016","I21",21,0,0,0,0,0
"E016","I22",22,1,1,0,0,0
"E016","I23",23,1,1,0,0,0
"E016","I24",24,1,1,0,0,0
"E016","I25",25,1,1,0,0,0
"E016","I26",26,1,1,0,0,0
"E016","I27",27,1,1,0,0,0
"E016","I28",28,1,1,0,0,0
"E016","I29",29,1,1,0,0,0
"E016","I30",30,0,0,0,0,0
"E016","I31",31,0,0,0,0,0
"E016","I32",32,0,0,0,0,0
"E016","I33",33,0,0,0,0,0
"E016","I34",34,0,0,0,0,0
"E016","I35",35,0,0,0,0,0
"E016","I36",36,0,1,1,1,0
"E016","I37",37,1,1,0,0,0
"E016","I38",38,1,1,0,0,0
"E016","I39",39,1,1,0,0,0
"E016","I40",40,0,0,0,0,0
"E017","I01",1,1,1,0,0,0
"E017","I02",2,1,0,1,0,1
"E017","I03",3,1,1,0,0,0
"E017","I04",4,1,1,0,0,0
"E017","I05",5,1,1,0,0,0
"E017","I06",6,0,0,0,0,0
"E017","I07",7,1,1,0,0,0
"E017","I08",8,1,1,0,0,0
"E017","I09",9,0,0,0,0,0
"E017","I10",10,0,0,0,0,0
"E017","I11",11,1,1,0,0,0
"E017","I12",12,1,1,0,0,0
"E017","I13",13,1,1,0,0,0
"E017","I14",14,0,0,0,0,0
"E017","I15",15,0,0,0,0,0
"E017","I16",16,1,1,0,0,0
"E017","I17",17,1,1,0,0,0
"E017","I18",18,1,1,0,0,0
"E017","I19",19,0,0,0,0,0
"E017","I20",20,1,1,0,0,0
"E017","I21",21,0,0,0,0,0
"E017","I22",22,0,0,0,0,0
"E017","I23",23,0,0,0,0,0
"E017","I24",24,0,0,0,0,0
"E017","I25",25,1,1,0,0,0
"E017","I26",26,0,0,0,0,0
"E017","I27",27,0,0,0,0,0
"E017","I28",28,1,1,0,0,0
"E017","I29",29,0,0,0,0,0
"E017","I30",30,0,0,0,0,0
"E017","I31",31,0,0,0,0,0
"E017","I32",32,1,1,0,0,0
"E017","I33",33,0,0,0,0,0
"E017","I34",34,0,0,0,0,0
"E017","I35",35,1,1,0,0,0
"E017","I36",36,0,0,0,0,0
"E017","I37",37,1,1,0,0,0
"E017","I38",38,0,0,0,0,0
"E017","I39",39,0,0,0,0,0
"E017","I40",40,0,0,0,0,0
"E018","I01",1,0,0,0,0,0
"E018","I02",2,0,0,0,0,0
"E018","I03",3,1,1,0,0,0
"E018","I04",4,1,1,0,0,0
"E018","I05",5,0,0,0,0,0
"E018","I06",6,0,0,0,0,0
"E018","I07",7,1,1,0,0,0
"E018","I08",8,0,0,0,0,0
"E018","I09",9,1,1,0,0,0
"E018","I10",10,0,0,0,0,0
"E018","I11",11,0,0,0,0,0
"E018","I12",12,1,1,0,0,0
"E018","I13",13,1,1,0,0,0
"E018","I14",14,0,0,0,0,0
"E018","I15",15,0,0,0,0,0
"E018","I16",16,1,1,0,0,0
"E018","I17",17,0,0,0,0,0
"E018","I18",18,0,0,0,0,0
"E018","I19",19,1,1,0,0,0
"E018","I20",20,1,1,0,0,0
"E018","I21",21,0,0,0,0,0
"E018","I22",22,0,0,0,0,0
"E018","I23",23,1,1,0,0,0
"E018","I24",24,1,0,1,0,1
"E018","I25",25,1,1,0,0,0
"E018","I26",26,1,1,0,0,0
"E018","I27",27,0,0,0,0,0
"E018","I28",28,0,0,0,0,0
"E018","I29",29,0,0,0,0,0
"E018","I30",30,1,0,1,0,1
"E018","I31",31,0,0,0,0,0
"E018","I32",32,0,0,0,0,0
"E018","I33",33,1,1,0,0,0
"E018","I34",34,1,1,0,0,0
"E018","I35",35,0,0,0,0,0
"E018","I36",36,0,0,0,0,0
"E018","I37",37,1,1,0,0,0
"E018","I38",38,1,1,0,0,0
"E018","I39",39,0,0,0,0,0
"E018","I40",40,0,0,0,0,0
"E019","I01",1,0,0,0,0,0
"E019","I02",2,0,0,0,0,0
"E019","I03",3,0,0,0,0,0
"E019","I04",4,1,1,0,0,0
"E019","I05",5,0,0,0,0,0
"E019","I06",6,0,0,0,0,0
"E019","I07",7,1,1,0,0,0
"E019","I08",8,0,0,0,0,0
"E019","I09",9,0,0,0,0,0
"E019","I10",10,1,1,0,0,0
"E019","I11",11,0,0,0,0,0
"E019","I12",12,1,1,0,0,0
"E019","I13",13,0,0,0,0,0
"E019","I14",14,1,1,0,0,0
"E019","I15",15,0,0,0,0,0
"E019","I16",16,0,0,0,0,0
"E019","I17",17,0,0,0,0,0
"E019","I18",18,1,0,1,0,1
"E019","I19",19,1,1,0,0,0
"E019","I20",20,1,1,0,0,0
"E019","I21",21,0,0,0,0,0
"E019","I22",22,1,1,0,0,0
"E019","I23",23,0,0,0,0,0
"E019","I24",24,0,0,0,0,0
"E019","I25",25,1,1,0,0,0
"E019","I26",26,0,0,0,0,0
"E019","I27",27,0,0,0,0,0
"E019","I28",28,1,1,0,0,0
"E019","I29",29,0,0,0,0,0
"E019","I30",30,0,0,0,0,0
"E019","I31",31,0,0,0,0,0
"E019","I32",32,1,1,0,0,0
"E019","I33",33,0,0,0,0,0
"E019","I34",34,0,0,0,0,0
"E019","I35",35,1,1,0,0,0
"E019","I36",36,1,1,0,0,0
"E019","I37",37,1,1,0,0,0
"E019","I38",38,0,0,0,0,0
"E019","I39",39,0,0,0,0,0
"E019","I40",40,0,0,0,0,0
"E020","I01",1,1,1,0,0,0
"E020","I02",2,0,0,0,0,0
"E020","I03",3,1,1,0,0,0
"E020","I04",4,1,1,0,0,0
"E020","I05",5,1,1,0,0,0
"E020","I06",6,0,1,1,1,0
"E020","I07",7,1,1,0,0,0
"E020","I08",8,0,0,0,0,0
"E020","I09",9,0,0,0,0,0
"E020","I10",10,1,1,0,0,0
"E020","I11",11,0,0,0,0,0
"E020","I12",12,1,1,0,0,0
"E020","I13",13,0,0,0,0,0
"E020","I14",14,1,1,0,0,0
"E020","I15",15,0,0,0,0,0
"E020","I16",16,1,1,0,0,0
"E020","I17",17,1,1,0,0,0
"E020","I18",18,0,0,0,0,0
"E020","I19",19,0,0,0,0,0
"E020","I20",20,1,0,1,0,1
"E020","I21",21,0,0,0,0,0
"E020","I22",22,1,1,0,0,0
"E020","I23",23,1,1,0,0,0
"E020","I24",24,1,1,0,0,0
"E020","I25",25,1,1,0,0,0
"E020","I26",26,0,0,0,0,0
"E020","I27",27,1,1,0,0,0
"E020","I28",28,1,1,0,0,0
"E020","I29",29,1,1,0,0,0
"E020","I30",30,0,0,0,0,0
"E020","I31",31,1,0,1,0,1
"E020","I32",32,0,0,0,0,0
"E020","I33",33,1,1,0,0,0
"E020","I34",34,0,0,0,0,0
"E020","I35",35,1,1,0,0,0
"E020","I36",36,1,1,0,0,0
"E020","I37",37,1,1,0,0,0
"E020","I38",38,1,1,0,0,0
"E020","I39",39,1,1,0,0,0
"E020","I40",40,0,0,0,0,0
"E021","I01",1,1,1,0,0,0
"E021","I02",2,0,0,0,0,0
"E021","I03",3,0,0,0,0,0
"E021","I04",4,1,1,0,0,0
"E021","I05",5,0,0,0,0,0
"E021","I06",6,1,1,0,0,0
"E021","I07",7,0,0,0,0,0
"E021","I08",8,0,0,0,0,0
"E021","I09",9,0,0,0,0,0
"E021","I10",10,1,1,0,0,0
"E021","I11",11,0,0,0,0,0
"E021","I12",12,0,0,0,0,0
"E021","I13",13,1,1,0,0,0
"E021","I14",14,1,1,0,0,0
"E021","I15",15,0,0,0,0,0
"E021","I16",16,0,0,0,0,0
"E021","I17",17,0,0,0,0,0
"E021","I18",18,0,0,0,0,0
"E021","I19",19,1,1,0,0,0
"E021","I20",20,1,1,0,0,0
"E021","I21",21,0,0,0,0,0
"E021","I22",22,1,1,0,0,0
"E021","I23",23,1,1,0,0,0
"E021","I24",24,0,0,0,0,0
"E021","I25",25,0,0,0,0,0
"E021","I26",26,1,1,0,0,0
"E021","I27",27,0,0,0,0,0
"E021","I28",28,1,1,0,0,0
"E021","I29",29,0,0,0,0,0
"E021","I30",30,0,0,0,0,0
"E021","I31",31,0,0,0,0,0
"E021","I32",32,1,1,0,0,0
"E021","I33",33,0,0,0,0,0
"E021","I34",34,0,0,0,0,0
"E021","I35",35,0,0,0,0,0
"E021","I36",36,0,0,0,0,0
"E021","I37",37,1,1,0,0,0
"E021","I38",38,0,0,0,0,0
"E021","I39",39,0,0,0,0,0
"E021","I40",40,0,0,0,0,0
"E022","I01",1,1,1,0,0,0
"E022","I02",2,0,0,0,0,0
"E022","I03",3,0,0,0,0,0
"E022","I04",4,1,1,0,0,0
"E022","I05",5,0,0,0,0,0
"E022","I06",6,1,1,0,0,0
"E022","I07",7,0,0,0,0,0
"E022","I08",8,0,0,0,0,0
"E022","I09",9,1,1,0,0,0
"E022","I10",10,0,0,0,0,0
"E022","I11",11,1,1,0,0,0
"E022","I12",12,1,1,0,0,0
"E022","I13",13,0,0,0,0,0
"E022","I14",14,0,0,0,0,0
"E022","I15",15,0,0,0,0,0
"E022","I16",16,1,1,0,0,0
"E022","I17",17,0,0,0,0,0
"E022","I18",18,0,0,0,0,0
"E022","I19",19,1,1,0,0,0
"E022","I20",20,1,1,0,0,0
"E022","I21",21,1,1,0,0,0
"E022","I22",22,1,1,0,0,0
"E022","I23",23,1,0,1,0,1
"E022","I24",24,1,1,0,0,0
"E022","I25",25,1,0,1,0,1
"E022","I26",26,0,0,0,0,0
"E022","I27",27,1,1,0,0,0
"E022","I28",28,1,1,0,0,0
"E022","I29",29,0,0,0,0,0
"E022","I30",30,0,0,0,0,0
"E022","I31",31,1,0,1,0,1
"E022","I32",32,0,0,0,0,0
"E022","I33",33,0,0,0,0,0
"E022","I34",34,0,0,0,0,0
"E022","I35",35,0,0,0,0,0
"E022","I36",36,1,1,0,0,0
"E022","I37",37,0,0,0,0,0
"E022","I38",38,1,1,0,0,0
"E022","I39",39,0,0,0,0,0
"E022","I40",40,0,0,0,0,0
"E023","I01",1,1,1,0,0,0
"E023","I02",2,0,0,0,0,0
"E023","I03",3,0,0,0,0,0
"E023","I04",4,0,0,0,0,0
"E023","I05",5,0,0,0,0,0
"E023","I06",6,1,1,0,0,0
"E023","I07",7,0,0,0,0,0
"E023","I08",8,0,0,0,0,0
"E023","I09",9,0,0,0,0,0
"E023","I10",10,0,0,0,0,0
"E023","I11",11,0,0,0,0,0
"E023","I12",12,0,0,0,0,0
"E023","I13",13,1,1,0,0,0
"E023","I14",14,1,1,0,0,0
"E023","I15",15,1,0,1,0,1
"E023","I16",16,1,1,0,0,0
"E023","I17",17,1,1,0,0,0
"E023","I18",18,0,0,0,0,0
"E023","I19",19,0,0,0,0,0
"E023","I20",20,1,1,0,0,0
"E023","I21",21,0,0,0,0,0
"E023","I22",22,0,0,0,0,0
"E023","I23",23,1,0,1,0,1
"E023","I24",24,0,0,0,0,0
"E023","I25",25,0,0,0,0,0
"E023","I26",26,0,0,0,0,0
"E023","I27",27,0,0,0,0,0
"E023","I28",28,0,0,0,0,0
"E023","I29",29,0,0,0,0,0
"E023","I30",30,0,0,0,0,0
"E023","I31",31,0,0,0,0,0
"E023","I32",32,1,1,0,0,0
"E023","I33",33,0,0,0,0,0
"E023","I34",34,0,0,0,0,0
"E023","I35",35,0,0,0,0,0
"E023","I36",36,1,1,0,0,0
"E023","I37",37,0,0,0,0,0
"E023","I38",38,0,0,0,0,0
"E023","I39",39,0,0,0,0,0
"E023","I40",40,0,1,1,1,0
"E024","I01",1,1,1,0,0,0
"E024","I02",2,1,1,0,0,0
"E024","I03",3,0,1,1,1,0
"E024","I04",4,1,1,0,0,0
"E024","I05",5,1,1,0,0,0
"E024","I06",6,1,1,0,0,0
"E024","I07",7,1,1,0,0,0
"E024","I08",8,1,1,0,0,0
"E024","I09",9,1,1,0,0,0
"E024","I10",10,1,1,0,0,0
"E024","I11",11,1,1,0,0,0
"E024","I12",12,1,1,0,0,0
"E024","I13",13,1,1,0,0,0
"E024","I14",14,0,0,0,0,0
"E024","I15",15,0,0,0,0,0
"E024","I16",16,1,1,0,0,0
"E024","I17",17,0,1,1,1,0
"E024","I18",18,1,1,0,0,0
"E024","I19",19,0,1,1,1,0
"E024","I20",20,1,1,0,0,0
"E024","I21",21,0,0,0,0,0
"E024","I22",22,0,0,0,0,0
"E024","I23",23,1,1,0,0,0
"E024","I24",24,0,1,1,1,0
"E024","I25",25,0,1,1,1,0
"E024","I26",26,0,1,1,1,0
"E024","I27",27,0,1,1,1,0
"E024","I28",28,1,1,0,0,0
"E024","I29",29,1,1,0,0,0
"E024","I30",30,1,1,0,0,0
"E024","I31",31,0,1,1,1,0
"E024","I32",32,1,1,0,0,0
"E024","I33",33,1,1,0,0,0
"E024","I34",34,0,1,1,1,0
"E024","I35",35,1,1,0,0,0
"E024","I36",36,1,1,0,0,0
"E024","I37",37,1,1,0,0,0
"E024","I38",38,1,1,0,0,0
"E024","I39",39,0,0,0,0,0
"E024","I40",40,0,1,1,1,0
"E025","I01",1,1,1,0,0,0
"E025","I02",2,1,1,0,0,0
"E025","I03",3,0,0,0,0,0
"E025","I04",4,1,1,0,0,0
"E025","I05",5,0,0,0,0,0
"E025","I06",6,0,0,0,0,0
"E025","I07",7,0,1,1,1,0
"E025","I08",8,1,1,0,0,0
"E025","I09",9,0,0,0,0,0
"E025","I10",10,1,1,0,0,0
"E025","I11",11,0,0,0,0,0
"E025","I12",12,0,0,0,0,0
"E025","I13",13,0,0,0,0,0
"E025","I14",14,1,1,0,0,0
"E025","I15",15,1,1,0,0,0
"E025","I16",16,0,0,0,0,0
"E025","I17",17,0,0,0,0,0
"E025","I18",18,0,0,0,0,0
"E025","I19",19,1,1,0,0,0
"E025","I20",20,0,0,0,0,0
"E025","I21",21,1,1,0,0,0
"E025","I22",22,0,0,0,0,0
"E025","I23",23,0,0,0,0,0
"E025","I24",24,0,0,0,0,0
"E025","I25",25,1,1,0,0,0
"E025","I26",26,0,0,0,0,0
"E025","I27",27,0,0,0,0,0
"E025","I28",28,1,1,0,0,0
"E025","I29",29,1,1,0,0,0
"E025","I30",30,0,0,0,0,0
"E025","I31",31,1,1,0,0,0
"E025","I32",32,0,1,1,1,0
"E025","I33",33,0,0,0,0,0
"E025","I34",34,0,0,0,0,0
"E025","I35",35,0,0,0,0,0
"E025","I36",36,1,1,0,0,0
"E025","I37",37,0,0,0,0,0
"E025","I38",38,0,0,0,0,0
"E025","I39",39,1,1,0,0,0
"E025","I40",40,1,0,1,0,1
"E026","I01",1,1,1,0,0,0
"E026","I02",2,0,0,0,0,0
"E026","I03",3,0,0,0,0,0
"E026","I04",4,1,1,0,0,0
"E026","I05",5,1,1,0,0,0
"E026","I06",6,1,1,0,0,0
"E026","I07",7,1,1,0,0,0
"E026","I08",8,1,1,0,0,0
"E026","I09",9,1,1,0,0,0
"E026","I10",10,1,1,0,0,0
"E026","I11",11,0,0,0,0,0
"E026","I12",12,1,1,0,0,0
"E026","I13",13,1,1,0,0,0
"E026","I14",14,1,1,0,0,0
"E026","I15",15,0,0,0,0,0
"E026","I16",16,0,1,1,1,0
"E026","I17",17,0,0,0,0,0
"E026","I18",18,1,1,0,0,0
"E026","I19",19,1,1,0,0,0
"E026","I20",20,0,0,0,0,0
"E026","I21",21,1,1,0,0,0
"E026","I22",22,0,0,0,0,0
"E026","I23",23,1,1,0,0,0
"E026","I24",24,1,1,0,0,0
"E026","I25",25,1,1,0,0,0
"E026","I26",26,1,1,0,0,0
"E026","I27",27,1,0,1,0,1
"E026","I28",28,1,1,0,0,0
"E026","I29",29,1,1,0,0,0
"E026","I30",30,0,0,0,0,0
"E026","I31",31,1,1,0,0,0
"E026","I32",32,1,1,0,0,0
"E026","I33",33,0,0,0,0,0
"E026","I34",34,1,1,0,0,0
"E026","I35",35,1,1,0,0,0
"E026","I36",36,0,0,0,0,0
"E026","I37",37,1,1,0,0,0
"E026","I38",38,1,1,0,0,0
"E026","I39",39,0,1,1,1,0
"E026","I40",40,1,1,0,0,0
"E027","I01",1,0,0,0,0,0
"E027","I02",2,1,1,0,0,0
"E027","I03",3,0,0,0,0,0
"E027","I04",4,0,0,0,0,0
"E027","I05",5,0,0,0,0,0
"E027","I06",6,1,1,0,0,0
"E027","I07",7,0,1,1,1,0
"E027","I08",8,1,1,0,0,0
"E027","I09",9,1,1,0,0,0
"E027","I10",10,1,1,0,0,0
"E027","I11",11,0,0,0,0,0
"E027","I12",12,0,0,0,0,0
"E027","I13",13,1,1,0,0,0
"E027","I14",14,0,0,0,0,0
"E027","I15",15,1,1,0,0,0
"E027","I16",16,1,1,0,0,0
"E027","I17",17,1,1,0,0,0
"E027","I18",18,1,1,0,0,0
"E027","I19",19,1,1,0,0,0
"E027","I20",20,1,1,0,0,0
"E027","I21",21,0,0,0,0,0
"E027","I22",22,1,1,0,0,0
"E027","I23",23,1,1,0,0,0
"E027","I24",24,0,0,0,0,0
"E027","I25",25,0,0,0,0,0
"E027","I26",26,1,1,0,0,0
"E027","I27",27,1,1,0,0,0
"E027","I28",28,1,1,0,0,0
"E027","I29",29,0,0,0,0,0
"E027","I30",30,1,1,0,0,0
"E027","I31",31,1,0,1,0,1
"E027","I32",32,1,1,0,0,0
"E027","I33",33,1,1,0,0,0
"E027","I34",34,0,0,0,0,0
"E027","I35",35,1,1,0,0,0
"E027","I36",36,0,1,1,1,0
"E027","I37",37,1,1,0,0,0
"E027","I38",38,1,1,0,0,0
"E027","I39",39,1,1,0,0,0
"E027","I40",40,0,0,0,0,0
"E028","I01",1,1,1,0,0,0
"E028","I02",2,1,1,0,0,0
"E028","I03",3,0,0,0,0,0
"E028","I04",4,1,1,0,0,0
"E028","I05",5,1,1,0,0,0
"E028","I06",6,1,1,0,0,0
"E028","I07",7,1,1,0,0,0
"E028","I08",8,0,0,0,0,0
"E028","I09",9,1,1,0,0,0
"E028","I10",10,1,1,0,0,0
"E028","I11",11,0,0,0,0,0
"E028","I12",12,1,1,0,0,0
"E028","I13",13,1,1,0,0,0
"E028","I14",14,1,1,0,0,0
"E028","I15",15,1,1,0,0,0
"E028","I16",16,0,0,0,0,0
"E028","I17",17,1,1,0,0,0
"E028","I18",18,1,1,0,0,0
"E028","I19",19,0,0,0,0,0
"E028","I20",20,1,1,0,0,0
"E028","I21",21,0,0,0,0,0
"E028","I22",22,0,0,0,0,0
"E028","I23",23,0,0,0,0,0
"E028","I24",24,0,0,0,0,0
"E028","I25",25,1,1,0,0,0
"E028","I26",26,1,1,0,0,0
"E028","I27",27,1,1,0,0,0
"E028","I28",28,0,0,0,0,0
"E028","I29",29,0,0,0,0,0
"E028","I30",30,0,0,0,0,0
"E028","I31",31,1,1,0,0,0
"E028","I32",32,1,1,0,0,0
"E028","I33",33,0,0,0,0,0
"E028","I34",34,0,0,0,0,0
"E028","I35",35,0,0,0,0,0
"E028","I36",36,1,1,0,0,0
"E028","I37",37,1,1,0,0,0
"E028","I38",38,1,1,0,0,0
"E028","I39",39,1,1,0,0,0
"E028","I40",40,1,1,0,0,0
"E029","I01",1,0,0,0,0,0
"E029","I02",2,1,1,0,0,0
"E029","I03",3,1,1,0,0,0
"E029","I04",4,1,1,0,0,0
"E029","I05",5,0,0,0,0,0
"E029","I06",6,0,0,0,0,0
"E029","I07",7,0,0,0,0,0
"E029","I08",8,0,1,1,1,0
"E029","I09",9,1,1,0,0,0
"E029","I10",10,1,1,0,0,0
"E029","I11",11,0,0,0,0,0
"E029","I12",12,1,1,0,0,0
"E029","I13",13,0,0,0,0,0
"E029","I14",14,0,0,0,0,0
"E029","I15",15,0,0,0,0,0
"E029","I16",16,1,1,0,0,0
"E029","I17",17,1,1,0,0,0
"E029","I18",18,0,0,0,0,0
"E029","I19",19,1,1,0,0,0
"E029","I20",20,0,0,0,0,0
"E029","I21",21,1,1,0,0,0
"E029","I22",22,1,1,0,0,0
"E029","I23",23,0,0,0,0,0
"E029","I24",24,1,1,0,0,0
"E029","I25",25,1,1,0,0,0
"E029","I26",26,1,1,0,0,0
"E029","I27",27,1,1,0,0,0
"E029","I28",28,1,1,0,0,0
"E029","I29",29,0,0,0,0,0
"E029","I30",30,1,1,0,0,0
"E029","I31",31,1,1,0,0,0
"E029","I32",32,0,0,0,0,0
"E029","I33",33,0,0,0,0,0
"E029","I34",34,0,0,0,0,0
"E029","I35",35,1,1,0,0,0
"E029","I36",36,0,0,0,0,0
"E029","I37",37,1,1,0,0,0
"E029","I38",38,1,1,0,0,0
"E029","I39",39,1,1,0,0,0
"E029","I40",40,1,1,0,0,0
"E030","I01",1,1,1,0,0,0
"E030","I02",2,1,1,0,0,0
"E030","I03",3,1,1,0,0,0
"E030","I04",4,1,1,0,0,0
"E030","I05",5,1,1,0,0,0
"E030","I06",6,1,1,0,0,0
"E030","I07",7,1,1,0,0,0
"E030","I08",8,1,1,0,0,0
"E030","I09",9,1,1,0,0,0
"E030","I10",10,1,1,0,0,0
"E030","I11",11,0,0,0,0,0
"E030","I12",12,1,1,0,0,0
"E030","I13",13,0,1,1,1,0
"E030","I14",14,1,1,0,0,0
"E030","I15",15,1,1,0,0,0
"E030","I16",16,1,1,0,0,0
"E030","I17",17,1,1,0,0,0
"E030","I18",18,1,1,0,0,0
"E030","I19",19,1,1,0,0,0
"E030","I20",20,1,1,0,0,0
"E030","I21",21,1,1,0,0,0
"E030","I22",22,1,1,0,0,0
"E030","I23",23,0,0,0,0,0
"E030","I24",24,1,1,0,0,0
"E030","I25",25,0,0,0,0,0
"E030","I26",26,1,1,0,0,0
"E030","I27",27,1,1,0,0,0
"E030","I28",28,1,1,0,0,0
"E030","I29",29,0,0,0,0,0
"E030","I30",30,1,1,0,0,0
"E030","I31",31,0,0,0,0,0
"E030","I32",32,1,1,0,0,0
"E030","I33",33,0,0,0,0,0
"E030","I34",34,1,1,0,0,0
"E030","I35",35,0,0,0,0,0
"E030","I36",36,1,1,0,0,0
"E030","I37",37,1,1,0,0,0
"E030","I38",38,1,1,0,0,0
"E030","I39",39,1,1,0,0,0
"E030","I40",40,1,1,0,0,0
"E031","I01",1,1,1,0,0,0
"E031","I02",2,0,0,0,0,0
"E031","I03",3,0,0,0,0,0
"E031","I04",4,1,1,0,0,0
"E031","I05",5,0,0,0,0,0
"E031","I06",6,0,0,0,0,0
"E031","I07",7,1,1,0,0,0
"E031","I08",8,0,0,0,0,0
"E031","I09",9,0,0,0,0,0
"E031","I10",10,0,0,0,0,0
"E031","I11",11,0,0,0,0,0
"E031","I12",12,0,0,0,0,0
"E031","I13",13,0,0,0,0,0
"E031","I14",14,0,0,0,0,0
"E031","I15",15,0,0,0,0,0
"E031","I16",16,0,0,0,0,0
"E031","I17",17,1,1,0,0,0
"E031","I18",18,1,1,0,0,0
"E031","I19",19,1,1,0,0,0
"E031","I20",20,0,0,0,0,0
"E031","I21",21,0,0,0,0,0
"E031","I22",22,0,0,0,0,0
"E031","I23",23,0,0,0,0,0
"E031","I24",24,1,1,0,0,0
"E031","I25",25,1,1,0,0,0
"E031","I26",26,0,0,0,0,0
"E031","I27",27,0,0,0,0,0
"E031","I28",28,0,0,0,0,0
"E031","I29",29,0,0,0,0,0
"E031","I30",30,0,0,0,0,0
"E031","I31",31,1,1,0,0,0
"E031","I32",32,1,1,0,0,0
"E031","I33",33,1,1,0,0,0
"E031","I34",34,0,0,0,0,0
"E031","I35",35,0,0,0,0,0
"E031","I36",36,0,0,0,0,0
"E031","I37",37,1,1,0,0,0
"E031","I38",38,0,0,0,0,0
"E031","I39",39,1,0,1,0,1
"E031","I40",40,0,0,0,0,0
"E032","I01",1,1,1,0,0,0
"E032","I02",2,0,0,0,0,0
"E032","I03",3,1,1,0,0,0
"E032","I04",4,0,1,1,1,0
"E032","I05",5,0,0,0,0,0
"E032","I06",6,1,1,0,0,0
"E032","I07",7,1,1,0,0,0
"E032","I08",8,0,0,0,0,0
"E032","I09",9,0,0,0,0,0
"E032","I10",10,1,1,0,0,0
"E032","I11",11,1,1,0,0,0
"E032","I12",12,0,0,0,0,0
"E032","I13",13,0,1,1,1,0
"E032","I14",14,1,1,0,0,0
"E032","I15",15,0,1,1,1,0
"E032","I16",16,1,1,0,0,0
"E032","I17",17,1,1,0,0,0
"E032","I18",18,1,1,0,0,0
"E032","I19",19,0,0,0,0,0
"E032","I20",20,0,0,0,0,0
"E032","I21",21,0,0,0,0,0
"E032","I22",22,1,1,0,0,0
"E032","I23",23,0,0,0,0,0
"E032","I24",24,1,1,0,0,0
"E032","I25",25,1,1,0,0,0
"E032","I26",26,0,0,0,0,0
"E032","I27",27,0,0,0,0,0
"E032","I28",28,1,1,0,0,0
"E032","I29",29,0,0,0,0,0
"E032","I30",30,0,0,0,0,0
"E032","I31",31,0,0,0,0,0
"E032","I32",32,1,1,0,0,0
"E032","I33",33,0,0,0,0,0
"E032","I34",34,0,0,0,0,0
"E032","I35",35,1,1,0,0,0
"E032","I36",36,1,1,0,0,0
"E032","I37",37,1,1,0,0,0
"E032","I38",38,1,1,0,0,0
"E032","I39",39,1,1,0,0,0
"E032","I40",40,0,0,0,0,0
"E033","I01",1,1,1,0,0,0
"E033","I02",2,0,0,0,0,0
"E033","I03",3,0,0,0,0,0
"E033","I04",4,0,0,0,0,0
"E033","I05",5,1,1,0,0,0
"E033","I06",6,0,0,0,0,0
"E033","I07",7,0,0,0,0,0
"E033","I08",8,1,1,0,0,0
"E033","I09",9,1,1,0,0,0
"E033","I10",10,0,0,0,0,0
"E033","I11",11,1,1,0,0,0
"E033","I12",12,1,1,0,0,0
"E033","I13",13,0,0,0,0,0
"E033","I14",14,1,0,1,0,1
"E033","I15",15,0,0,0,0,0
"E033","I16",16,1,1,0,0,0
"E033","I17",17,0,0,0,0,0
"E033","I18",18,0,0,0,0,0
"E033","I19",19,1,1,0,0,0
"E033","I20",20,0,0,0,0,0
"E033","I21",21,0,0,0,0,0
"E033","I22",22,0,0,0,0,0
"E033","I23",23,1,1,0,0,0
"E033","I24",24,0,0,0,0,0
"E033","I25",25,0,0,0,0,0
"E033","I26",26,1,1,0,0,0
"E033","I27",27,0,0,0,0,0
"E033","I28",28,1,1,0,0,0
"E033","I29",29,0,0,0,0,0
"E033","I30",30,1,1,0,0,0
"E033","I31",31,0,0,0,0,0
"E033","I32",32,0,0,0,0,0
"E033","I33",33,0,0,0,0,0
"E033","I34",34,0,0,0,0,0
"E033","I35",35,1,1,0,0,0
"E033","I36",36,1,1,0,0,0
"E033","I37",37,0,0,0,0,0
"E033","I38",38,0,0,0,0,0
"E033","I39",39,1,1,0,0,0
"E033","I40",40,0,0,0,0,0
"E034","I01",1,1,1,0,0,0
"E034","I02",2,0,1,1,1,0
"E034","I03",3,1,1,0,0,0
"E034","I04",4,1,1,0,0,0
"E034","I05",5,1,1,0,0,0
"E034","I06",6,1,1,0,0,0
"E034","I07",7,1,1,0,0,0
"E034","I08",8,1,1,0,0,0
"E034","I09",9,1,1,0,0,0
"E034","I10",10,0,0,0,0,0
"E034","I11",11,1,1,0,0,0
"E034","I12",12,0,0,0,0,0
"E034","I13",13,1,1,0,0,0
"E034","I14",14,1,1,0,0,0
"E034","I15",15,1,1,0,0,0
"E034","I16",16,1,1,0,0,0
"E034","I17",17,1,1,0,0,0
"E034","I18",18,1,1,0,0,0
"E034","I19",19,1,1,0,0,0
"E034","I20",20,1,1,0,0,0
"E034","I21",21,0,0,0,0,0
"E034","I22",22,0,0,0,0,0
"E034","I23",23,0,0,0,0,0
"E034","I24",24,1,1,0,0,0
"E034","I25",25,1,1,0,0,0
"E034","I26",26,1,1,0,0,0
"E034","I27",27,1,1,0,0,0
"E034","I28",28,0,0,0,0,0
"E034","I29",29,1,1,0,0,0
"E034","I30",30,0,0,0,0,0
"E034","I31",31,0,0,0,0,0
"E034","I32",32,1,1,0,0,0
"E034","I33",33,0,0,0,0,0
"E034","I34",34,1,1,0,0,0
"E034","I35",35,1,1,0,0,0
"E034","I36",36,1,1,0,0,0
"E034","I37",37,1,1,0,0,0
"E034","I38",38,0,0,0,0,0
"E034","I39",39,0,1,1,1,0
"E034","I40",40,0,0,0,0,0
"E035","I01",1,0,0,0,0,0
"E035","I02",2,1,1,0,0,0
"E035","I03",3,0,0,0,0,0
"E035","I04",4,1,1,0,0,0
"E035","I05",5,1,1,0,0,0
"E035","I06",6,1,1,0,0,0
"E035","I07",7,1,1,0,0,0
"E035","I08",8,1,1,0,0,0
"E035","I09",9,1,1,0,0,0
"E035","I10",10,1,1,0,0,0
"E035","I11",11,0,0,0,0,0
"E035","I12",12,0,0,0,0,0
"E035","I13",13,0,0,0,0,0
"E035","I14",14,1,1,0,0,0
"E035","I15",15,0,0,0,0,0
"E035","I16",16,0,0,0,0,0
"E035","I17",17,1,1,0,0,0
"E035","I18",18,1,1,0,0,0
"E035","I19",19,0,0,0,0,0
"E035","I20",20,1,1,0,0,0
"E035","I21",21,1,1,0,0,0
"E035","I22",22,0,0,0,0,0
"E035","I23",23,1,1,0,0,0
"E035","I24",24,1,1,0,0,0
"E035","I25",25,0,0,0,0,0
"E035","I26",26,1,1,0,0,0
"E035","I27",27,1,1,0,0,0
"E035","I28",28,0,0,0,0,0
"E035","I29",29,0,0,0,0,0
"E035","I30",30,1,1,0,0,0
"E035","I31",31,0,0,0,0,0
"E035","I32",32,0,0,0,0,0
"E035","I33",33,0,0,0,0,0
"E035","I34",34,0,0,0,0,0
"E035","I35",35,1,1,0,0,0
"E035","I36",36,0,0,0,0,0
"E035","I37",37,1,1,0,0,0
"E035","I38",38,0,0,0,0,0
"E035","I39",39,1,1,0,0,0
"E035","I40",40,0,0,0,0,0
"E036","I01",1,1,1,0,0,0
"E036","I02",2,1,1,0,0,0
"E036","I03",3,1,1,0,0,0
"E036","I04",4,1,1,0,0,0
"E036","I05",5,1,1,0,0,0
"E036","I06",6,1,1,0,0,0
"E036","I07",7,1,1,0,0,0
"E036","I08",8,1,1,0,0,0
"E036","I09",9,1,1,0,0,0
"E036","I10",10,1,1,0,0,0
"E036","I11",11,1,1,0,0,0
"E036","I12",12,0,1,1,1,0
"E036","I13",13,0,0,0,0,0
"E036","I14",14,1,1,0,0,0
"E036","I15",15,1,1,0,0,0
"E036","I16",16,1,1,0,0,0
"E036","I17",17,1,1,0,0,0
"E036","I18",18,1,1,0,0,0
"E036","I19",19,1,1,0,0,0
"E036","I20",20,1,1,0,0,0
"E036","I21",21,1,1,0,0,0
"E036","I22",22,1,1,0,0,0
"E036","I23",23,1,1,0,0,0
"E036","I24",24,1,1,0,0,0
"E036","I25",25,1,1,0,0,0
"E036","I26",26,0,1,1,1,0
"E036","I27",27,1,1,0,0,0
"E036","I28",28,1,1,0,0,0
"E036","I29",29,1,1,0,0,0
"E036","I30",30,1,1,0,0,0
"E036","I31",31,1,1,0,0,0
"E036","I32",32,0,1,1,1,0
"E036","I33",33,1,1,0,0,0
"E036","I34",34,1,1,0,0,0
"E036","I35",35,1,1,0,0,0
"E036","I36",36,0,0,0,0,0
"E036","I37",37,1,1,0,0,0
"E036","I38",38,1,1,0,0,0
"E036","I39",39,1,1,0,0,0
"E036","I40",40,1,1,0,0,0
"E037","I01",1,1,1,0,0,0
"E037","I02",2,0,0,0,0,0
"E037","I03",3,0,0,0,0,0
"E037","I04",4,1,1,0,0,0
"E037","I05",5,1,1,0,0,0
"E037","I06",6,1,1,0,0,0
"E037","I07",7,1,1,0,0,0
"E037","I08",8,0,0,0,0,0
"E037","I09",9,0,0,0,0,0
"E037","I10",10,1,1,0,0,0
"E037","I11",11,0,0,0,0,0
"E037","I12",12,1,1,0,0,0
"E037","I13",13,1,1,0,0,0
"E037","I14",14,0,0,0,0,0
"E037","I15",15,1,1,0,0,0
"E037","I16",16,1,1,0,0,0
"E037","I17",17,1,1,0,0,0
"E037","I18",18,0,0,0,0,0
"E037","I19",19,0,1,1,1,0
"E037","I20",20,1,1,0,0,0
"E037","I21",21,0,0,0,0,0
"E037","I22",22,0,0,0,0,0
"E037","I23",23,1,1,0,0,0
"E037","I24",24,0,0,0,0,0
"E037","I25",25,1,1,0,0,0
"E037","I26",26,1,1,0,0,0
"E037","I27",27,0,0,0,0,0
"E037","I28",28,1,1,0,0,0
"E037","I29",29,1,1,0,0,0
"E037","I30",30,1,1,0,0,0
"E037","I31",31,0,0,0,0,0
"E037","I32",32,0,0,0,0,0
"E037","I33",33,0,0,0,0,0
"E037","I34",34,0,0,0,0,0
"E037","I35",35,1,1,0,0,0
"E037","I36",36,0,0,0,0,0
"E037","I37",37,0,0,0,0,0
"E037","I38",38,1,1,0,0,0
"E037","I39",39,0,0,0,0,0
"E037","I40",40,0,0,0,0,0
"E038","I01",1,1,1,0,0,0
"E038","I02",2,0,0,0,0,0
"E038","I03",3,0,0,0,0,0
"E038","I04",4,0,0,0,0,0
"E038","I05",5,1,1,0,0,0
"E038","I06",6,1,1,0,0,0
"E038","I07",7,1,1,0,0,0
"E038","I08",8,0,0,0,0,0
"E038","I09",9,0,0,0,0,0
"E038","I10",10,0,0,0,0,0
"E038","I11",11,0,0,0,0,0
"E038","I12",12,0,0,0,0,0
"E038","I13",13,1,1,0,0,0
"E038","I14",14,0,0,0,0,0
"E038","I15",15,1,0,1,0,1
"E038","I16",16,1,1,0,0,0
"E038","I17",17,0,0,0,0,0
"E038","I18",18,0,0,0,0,0
"E038","I19",19,1,1,0,0,0
"E038","I20",20,0,0,0,0,0
"E038","I21",21,0,0,0,0,0
"E038","I22",22,1,1,0,0,0
"E038","I23",23,0,0,0,0,0
"E038","I24",24,0,0,0,0,0
"E038","I25",25,0,0,0,0,0
"E038","I26",26,0,0,0,0,0
"E038","I27",27,0,0,0,0,0
"E038","I28",28,1,1,0,0,0
"E038","I29",29,0,0,0,0,0
"E038","I30",30,0,0,0,0,0
"E038","I31",31,0,0,0,0,0
"E038","I32",32,1,0,1,0,1
"E038","I33",33,0,0,0,0,0
"E038","I34",34,0,0,0,0,0
"E038","I35",35,0,0,0,0,0
"E038","I36",36,0,0,0,0,0
"E038","I37",37,0,0,0,0,0
"E038","I38",38,0,0,0,0,0
"E038","I39",39,1,1,0,0,0
"E038","I40",40,0,0,0,0,0
"E039","I01",1,1,1,0,0,0
"E039","I02",2,1,1,0,0,0
"E039","I03",3,1,1,0,0,0
"E039","I04",4,1,1,0,0,0
"E039","I05",5,1,1,0,0,0
"E039","I06",6,1,1,0,0,0
"E039","I07",7,1,1,0,0,0
"E039","I08",8,1,1,0,0,0
"E039","I09",9,0,0,0,0,0
"E039","I10",10,1,1,0,0,0
"E039","I11",11,0,0,0,0,0
"E039","I12",12,0,0,0,0,0
"E039","I13",13,1,1,0,0,0
"E039","I14",14,0,0,0,0,0
"E039","I15",15,0,0,0,0,0
"E039","I16",16,1,1,0,0,0
"E039","I17",17,1,1,0,0,0
"E039","I18",18,0,0,0,0,0
"E039","I19",19,1,1,0,0,0
"E039","I20",20,1,1,0,0,0
"E039","I21",21,0,0,0,0,0
"E039","I22",22,0,0,0,0,0
"E039","I23",23,1,1,0,0,0
"E039","I24",24,0,0,0,0,0
"E039","I25",25,1,1,0,0,0
"E039","I26",26,1,1,0,0,0
"E039","I27",27,0,0,0,0,0
"E039","I28",28,1,1,0,0,0
"E039","I29",29,1,1,0,0,0
"E039","I30",30,1,1,0,0,0
"E039","I31",31,1,1,0,0,0
"E039","I32",32,1,1,0,0,0
"E039","I33",33,1,1,0,0,0
"E039","I34",34,1,1,0,0,0
"E039","I35",35,1,1,0,0,0
"E039","I36",36,1,1,0,0,0
"E039","I37",37,1,1,0,0,0
"E039","I38",38,1,1,0,0,0
"E039","I39",39,0,0,0,0,0
"E039","I40",40,0,0,0,0,0
"E040","I01",1,1,1,0,0,0
"E040","I02",2,0,0,0,0,0
"E040","I03",3,1,1,0,0,0
"E040","I04",4,1,1,0,0,0
"E040","I05",5,0,0,0,0,0
"E040","I06",6,1,1,0,0,0
"E040","I07",7,0,0,0,0,0
"E040","I08",8,0,0,0,0,0
"E040","I09",9,1,1,0,0,0
"E040","I10",10,0,0,0,0,0
"E040","I11",11,0,0,0,0,0
"E040","I12",12,0,0,0,0,0
"E040","I13",13,0,0,0,0,0
"E040","I14",14,1,1,0,0,0
"E040","I15",15,0,0,0,0,0
"E040","I16",16,0,0,0,0,0
"E040","I17",17,0,0,0,0,0
"E040","I18",18,0,0,0,0,0
"E040","I19",19,1,1,0,0,0
"E040","I20",20,0,0,0,0,0
"E040","I21",21,0,0,0,0,0
"E040","I22",22,0,0,0,0,0
"E040","I23",23,0,0,0,0,0
"E040","I24",24,0,0,0,0,0
"E040","I25",25,1,1,0,0,0
"E040","I26",26,0,0,0,0,0
"E040","I27",27,0,0,0,0,0
"E040","I28",28,1,1,0,0,0
"E040","I29",29,0,1,1,1,0
"E040","I30",30,0,0,0,0,0
"E040","I31",31,0,0,0,0,0
"E040","I32",32,1,1,0,0,0
"E040","I33",33,1,1,0,0,0
"E040","I34",34,0,0,0,0,0
"E040","I35",35,1,1,0,0,0
"E040","I36",36,1,1,0,0,0
"E040","I37",37,1,1,0,0,0
"E040","I38",38,0,0,0,0,0
"E040","I39",39,1,1,0,0,0
"E040","I40",40,0,0,0,0,0
"E041","I01",1,1,1,0,0,0
"E041","I02",2,1,0,1,0,1
"E041","I03",3,0,0,0,0,0
"E041","I04",4,1,1,0,0,0
"E041","I05",5,0,0,0,0,0
"E041","I06",6,1,1,0,0,0
"E041","I07",7,0,0,0,0,0
"E041","I08",8,0,1,1,1,0
"E041","I09",9,1,1,0,0,0
"E041","I10",10,0,0,0,0,0
"E041","I11",11,0,0,0,0,0
"E041","I12",12,1,1,0,0,0
"E041","I13",13,0,0,0,0,0
"E041","I14",14,1,1,0,0,0
"E041","I15",15,0,0,0,0,0
"E041","I16",16,0,0,0,0,0
"E041","I17",17,0,0,0,0,0
"E041","I18",18,0,0,0,0,0
"E041","I19",19,0,0,0,0,0
"E041","I20",20,1,1,0,0,0
"E041","I21",21,0,0,0,0,0
"E041","I22",22,0,0,0,0,0
"E041","I23",23,1,1,0,0,0
"E041","I24",24,0,0,0,0,0
"E041","I25",25,0,0,0,0,0
"E041","I26",26,0,0,0,0,0
"E041","I27",27,0,0,0,0,0
"E041","I28",28,1,1,0,0,0
"E041","I29",29,1,0,1,0,1
"E041","I30",30,0,0,0,0,0
"E041","I31",31,0,0,0,0,0
"E041","I32",32,1,1,0,0,0
"E041","I33",33,0,0,0,0,0
"E041","I34",34,0,0,0,0,0
"E041","I35",35,0,0,0,0,0
"E041","I36",36,1,1,0,0,0
"E041","I37",37,1,1,0,0,0
"E041","I38",38,0,0,0,0,0
"E041","I39",39,0,0,0,0,0
"E041","I40",40,0,0,0,0,0
"E042","I01",1,1,1,0,0,0
"E042","I02",2,1,1,0,0,0
"E042","I03",3,1,1,0,0,0
"E042","I04",4,1,1,0,0,0
"E042","I05",5,1,1,0,0,0
"E042","I06",6,1,1,0,0,0
"E042","I07",7,1,1,0,0,0
"E042","I08",8,1,1,0,0,0
"E042","I09",9,1,1,0,0,0
"E042","I10",10,1,1,0,0,0
"E042","I11",11,0,0,0,0,0
"E042","I12",12,1,1,0,0,0
"E042","I13",13,1,1,0,0,0
"E042","I14",14,1,1,0,0,0
"E042","I15",15,1,1,0,0,0
"E042","I16",16,1,1,0,0,0
"E042","I17",17,1,1,0,0,0
"E042","I18",18,1,1,0,0,0
"E042","I19",19,1,1,0,0,0
"E042","I20",20,1,1,0,0,0
"E042","I21",21,0,0,0,0,0
"E042","I22",22,1,1,0,0,0
"E042","I23",23,1,1,0,0,0
"E042","I24",24,1,1,0,0,0
"E042","I25",25,1,1,0,0,0
"E042","I26",26,1,1,0,0,0
"E042","I27",27,0,0,0,0,0
"E042","I28",28,1,1,0,0,0
"E042","I29",29,0,1,1,1,0
"E042","I30",30,0,0,0,0,0
"E042","I31",31,0,0,0,0,0
"E042","I32",32,1,1,0,0,0
"E042","I33",33,0,0,0,0,0
"E042","I34",34,0,0,0,0,0
"E042","I35",35,1,1,0,0,0
"E042","I36",36,1,1,0,0,0
"E042","I37",37,1,1,0,0,0
"E042","I38",38,1,1,0,0,0
"E042","I39",39,1,1,0,0,0
"E042","I40",40,1,1,0,0,0
"E043","I01",1,1,1,0,0,0
"E043","I02",2,0,1,1,1,0
"E043","I03",3,0,1,1,1,0
"E043","I04",4,1,1,0,0,0
"E043","I05",5,0,0,0,0,0
"E043","I06",6,1,0,1,0,1
"E043","I07",7,1,1,0,0,0
"E043","I08",8,0,0,0,0,0
"E043","I09",9,0,0,0,0,0
"E043","I10",10,0,0,0,0,0
"E043","I11",11,0,0,0,0,0
"E043","I12",12,0,1,1,1,0
"E043","I13",13,0,0,0,0,0
"E043","I14",14,1,1,0,0,0
"E043","I15",15,0,0,0,0,0
"E043","I16",16,1,1,0,0,0
"E043","I17",17,0,0,0,0,0
"E043","I18",18,0,0,0,0,0
"E043","I19",19,1,1,0,0,0
"E043","I20",20,1,1,0,0,0
"E043","I21",21,0,0,0,0,0
"E043","I22",22,1,1,0,0,0
"E043","I23",23,0,0,0,0,0
"E043","I24",24,0,0,0,0,0
"E043","I25",25,0,1,1,1,0
"E043","I26",26,0,1,1,1,0
"E043","I27",27,0,0,0,0,0
"E043","I28",28,0,0,0,0,0
"E043","I29",29,0,0,0,0,0
"E043","I30",30,1,0,1,0,1
"E043","I31",31,1,1,0,0,0
"E043","I32",32,0,1,1,1,0
"E043","I33",33,0,0,0,0,0
"E043","I34",34,0,0,0,0,0
"E043","I35",35,1,1,0,0,0
"E043","I36",36,0,1,1,1,0
"E043","I37",37,0,1,1,1,0
"E043","I38",38,0,0,0,0,0
"E043","I39",39,0,0,0,0,0
"E043","I40",40,0,0,0,0,0
"E044","I01",1,1,1,0,0,0
"E044","I02",2,0,0,0,0,0
"E044","I03",3,0,0,0,0,0
"E044","I04",4,1,1,0,0,0
"E044","I05",5,1,1,0,0,0
"E044","I06",6,0,0,0,0,0
"E044","I07",7,1,1,0,0,0
"E044","I08",8,0,0,0,0,0
"E044","I09",9,1,1,0,0,0
"E044","I10",10,0,0,0,0,0
"E044","I11",11,0,0,0,0,0
"E044","I12",12,0,1,1,1,0
"E044","I13",13,0,0,0,0,0
"E044","I14",14,0,0,0,0,0
"E044","I15",15,0,0,0,0,0
"E044","I16",16,1,1,0,0,0
"E044","I17",17,1,1,0,0,0
"E044","I18",18,1,1,0,0,0
"E044","I19",19,1,1,0,0,0
"E044","I20",20,1,1,0,0,0
"E044","I21",21,0,0,0,0,0
"E044","I22",22,0,0,0,0,0
"E044","I23",23,0,0,0,0,0
"E044","I24",24,0,0,0,0,0
"E044","I25",25,0,0,0,0,0
"E044","I26",26,1,1,0,0,0
"E044","I27",27,0,0,0,0,0
"E044","I28",28,1,1,0,0,0
"E044","I29",29,1,1,0,0,0
"E044","I30",30,0,0,0,0,0
"E044","I31",31,1,1,0,0,0
"E044","I32",32,1,1,0,0,0
"E044","I33",33,0,0,0,0,0
"E044","I34",34,0,0,0,0,0
"E044","I35",35,0,0,0,0,0
"E044","I36",36,1,1,0,0,0
"E044","I37",37,0,0,0,0,0
"E044","I38",38,1,1,0,0,0
"E044","I39",39,1,1,0,0,0
"E044","I40",40,1,1,0,0,0
"E045","I01",1,1,1,0,0,0
"E045","I02",2,0,0,0,0,0
"E045","I03",3,0,0,0,0,0
"E045","I04",4,1,1,0,0,0
"E045","I05",5,0,0,0,0,0
"E045","I06",6,1,1,0,0,0
"E045","I07",7,1,0,1,0,1
"E045","I08",8,0,0,0,0,0
"E045","I09",9,0,0,0,0,0
"E045","I10",10,1,1,0,0,0
"E045","I11",11,0,0,0,0,0
"E045","I12",12,0,0,0,0,0
"E045","I13",13,0,0,0,0,0
"E045","I14",14,0,0,0,0,0
"E045","I15",15,1,0,1,0,1
"E045","I16",16,0,0,0,0,0
"E045","I17",17,0,0,0,0,0
"E045","I18",18,0,0,0,0,0
"E045","I19",19,1,1,0,0,0
"E045","I20",20,0,0,0,0,0
"E045","I21",21,1,1,0,0,0
"E045","I22",22,0,0,0,0,0
"E045","I23",23,1,1,0,0,0
"E045","I24",24,1,1,0,0,0
"E045","I25",25,1,1,0,0,0
"E045","I26",26,0,0,0,0,0
"E045","I27",27,1,1,0,0,0
"E045","I28",28,1,1,0,0,0
"E045","I29",29,0,0,0,0,0
"E045","I30",30,1,1,0,0,0
"E045","I31",31,0,0,0,0,0
"E045","I32",32,0,0,0,0,0
"E045","I33",33,0,0,0,0,0
"E045","I34",34,0,0,0,0,0
"E045","I35",35,0,0,0,0,0
"E045","I36",36,0,0,0,0,0
"E045","I37",37,1,1,0,0,0
"E045","I38",38,0,1,1,1,0
"E045","I39",39,1,1,0,0,0
"E045","I40",40,0,0,0,0,0
"E046","I01",1,1,1,0,0,0
"E046","I02",2,1,1,0,0,0
"E046","I03",3,1,1,0,0,0
"E046","I04",4,1,1,0,0,0
"E046","I05",5,0,0,0,0,0
"E046","I06",6,1,1,0,0,0
"E046","I07",7,1,1,0,0,0
"E046","I08",8,1,1,0,0,0
"E046","I09",9,0,0,0,0,0
"E046","I10",10,1,1,0,0,0
"E046","I11",11,1,1,0,0,0
"E046","I12",12,1,1,0,0,0
"E046","I13",13,1,1,0,0,0
"E046","I14",14,1,1,0,0,0
"E046","I15",15,0,0,0,0,0
"E046","I16",16,0,1,1,1,0
"E046","I17",17,1,1,0,0,0
"E046","I18",18,1,1,0,0,0
"E046","I19",19,1,1,0,0,0
"E046","I20",20,1,1,0,0,0
"E046","I21",21,1,1,0,0,0
"E046","I22",22,1,0,1,0,1
"E046","I23",23,1,1,0,0,0
"E046","I24",24,1,1,0,0,0
"E046","I25",25,1,1,0,0,0
"E046","I26",26,1,1,0,0,0
"E046","I27",27,1,1,0,0,0
"E046","I28",28,1,1,0,0,0
"E046","I29",29,1,1,0,0,0
"E046","I30",30,1,1,0,0,0
"E046","I31",31,1,1,0,0,0
"E046","I32",32,1,1,0,0,0
"E046","I33",33,0,0,0,0,0
"E046","I34",34,0,0,0,0,0
"E046","I35",35,1,1,0,0,0
"E046","I36",36,0,1,1,1,0
"E046","I37",37,1,1,0,0,0
"E046","I38",38,1,1,0,0,0
"E046","I39",39,0,0,0,0,0
"E046","I40",40,0,0,0,0,0
"E047","I01",1,1,1,0,0,0
"E047","I02",2,0,0,0,0,0
"E047","I03",3,1,1,0,0,0
"E047","I04",4,1,1,0,0,0
"E047","I05",5,0,0,0,0,0
"E047","I06",6,1,1,0,0,0
"E047","I07",7,1,1,0,0,0
"E047","I08",8,1,1,0,0,0
"E047","I09",9,1,1,0,0,0
"E047","I10",10,0,0,0,0,0
"E047","I11",11,0,0,0,0,0
"E047","I12",12,0,0,0,0,0
"E047","I13",13,0,0,0,0,0
"E047","I14",14,0,0,0,0,0
"E047","I15",15,1,1,0,0,0
"E047","I16",16,1,1,0,0,0
"E047","I17",17,1,1,0,0,0
"E047","I18",18,1,1,0,0,0
"E047","I19",19,0,0,0,0,0
"E047","I20",20,1,1,0,0,0
"E047","I21",21,0,0,0,0,0
"E047","I22",22,0,0,0,0,0
"E047","I23",23,0,0,0,0,0
"E047","I24",24,1,1,0,0,0
"E047","I25",25,0,0,0,0,0
"E047","I26",26,1,1,0,0,0
"E047","I27",27,0,0,0,0,0
"E047","I28",28,1,1,0,0,0
"E047","I29",29,1,0,1,0,1
"E047","I30",30,1,1,0,0,0
"E047","I31",31,1,1,0,0,0
"E047","I32",32,1,1,0,0,0
"E047","I33",33,0,0,0,0,0
"E047","I34",34,0,0,0,0,0
"E047","I35",35,0,0,0,0,0
"E047","I36",36,1,1,0,0,0
"E047","I37",37,1,1,0,0,0
"E047","I38",38,1,1,0,0,0
"E047","I39",39,1,1,0,0,0
"E047","I40",40,0,0,0,0,0
"E048","I01",1,1,1,0,0,0
"E048","I02",2,0,0,0,0,0
"E048","I03",3,1,1,0,0,0
"E048","I04",4,1,1,0,0,0
"E048","I05",5,0,0,0,0,0
"E048","I06",6,1,1,0,0,0
"E048","I07",7,0,0,0,0,0
"E048","I08",8,1,1,0,0,0
"E048","I09",9,0,0,0,0,0
"E048","I10",10,1,1,0,0,0
"E048","I11",11,1,1,0,0,0
"E048","I12",12,0,0,0,0,0
"E048","I13",13,0,0,0,0,0
"E048","I14",14,0,0,0,0,0
"E048","I15",15,1,1,0,0,0
"E048","I16",16,1,1,0,0,0
"E048","I17",17,1,1,0,0,0
"E048","I18",18,1,1,0,0,0
"E048","I19",19,1,1,0,0,0
"E048","I20",20,1,1,0,0,0
"E048","I21",21,1,1,0,0,0
"E048","I22",22,1,1,0,0,0
"E048","I23",23,1,0,1,0,1
"E048","I24",24,0,0,0,0,0
"E048","I25",25,1,1,0,0,0
"E048","I26",26,1,1,0,0,0
"E048","I27",27,0,0,0,0,0
"E048","I28",28,1,1,0,0,0
"E048","I29",29,0,0,0,0,0
"E048","I30",30,0,0,0,0,0
"E048","I31",31,0,0,0,0,0
"E048","I32",32,1,1,0,0,0
"E048","I33",33,0,0,0,0,0
"E048","I34",34,0,0,0,0,0
"E048","I35",35,0,0,0,0,0
"E048","I36",36,0,1,1,1,0
"E048","I37",37,0,0,0,0,0
"E048","I38",38,0,0,0,0,0
"E048","I39",39,0,0,0,0,0
"E048","I40",40,0,0,0,0,0
"E049","I01",1,1,1,0,0,0
"E049","I02",2,1,1,0,0,0
"E049","I03",3,0,0,0,0,0
"E049","I04",4,1,1,0,0,0
"E049","I05",5,1,1,0,0,0
"E049","I06",6,1,1,0,0,0
"E049","I07",7,1,1,0,0,0
"E049","I08",8,1,1,0,0,0
"E049","I09",9,1,1,0,0,0
"E049","I10",10,1,1,0,0,0
"E049","I11",11,0,0,0,0,0
"E049","I12",12,1,1,0,0,0
"E049","I13",13,1,1,0,0,0
"E049","I14",14,0,0,0,0,0
"E049","I15",15,0,0,0,0,0
"E049","I16",16,1,1,0,0,0
"E049","I17",17,1,1,0,0,0
"E049","I18",18,0,0,0,0,0
"E049","I19",19,1,1,0,0,0
"E049","I20",20,1,1,0,0,0
"E049","I21",21,0,0,0,0,0
"E049","I22",22,1,1,0,0,0
"E049","I23",23,1,1,0,0,0
"E049","I24",24,1,1,0,0,0
"E049","I25",25,0,0,0,0,0
"E049","I26",26,1,1,0,0,0
"E049","I27",27,1,1,0,0,0
"E049","I28",28,0,0,0,0,0
"E049","I29",29,0,0,0,0,0
"E049","I30",30,1,1,0,0,0
"E049","I31",31,1,1,0,0,0
"E049","I32",32,0,0,0,0,0
"E049","I33",33,0,0,0,0,0
"E049","I34",34,0,0,0,0,0
"E049","I35",35,0,0,0,0,0
"E049","I36",36,0,1,1,1,0
"E049","I37",37,1,0,1,0,1
"E049","I38",38,1,1,0,0,0
"E049","I39",39,0,1,1,1,0
"E049","I40",40,0,0,0,0,0
"E050","I01",1,0,0,0,0,0
"E050","I02",2,1,1,0,0,0
"E050","I03",3,0,0,0,0,0
"E050","I04",4,1,1,0,0,0
"E050","I05",5,1,1,0,0,0
"E050","I06",6,1,1,0,0,0
"E050","I07",7,1,1,0,0,0
"E050","I08",8,1,1,0,0,0
"E050","I09",9,1,1,0,0,0
"E050","I10",10,1,1,0,0,0
"E050","I11",11,1,1,0,0,0
"E050","I12",12,0,0,0,0,0
"E050","I13",13,0,0,0,0,0
"E050","I14",14,1,1,0,0,0
"E050","I15",15,0,0,0,0,0
"E050","I16",16,1,1,0,0,0
"E050","I17",17,1,1,0,0,0
"E050","I18",18,1,1,0,0,0
"E050","I19",19,0,0,0,0,0
"E050","I20",20,1,1,0,0,0
"E050","I21",21,0,0,0,0,0
"E050","I22",22,0,0,0,0,0
"E050","I23",23,1,1,0,0,0
"E050","I24",24,1,1,0,0,0
"E050","I25",25,1,1,0,0,0
"E050","I26",26,1,1,0,0,0
"E050","I27",27,0,0,0,0,0
"E050","I28",28,0,0,0,0,0
"E050","I29",29,0,0,0,0,0
"E050","I30",30,1,0,1,0,1
"E050","I31",31,0,0,0,0,0
"E050","I32",32,1,1,0,0,0
"E050","I33",33,0,0,0,0,0
"E050","I34",34,1,0,1,0,1
"E050","I35",35,0,0,0,0,0
"E050","I36",36,1,1,0,0,0
"E050","I37",37,1,1,0,0,0
"E050","I38",38,0,0,0,0,0
"E050","I39",39,0,0,0,0,0
"E050","I40",40,1,1,0,0,0
"E051","I01",1,1,1,0,0,0
"E051","I02",2,0,0,0,0,0
"E051","I03",3,1,1,0,0,0
"E051","I04",4,1,1,0,0,0
"E051","I05",5,0,0,0,0,0
"E051","I06",6,0,0,0,0,0
"E051","I07",7,0,0,0,0,0
"E051","I08",8,0,0,0,0,0
"E051","I09",9,1,1,0,0,0
"E051","I10",10,0,1,1,1,0
"E051","I11",11,0,0,0,0,0
"E051","I12",12,1,1,0,0,0
"E051","I13",13,0,0,0,0,0
"E051","I14",14,1,1,0,0,0
"E051","I15",15,0,0,0,0,0
"E051","I16",16,1,0,1,0,1
"E051","I17",17,0,0,0,0,0
"E051","I18",18,0,0,0,0,0
"E051","I19",19,0,0,0,0,0
"E051","I20",20,1,1,0,0,0
"E051","I21",21,1,1,0,0,0
"E051","I22",22,0,0,0,0,0
"E051","I23",23,0,0,0,0,0
"E051","I24",24,0,0,0,0,0
"E051","I25",25,0,0,0,0,0
"E051","I26",26,1,1,0,0,0
"E051","I27",27,1,1,0,0,0
"E051","I28",28,0,0,0,0,0
"E051","I29",29,0,0,0,0,0
"E051","I30",30,1,1,0,0,0
"E051","I31",31,0,0,0,0,0
"E051","I32",32,0,0,0,0,0
"E051","I33",33,0,0,0,0,0
"E051","I34",34,1,1,0,0,0
"E051","I35",35,1,1,0,0,0
"E051","I36",36,1,1,0,0,0
"E051","I37",37,0,0,0,0,0
"E051","I38",38,0,0,0,0,0
"E051","I39",39,1,1,0,0,0
"E051","I40",40,0,0,0,0,0
"E052","I01",1,1,1,0,0,0
"E052","I02",2,1,1,0,0,0
"E052","I03",3,0,0,0,0,0
"E052","I04",4,1,1,0,0,0
"E052","I05",5,0,0,0,0,0
"E052","I06",6,0,0,0,0,0
"E052","I07",7,1,1,0,0,0
"E052","I08",8,0,0,0,0,0
"E052","I09",9,0,0,0,0,0
"E052","I10",10,1,1,0,0,0
"E052","I11",11,0,0,0,0,0
"E052","I12",12,1,1,0,0,0
"E052","I13",13,0,0,0,0,0
"E052","I14",14,0,0,0,0,0
"E052","I15",15,0,0,0,0,0
"E052","I16",16,1,1,0,0,0
"E052","I17",17,0,0,0,0,0
"E052","I18",18,0,0,0,0,0
"E052","I19",19,1,1,0,0,0
"E052","I20",20,0,0,0,0,0
"E052","I21",21,0,0,0,0,0
"E052","I22",22,0,0,0,0,0
"E052","I23",23,0,0,0,0,0
"E052","I24",24,1,1,0,0,0
"E052","I25",25,0,0,0,0,0
"E052","I26",26,1,1,0,0,0
"E052","I27",27,0,0,0,0,0
"E052","I28",28,0,0,0,0,0
"E052","I29",29,1,1,0,0,0
"E052","I30",30,1,1,0,0,0
"E052","I31",31,1,1,0,0,0
"E052","I32",32,0,1,1,1,0
"E052","I33",33,0,0,0,0,0
"E052","I34",34,0,0,0,0,0
"E052","I35",35,0,0,0,0,0
"E052","I36",36,1,1,0,0,0
"E052","I37",37,1,1,0,0,0
"E052","I38",38,0,0,0,0,0
"E052","I39",39,0,0,0,0,0
"E052","I40",40,0,0,0,0,0
"E053","I01",1,1,1,0,0,0
"E053","I02",2,1,1,0,0,0
"E053","I03",3,0,0,0,0,0
"E053","I04",4,1,1,0,0,0
"E053","I05",5,0,0,0,0,0
"E053","I06",6,0,0,0,0,0
"E053","I07",7,1,1,0,0,0
"E053","I08",8,0,0,0,0,0
"E053","I09",9,1,1,0,0,0
"E053","I10",10,0,0,0,0,0
"E053","I11",11,0,0,0,0,0
"E053","I12",12,1,1,0,0,0
"E053","I13",13,0,0,0,0,0
"E053","I14",14,0,0,0,0,0
"E053","I15",15,0,0,0,0,0
"E053","I16",16,0,0,0,0,0
"E053","I17",17,0,0,0,0,0
"E053","I18",18,0,0,0,0,0
"E053","I19",19,1,1,0,0,0
"E053","I20",20,1,1,0,0,0
"E053","I21",21,0,0,0,0,0
"E053","I22",22,1,1,0,0,0
"E053","I23",23,0,0,0,0,0
"E053","I24",24,0,0,0,0,0
"E053","I25",25,0,0,0,0,0
"E053","I26",26,1,1,0,0,0
"E053","I27",27,0,0,0,0,0
"E053","I28",28,0,0,0,0,0
"E053","I29",29,0,0,0,0,0
"E053","I30",30,0,0,0,0,0
"E053","I31",31,0,0,0,0,0
"E053","I32",32,1,1,0,0,0
"E053","I33",33,0,0,0,0,0
"E053","I34",34,0,0,0,0,0
"E053","I35",35,0,0,0,0,0
"E053","I36",36,1,1,0,0,0
"E053","I37",37,0,0,0,0,0
"E053","I38",38,1,1,0,0,0
"E053","I39",39,0,0,0,0,0
"E053","I40",40,0,0,0,0,0
"E054","I01",1,1,1,0,0,0
"E054","I02",2,1,1,0,0,0
"E054","I03",3,0,0,0,0,0
"E054","I04",4,0,0,0,0,0
"E054","I05",5,1,0,1,0,1
"E054","I06",6,0,1,1,1,0
"E054","I07",7,1,1,0,0,0
"E054","I08",8,0,0,0,0,0
"E054","I09",9,1,1,0,0,0
"E054","I10",10,1,1,0,0,0
"E054","I11",11,0,0,0,0,0
"E054","I12",12,1,1,0,0,0
"E054","I13",13,0,0,0,0,0
"E054","I14",14,0,0,0,0,0
"E054","I15",15,0,0,0,0,0
"E054","I16",16,0,0,0,0,0
"E054","I17",17,1,1,0,0,0
"E054","I18",18,1,1,0,0,0
"E054","I19",19,0,0,0,0,0
"E054","I20",20,1,1,0,0,0
"E054","I21",21,1,1,0,0,0
"E054","I22",22,0,0,0,0,0
"E054","I23",23,0,0,0,0,0
"E054","I24",24,1,1,0,0,0
"E054","I25",25,0,0,0,0,0
"E054","I26",26,0,0,0,0,0
"E054","I27",27,0,0,0,0,0
"E054","I28",28,0,0,0,0,0
"E054","I29",29,0,0,0,0,0
"E054","I30",30,1,1,0,0,0
"E054","I31",31,0,0,0,0,0
"E054","I32",32,0,0,0,0,0
"E054","I33",33,0,0,0,0,0
"E054","I34",34,0,0,0,0,0
"E054","I35",35,1,1,0,0,0
"E054","I36",36,1,1,0,0,0
"E054","I37",37,1,1,0,0,0
"E054","I38",38,1,1,0,0,0
"E054","I39",39,0,0,0,0,0
"E054","I40",40,0,0,0,0,0
"E055","I01",1,1,1,0,0,0
"E055","I02",2,0,0,0,0,0
"E055","I03",3,0,0,0,0,0
"E055","I04",4,1,1,0,0,0
"E055","I05",5,1,1,0,0,0
"E055","I06",6,1,0,1,0,1
"E055","I07",7,1,1,0,0,0
"E055","I08",8,1,1,0,0,0
"E055","I09",9,1,1,0,0,0
"E055","I10",10,0,0,0,0,0
"E055","I11",11,0,0,0,0,0
"E055","I12",12,0,0,0,0,0
"E055","I13",13,0,0,0,0,0
"E055","I14",14,0,1,1,1,0
"E055","I15",15,1,0,1,0,1
"E055","I16",16,1,1,0,0,0
"E055","I17",17,1,1,0,0,0
"E055","I18",18,0,0,0,0,0
"E055","I19",19,0,0,0,0,0
"E055","I20",20,0,0,0,0,0
"E055","I21",21,0,0,0,0,0
"E055","I22",22,1,1,0,0,0
"E055","I23",23,0,0,0,0,0
"E055","I24",24,1,1,0,0,0
"E055","I25",25,0,0,0,0,0
"E055","I26",26,1,1,0,0,0
"E055","I27",27,0,0,0,0,0
"E055","I28",28,0,0,0,0,0
"E055","I29",29,1,1,0,0,0
"E055","I30",30,0,0,0,0,0
"E055","I31",31,0,0,0,0,0
"E055","I32",32,0,0,0,0,0
"E055","I33",33,0,0,0,0,0
"E055","I34",34,1,1,0,0,0
"E055","I35",35,0,0,0,0,0
"E055","I36",36,0,0,0,0,0
"E055","I37",37,1,1,0,0,0
"E055","I38",38,1,1,0,0,0
"E055","I39",39,1,1,0,0,0
"E055","I40",40,1,1,0,0,0
"E056","I01",1,1,1,0,0,0
"E056","I02",2,0,0,0,0,0
"E056","I03",3,0,0,0,0,0
"E056","I04",4,1,1,0,0,0
"E056","I05",5,1,1,0,0,0
"E056","I06",6,1,1,0,0,0
"E056","I07",7,1,1,0,0,0
"E056","I08",8,0,0,0,0,0
"E056","I09",9,0,0,0,0,0
"E056","I10",10,1,1,0,0,0
"E056","I11",11,0,0,0,0,0
"E056","I12",12,1,1,0,0,0
"E056","I13",13,0,0,0,0,0
"E056","I14",14,0,0,0,0,0
"E056","I15",15,0,0,0,0,0
"E056","I16",16,1,1,0,0,0
"E056","I17",17,1,1,0,0,0
"E056","I18",18,0,0,0,0,0
"E056","I19",19,1,1,0,0,0
"E056","I20",20,1,1,0,0,0
"E056","I21",21,0,0,0,0,0
"E056","I22",22,1,1,0,0,0
"E056","I23",23,1,1,0,0,0
"E056","I24",24,0,0,0,0,0
"E056","I25",25,0,0,0,0,0
"E056","I26",26,0,0,0,0,0
"E056","I27",27,0,0,0,0,0
"E056","I28",28,1,1,0,0,0
"E056","I29",29,0,0,0,0,0
"E056","I30",30,0,0,0,0,0
"E056","I31",31,0,0,0,0,0
"E056","I32",32,1,1,0,0,0
"E056","I33",33,1,1,0,0,0
"E056","I34",34,0,0,0,0,0
"E056","I35",35,0,0,0,0,0
"E056","I36",36,0,0,0,0,0
"E056","I37",37,0,0,0,0,0
"E056","I38",38,0,0,0,0,0
"E056","I39",39,1,1,0,0,0
"E056","I40",40,0,0,0,0,0
"E057","I01",1,1,1,0,0,0
"E057","I02",2,1,0,1,0,1
"E057","I03",3,0,0,0,0,0
"E057","I04",4,0,0,0,0,0
"E057","I05",5,0,0,0,0,0
"E057","I06",6,1,1,0,0,0
"E057","I07",7,0,0,0,0,0
"E057","I08",8,0,0,0,0,0
"E057","I09",9,0,0,0,0,0
"E057","I10",10,0,0,0,0,0
"E057","I11",11,1,1,0,0,0
"E057","I12",12,0,0,0,0,0
"E057","I13",13,0,0,0,0,0
"E057","I14",14,0,0,0,0,0
"E057","I15",15,0,0,0,0,0
"E057","I16",16,1,1,0,0,0
"E057","I17",17,1,1,0,0,0
"E057","I18",18,0,0,0,0,0
"E057","I19",19,0,0,0,0,0
"E057","I20",20,1,1,0,0,0
"E057","I21",21,0,0,0,0,0
"E057","I22",22,0,0,0,0,0
"E057","I23",23,0,0,0,0,0
"E057","I24",24,1,1,0,0,0
"E057","I25",25,1,1,0,0,0
"E057","I26",26,1,1,0,0,0
"E057","I27",27,0,0,0,0,0
"E057","I28",28,1,1,0,0,0
"E057","I29",29,0,1,1,1,0
"E057","I30",30,0,0,0,0,0
"E057","I31",31,0,0,0,0,0
"E057","I32",32,0,0,0,0,0
"E057","I33",33,0,0,0,0,0
"E057","I34",34,0,0,0,0,0
"E057","I35",35,0,0,0,0,0
"E057","I36",36,1,1,0,0,0
"E057","I37",37,1,1,0,0,0
"E057","I38",38,0,0,0,0,0
"E057","I39",39,0,0,0,0,0
"E057","I40",40,0,0,0,0,0
"E058","I01",1,1,1,0,0,0
"E058","I02",2,0,0,0,0,0
"E058","I03",3,0,0,0,0,0
"E058","I04",4,1,1,0,0,0
"E058","I05",5,1,0,1,0,1
"E058","I06",6,1,1,0,0,0
"E058","I07",7,1,1,0,0,0
"E058","I08",8,0,0,0,0,0
"E058","I09",9,0,0,0,0,0
"E058","I10",10,1,1,0,0,0
"E058","I11",11,0,0,0,0,0
"E058","I12",12,0,0,0,0,0
"E058","I13",13,0,0,0,0,0
"E058","I14",14,0,0,0,0,0
"E058","I15",15,0,0,0,0,0
"E058","I16",16,1,1,0,0,0
"E058","I17",17,0,0,0,0,0
"E058","I18",18,0,0,0,0,0
"E058","I19",19,1,1,0,0,0
"E058","I20",20,1,1,0,0,0
"E058","I21",21,0,0,0,0,0
"E058","I22",22,1,1,0,0,0
"E058","I23",23,0,0,0,0,0
"E058","I24",24,0,0,0,0,0
"E058","I25",25,1,1,0,0,0
"E058","I26",26,0,0,0,0,0
"E058","I27",27,0,0,0,0,0
"E058","I28",28,1,1,0,0,0
"E058","I29",29,0,0,0,0,0
"E058","I30",30,0,0,0,0,0
"E058","I31",31,0,0,0,0,0
"E058","I32",32,0,0,0,0,0
"E058","I33",33,0,0,0,0,0
"E058","I34",34,0,0,0,0,0
"E058","I35",35,0,0,0,0,0
"E058","I36",36,1,1,0,0,0
"E058","I37",37,0,0,0,0,0
"E058","I38",38,0,0,0,0,0
"E058","I39",39,1,0,1,0,1
"E058","I40",40,0,0,0,0,0
"E059","I01",1,1,1,0,0,0
"E059","I02",2,1,1,0,0,0
"E059","I03",3,1,1,0,0,0
"E059","I04",4,1,1,0,0,0
"E059","I05",5,1,1,0,0,0
"E059","I06",6,1,1,0,0,0
"E059","I07",7,1,1,0,0,0
"E059","I08",8,1,1,0,0,0
"E059","I09",9,1,1,0,0,0
"E059","I10",10,1,1,0,0,0
"E059","I11",11,0,0,0,0,0
"E059","I12",12,1,1,0,0,0
"E059","I13",13,1,1,0,0,0
"E059","I14",14,1,1,0,0,0
"E059","I15",15,1,1,0,0,0
"E059","I16",16,1,1,0,0,0
"E059","I17",17,0,0,0,0,0
"E059","I18",18,1,1,0,0,0
"E059","I19",19,1,1,0,0,0
"E059","I20",20,1,1,0,0,0
"E059","I21",21,1,1,0,0,0
"E059","I22",22,0,0,0,0,0
"E059","I23",23,1,1,0,0,0
"E059","I24",24,1,1,0,0,0
"E059","I25",25,1,1,0,0,0
"E059","I26",26,1,1,0,0,0
"E059","I27",27,1,1,0,0,0
"E059","I28",28,1,1,0,0,0
"E059","I29",29,1,1,0,0,0
"E059","I30",30,1,1,0,0,0
"E059","I31",31,0,0,0,0,0
"E059","I32",32,1,1,0,0,0
"E059","I33",33,1,1,0,0,0
"E059","I34",34,0,0,0,0,0
"E059","I35",35,1,1,0,0,0
"E059","I36",36,1,1,0,0,0
"E059","I37",37,1,1,0,0,0
"E059","I38",38,1,1,0,0,0
"E059","I39",39,0,0,0,0,0
"E059","I40",40,1,1,0,0,0
"E060","I01",1,1,1,0,0,0
"E060","I02",2,1,0,1,0,1
"E060","I03",3,1,1,0,0,0
"E060","I04",4,0,1,1,1,0
"E060","I05",5,0,0,0,0,0
"E060","I06",6,0,0,0,0,0
"E060","I07",7,0,0,0,0,0
"E060","I08",8,1,1,0,0,0
"E060","I09",9,0,0,0,0,0
"E060","I10",10,0,0,0,0,0
"E060","I11",11,0,0,0,0,0
"E060","I12",12,1,1,0,0,0
"E060","I13",13,1,1,0,0,0
"E060","I14",14,0,0,0,0,0
"E060","I15",15,0,0,0,0,0
"E060","I16",16,1,1,0,0,0
"E060","I17",17,0,0,0,0,0
"E060","I18",18,0,0,0,0,0
"E060","I19",19,1,1,0,0,0
"E060","I20",20,1,1,0,0,0
"E060","I21",21,0,0,0,0,0
"E060","I22",22,0,0,0,0,0
"E060","I23",23,1,1,0,0,0
"E060","I24",24,0,0,0,0,0
"E060","I25",25,0,0,0,0,0
"E060","I26",26,0,0,0,0,0
"E060","I27",27,0,0,0,0,0
"E060","I28",28,0,0,0,0,0
"E060","I29",29,0,0,0,0,0
"E060","I30",30,0,0,0,0,0
"E060","I31",31,0,0,0,0,0
"E060","I32",32,0,0,0,0,0
"E060","I33",33,0,0,0,0,0
"E060","I34",34,0,0,0,0,0
"E060","I35",35,0,0,0,0,0
"E060","I36",36,0,0,0,0,0
"E060","I37",37,1,1,0,0,0
"E060","I38",38,0,0,0,0,0
"E060","I39",39,0,0,0,0,0
"E060","I40",40,0,0,0,0,0
"E061","I01",1,1,1,0,0,0
"E061","I02",2,1,1,0,0,0
"E061","I03",3,1,1,0,0,0
"E061","I04",4,1,1,0,0,0
"E061","I05",5,1,1,0,0,0
"E061","I06",6,0,0,0,0,0
"E061","I07",7,1,1,0,0,0
"E061","I08",8,1,1,0,0,0
"E061","I09",9,0,0,0,0,0
"E061","I10",10,1,1,0,0,0
"E061","I11",11,0,0,0,0,0
"E061","I12",12,1,1,0,0,0
"E061","I13",13,0,0,0,0,0
"E061","I14",14,0,0,0,0,0
"E061","I15",15,1,1,0,0,0
"E061","I16",16,0,1,1,1,0
"E061","I17",17,0,0,0,0,0
"E061","I18",18,0,0,0,0,0
"E061","I19",19,1,1,0,0,0
"E061","I20",20,0,0,0,0,0
"E061","I21",21,0,0,0,0,0
"E061","I22",22,1,1,0,0,0
"E061","I23",23,0,0,0,0,0
"E061","I24",24,1,1,0,0,0
"E061","I25",25,0,0,0,0,0
"E061","I26",26,1,1,0,0,0
"E061","I27",27,0,0,0,0,0
"E061","I28",28,0,1,1,1,0
"E061","I29",29,1,1,0,0,0
"E061","I30",30,1,0,1,0,1
"E061","I31",31,1,1,0,0,0
"E061","I32",32,0,0,0,0,0
"E061","I33",33,0,0,0,0,0
"E061","I34",34,0,0,0,0,0
"E061","I35",35,1,1,0,0,0
"E061","I36",36,0,0,0,0,0
"E061","I37",37,1,1,0,0,0
"E061","I38",38,0,0,0,0,0
"E061","I39",39,0,0,0,0,0
"E061","I40",40,0,0,0,0,0
"E062","I01",1,1,1,0,0,0
"E062","I02",2,1,1,0,0,0
"E062","I03",3,0,1,1,1,0
"E062","I04",4,1,1,0,0,0
"E062","I05",5,0,0,0,0,0
"E062","I06",6,1,1,0,0,0
"E062","I07",7,1,1,0,0,0
"E062","I08",8,0,0,0,0,0
"E062","I09",9,0,1,1,1,0
"E062","I10",10,0,0,0,0,0
"E062","I11",11,1,1,0,0,0
"E062","I12",12,0,1,1,1,0
"E062","I13",13,0,1,1,1,0
"E062","I14",14,1,1,0,0,0
"E062","I15",15,0,0,0,0,0
"E062","I16",16,1,1,0,0,0
"E062","I17",17,0,1,1,1,0
"E062","I18",18,0,0,0,0,0
"E062","I19",19,0,0,0,0,0
"E062","I20",20,1,1,0,0,0
"E062","I21",21,0,0,0,0,0
"E062","I22",22,1,1,0,0,0
"E062","I23",23,0,1,1,1,0
"E062","I24",24,1,1,0,0,0
"E062","I25",25,1,1,0,0,0
"E062","I26",26,1,1,0,0,0
"E062","I27",27,1,1,0,0,0
"E062","I28",28,1,1,0,0,0
"E062","I29",29,1,1,0,0,0
"E062","I30",30,0,0,0,0,0
"E062","I31",31,0,1,1,1,0
"E062","I32",32,1,1,0,0,0
"E062","I33",33,0,0,0,0,0
"E062","I34",34,0,0,0,0,0
"E062","I35",35,0,1,1,1,0
"E062","I36",36,0,1,1,1,0
"E062","I37",37,1,1,0,0,0
"E062","I38",38,1,1,0,0,0
"E062","I39",39,1,1,0,0,0
"E062","I40",40,0,0,0,0,0
"E063","I01",1,1,1,0,0,0
"E063","I02",2,0,0,0,0,0
"E063","I03",3,1,1,0,0,0
"E063","I04",4,1,1,0,0,0
"E063","I05",5,1,1,0,0,0
"E063","I06",6,1,1,0,0,0
"E063","I07",7,1,1,0,0,0
"E063","I08",8,1,0,1,0,1
"E063","I09",9,1,1,0,0,0
"E063","I10",10,1,1,0,0,0
"E063","I11",11,1,1,0,0,0
"E063","I12",12,0,0,0,0,0
"E063","I13",13,0,0,0,0,0
"E063","I14",14,1,1,0,0,0
"E063","I15",15,0,0,0,0,0
"E063","I16",16,0,0,0,0,0
"E063","I17",17,0,0,0,0,0
"E063","I18",18,0,0,0,0,0
"E063","I19",19,1,1,0,0,0
"E063","I20",20,0,0,0,0,0
"E063","I21",21,0,0,0,0,0
"E063","I22",22,1,1,0,0,0
"E063","I23",23,0,0,0,0,0
"E063","I24",24,1,1,0,0,0
"E063","I25",25,0,0,0,0,0
"E063","I26",26,1,1,0,0,0
"E063","I27",27,1,1,0,0,0
"E063","I28",28,0,0,0,0,0
"E063","I29",29,0,0,0,0,0
"E063","I30",30,1,1,0,0,0
"E063","I31",31,0,1,1,1,0
"E063","I32",32,1,1,0,0,0
"E063","I33",33,0,0,0,0,0
"E063","I34",34,0,0,0,0,0
"E063","I35",35,1,1,0,0,0
"E063","I36",36,1,1,0,0,0
"E063","I37",37,0,0,0,0,0
"E063","I38",38,1,1,0,0,0
"E063","I39",39,0,0,0,0,0
"E063","I40",40,0,0,0,0,0
"E064","I01",1,1,1,0,0,0
"E064","I02",2,0,0,0,0,0
"E064","I03",3,0,0,0,0,0
"E064","I04",4,1,1,0,0,0
"E064","I05",5,1,1,0,0,0
"E064","I06",6,1,1,0,0,0
"E064","I07",7,0,0,0,0,0
"E064","I08",8,0,0,0,0,0
"E064","I09",9,0,0,0,0,0
"E064","I10",10,0,0,0,0,0
"E064","I11",11,0,0,0,0,0
"E064","I12",12,1,1,0,0,0
"E064","I13",13,0,0,0,0,0
"E064","I14",14,1,1,0,0,0
"E064","I15",15,0,0,0,0,0
"E064","I16",16,1,1,0,0,0
"E064","I17",17,1,1,0,0,0
"E064","I18",18,0,0,0,0,0
"E064","I19",19,0,0,0,0,0
"E064","I20",20,0,0,0,0,0
"E064","I21",21,0,0,0,0,0
"E064","I22",22,0,0,0,0,0
"E064","I23",23,0,0,0,0,0
"E064","I24",24,0,0,0,0,0
"E064","I25",25,0,0,0,0,0
"E064","I26",26,1,1,0,0,0
"E064","I27",27,0,0,0,0,0
"E064","I28",28,0,0,0,0,0
"E064","I29",29,0,0,0,0,0
"E064","I30",30,0,0,0,0,0
"E064","I31",31,0,0,0,0,0
"E064","I32",32,1,1,0,0,0
"E064","I33",33,0,0,0,0,0
"E064","I34",34,0,0,0,0,0
"E064","I35",35,1,1,0,0,0
"E064","I36",36,1,1,0,0,0
"E064","I37",37,1,1,0,0,0
"E064","I38",38,1,1,0,0,0
"E064","I39",39,0,0,0,0,0
"E064","I40",40,0,0,0,0,0
"E065","I01",1,1,1,0,0,0
"E065","I02",2,1,1,0,0,0
"E065","I03",3,0,0,0,0,0
"E065","I04",4,1,1,0,0,0
"E065","I05",5,0,0,0,0,0
"E065","I06",6,0,0,0,0,0
"E065","I07",7,0,0,0,0,0
"E065","I08",8,1,1,0,0,0
"E065","I09",9,1,1,0,0,0
"E065","I10",10,0,0,0,0,0
"E065","I11",11,0,0,0,0,0
"E065","I12",12,0,0,0,0,0
"E065","I13",13,1,1,0,0,0
"E065","I14",14,0,0,0,0,0
"E065","I15",15,1,1,0,0,0
"E065","I16",16,0,0,0,0,0
"E065","I17",17,0,0,0,0,0
"E065","I18",18,1,1,0,0,0
"E065","I19",19,1,1,0,0,0
"E065","I20",20,0,0,0,0,0
"E065","I21",21,0,0,0,0,0
"E065","I22",22,0,0,0,0,0
"E065","I23",23,1,1,0,0,0
"E065","I24",24,0,0,0,0,0
"E065","I25",25,0,1,1,1,0
"E065","I26",26,1,1,0,0,0
"E065","I27",27,1,1,0,0,0
"E065","I28",28,0,0,0,0,0
"E065","I29",29,0,0,0,0,0
"E065","I30",30,0,0,0,0,0
"E065","I31",31,0,0,0,0,0
"E065","I32",32,1,1,0,0,0
"E065","I33",33,0,0,0,0,0
"E065","I34",34,0,0,0,0,0
"E065","I35",35,0,0,0,0,0
"E065","I36",36,1,1,0,0,0
"E065","I37",37,0,0,0,0,0
"E065","I38",38,1,1,0,0,0
"E065","I39",39,1,0,1,0,1
"E065","I40",40,0,0,0,0,0
"E066","I01",1,1,1,0,0,0
"E066","I02",2,0,0,0,0,0
"E066","I03",3,1,1,0,0,0
"E066","I04",4,1,1,0,0,0
"E066","I05",5,0,0,0,0,0
"E066","I06",6,1,1,0,0,0
"E066","I07",7,0,0,0,0,0
"E066","I08",8,0,0,0,0,0
"E066","I09",9,0,0,0,0,0
"E066","I10",10,0,0,0,0,0
"E066","I11",11,1,1,0,0,0
"E066","I12",12,0,0,0,0,0
"E066","I13",13,1,1,0,0,0
"E066","I14",14,0,0,0,0,0
"E066","I15",15,0,0,0,0,0
"E066","I16",16,1,1,0,0,0
"E066","I17",17,0,0,0,0,0
"E066","I18",18,0,0,0,0,0
"E066","I19",19,0,0,0,0,0
"E066","I20",20,1,1,0,0,0
"E066","I21",21,0,0,0,0,0
"E066","I22",22,1,1,0,0,0
"E066","I23",23,0,0,0,0,0
"E066","I24",24,0,0,0,0,0
"E066","I25",25,0,0,0,0,0
"E066","I26",26,1,1,0,0,0
"E066","I27",27,0,0,0,0,0
"E066","I28",28,1,1,0,0,0
"E066","I29",29,0,0,0,0,0
"E066","I30",30,0,0,0,0,0
"E066","I31",31,1,1,0,0,0
"E066","I32",32,1,1,0,0,0
"E066","I33",33,0,0,0,0,0
"E066","I34",34,0,0,0,0,0
"E066","I35",35,0,0,0,0,0
"E066","I36",36,0,0,0,0,0
"E066","I37",37,0,0,0,0,0
"E066","I38",38,0,0,0,0,0
"E066","I39",39,1,1,0,0,0
"E066","I40",40,0,0,0,0,0
"E067","I01",1,0,0,0,0,0
"E067","I02",2,0,0,0,0,0
"E067","I03",3,0,0,0,0,0
"E067","I04",4,0,0,0,0,0
"E067","I05",5,0,0,0,0,0
"E067","I06",6,1,1,0,0,0
"E067","I07",7,0,0,0,0,0
"E067","I08",8,0,0,0,0,0
"E067","I09",9,0,0,0,0,0
"E067","I10",10,0,0,0,0,0
"E067","I11",11,0,0,0,0,0
"E067","I12",12,1,1,0,0,0
"E067","I13",13,0,0,0,0,0
"E067","I14",14,0,0,0,0,0
"E067","I15",15,0,0,0,0,0
"E067","I16",16,0,0,0,0,0
"E067","I17",17,0,0,0,0,0
"E067","I18",18,0,0,0,0,0
"E067","I19",19,0,0,0,0,0
"E067","I20",20,1,1,0,0,0
"E067","I21",21,0,0,0,0,0
"E067","I22",22,0,0,0,0,0
"E067","I23",23,0,0,0,0,0
"E067","I24",24,0,0,0,0,0
"E067","I25",25,0,0,0,0,0
"E067","I26",26,0,0,0,0,0
"E067","I27",27,0,0,0,0,0
"E067","I28",28,1,1,0,0,0
"E067","I29",29,0,0,0,0,0
"E067","I30",30,0,0,0,0,0
"E067","I31",31,0,0,0,0,0
"E067","I32",32,1,1,0,0,0
"E067","I33",33,0,0,0,0,0
"E067","I34",34,0,0,0,0,0
"E067","I35",35,0,0,0,0,0
"E067","I36",36,1,1,0,0,0
"E067","I37",37,0,0,0,0,0
"E067","I38",38,0,0,0,0,0
"E067","I39",39,0,0,0,0,0
"E067","I40",40,0,0,0,0,0
"E068","I01",1,1,1,0,0,0
"E068","I02",2,0,0,0,0,0
"E068","I03",3,1,1,0,0,0
"E068","I04",4,1,1,0,0,0
"E068","I05",5,1,1,0,0,0
"E068","I06",6,1,1,0,0,0
"E068","I07",7,1,1,0,0,0
"E068","I08",8,1,1,0,0,0
"E068","I09",9,1,1,0,0,0
"E068","I10",10,0,0,0,0,0
"E068","I11",11,0,0,0,0,0
"E068","I12",12,1,1,0,0,0
"E068","I13",13,0,1,1,1,0
"E068","I14",14,1,1,0,0,0
"E068","I15",15,1,1,0,0,0
"E068","I16",16,0,0,0,0,0
"E068","I17",17,0,0,0,0,0
"E068","I18",18,1,1,0,0,0
"E068","I19",19,1,1,0,0,0
"E068","I20",20,1,1,0,0,0
"E068","I21",21,0,0,0,0,0
"E068","I22",22,1,1,0,0,0
"E068","I23",23,1,1,0,0,0
"E068","I24",24,1,1,0,0,0
"E068","I25",25,1,1,0,0,0
"E068","I26",26,1,1,0,0,0
"E068","I27",27,1,1,0,0,0
"E068","I28",28,1,1,0,0,0
"E068","I29",29,0,0,0,0,0
"E068","I30",30,1,1,0,0,0
"E068","I31",31,1,1,0,0,0
"E068","I32",32,1,1,0,0,0
"E068","I33",33,0,0,0,0,0
"E068","I34",34,1,1,0,0,0
"E068","I35",35,1,1,0,0,0
"E068","I36",36,1,1,0,0,0
"E068","I37",37,0,0,0,0,0
"E068","I38",38,1,1,0,0,0
"E068","I39",39,0,0,0,0,0
"E068","I40",40,0,0,0,0,0
"E069","I01",1,1,1,0,0,0
"E069","I02",2,1,1,0,0,0
"E069","I03",3,0,0,0,0,0
"E069","I04",4,1,1,0,0,0
"E069","I05",5,1,1,0,0,0
"E069","I06",6,0,0,0,0,0
"E069","I07",7,0,0,0,0,0
"E069","I08",8,0,0,0,0,0
"E069","I09",9,1,1,0,0,0
"E069","I10",10,1,1,0,0,0
"E069","I11",11,0,0,0,0,0
"E069","I12",12,1,1,0,0,0
"E069","I13",13,0,0,0,0,0
"E069","I14",14,1,1,0,0,0
"E069","I15",15,0,0,0,0,0
"E069","I16",16,1,1,0,0,0
"E069","I17",17,0,0,0,0,0
"E069","I18",18,0,0,0,0,0
"E069","I19",19,1,1,0,0,0
"E069","I20",20,0,0,0,0,0
"E069","I21",21,1,1,0,0,0
"E069","I22",22,0,0,0,0,0
"E069","I23",23,0,0,0,0,0
"E069","I24",24,1,1,0,0,0
"E069","I25",25,0,0,0,0,0
"E069","I26",26,0,0,0,0,0
"E069","I27",27,1,1,0,0,0
"E069","I28",28,0,0,0,0,0
"E069","I29",29,0,0,0,0,0
"E069","I30",30,1,1,0,0,0
"E069","I31",31,0,0,0,0,0
"E069","I32",32,1,1,0,0,0
"E069","I33",33,0,0,0,0,0
"E069","I34",34,0,0,0,0,0
"E069","I35",35,1,1,0,0,0
"E069","I36",36,0,0,0,0,0
"E069","I37",37,1,1,0,0,0
"E069","I38",38,1,1,0,0,0
"E069","I39",39,1,1,0,0,0
"E069","I40",40,0,0,0,0,0
"E070","I01",1,1,1,0,0,0
"E070","I02",2,1,1,0,0,0
"E070","I03",3,0,0,0,0,0
"E070","I04",4,1,1,0,0,0
"E070","I05",5,1,1,0,0,0
"E070","I06",6,0,0,0,0,0
"E070","I07",7,1,1,0,0,0
"E070","I08",8,1,1,0,0,0
"E070","I09",9,1,1,0,0,0
"E070","I10",10,0,0,0,0,0
"E070","I11",11,0,0,0,0,0
"E070","I12",12,1,1,0,0,0
"E070","I13",13,1,1,0,0,0
"E070","I14",14,1,1,0,0,0
"E070","I15",15,0,0,0,0,0
"E070","I16",16,1,1,0,0,0
"E070","I17",17,1,1,0,0,0
"E070","I18",18,1,1,0,0,0
"E070","I19",19,0,0,0,0,0
"E070","I20",20,1,1,0,0,0
"E070","I21",21,1,0,1,0,1
"E070","I22",22,1,1,0,0,0
"E070","I23",23,0,0,0,0,0
"E070","I24",24,1,1,0,0,0
"E070","I25",25,0,0,0,0,0
"E070","I26",26,1,1,0,0,0
"E070","I27",27,1,1,0,0,0
"E070","I28",28,1,1,0,0,0
"E070","I29",29,1,1,0,0,0
"E070","I30",30,0,0,0,0,0
"E070","I31",31,0,0,0,0,0
"E070","I32",32,0,0,0,0,0
"E070","I33",33,1,1,0,0,0
"E070","I34",34,0,0,0,0,0
"E070","I35",35,0,0,0,0,0
"E070","I36",36,0,0,0,0,0
"E070","I37",37,1,1,0,0,0
"E070","I38",38,1,1,0,0,0
"E070","I39",39,0,0,0,0,0
"E070","I40",40,0,0,0,0,0
"E071","I01",1,1,1,0,0,0
"E071","I02",2,1,1,0,0,0
"E071","I03",3,1,1,0,0,0
"E071","I04",4,1,1,0,0,0
"E071","I05",5,1,1,0,0,0
"E071","I06",6,1,1,0,0,0
"E071","I07",7,1,1,0,0,0
"E071","I08",8,0,0,0,0,0
"E071","I09",9,1,1,0,0,0
"E071","I10",10,0,0,0,0,0
"E071","I11",11,0,0,0,0,0
"E071","I12",12,1,1,0,0,0
"E071","I13",13,0,0,0,0,0
"E071","I14",14,1,1,0,0,0
"E071","I15",15,0,0,0,0,0
"E071","I16",16,0,0,0,0,0
"E071","I17",17,1,1,0,0,0
"E071","I18",18,1,1,0,0,0
"E071","I19",19,1,1,0,0,0
"E071","I20",20,1,1,0,0,0
"E071","I21",21,1,1,0,0,0
"E071","I22",22,0,0,0,0,0
"E071","I23",23,1,1,0,0,0
"E071","I24",24,0,0,0,0,0
"E071","I25",25,1,1,0,0,0
"E071","I26",26,1,1,0,0,0
"E071","I27",27,1,1,0,0,0
"E071","I28",28,1,1,0,0,0
"E071","I29",29,0,0,0,0,0
"E071","I30",30,1,1,0,0,0
"E071","I31",31,1,1,0,0,0
"E071","I32",32,1,1,0,0,0
"E071","I33",33,0,0,0,0,0
"E071","I34",34,1,0,1,0,1
"E071","I35",35,0,0,0,0,0
"E071","I36",36,1,1,0,0,0
"E071","I37",37,1,1,0,0,0
"E071","I38",38,0,0,0,0,0
"E071","I39",39,0,0,0,0,0
"E071","I40",40,1,1,0,0,0
"E072","I01",1,1,1,0,0,0
"E072","I02",2,1,1,0,0,0
"E072","I03",3,0,0,0,0,0
"E072","I04",4,1,1,0,0,0
"E072","I05",5,0,0,0,0,0
"E072","I06",6,1,1,0,0,0
"E072","I07",7,0,0,0,0,0
"E072","I08",8,1,1,0,0,0
"E072","I09",9,0,0,0,0,0
"E072","I10",10,1,1,0,0,0
"E072","I11",11,0,0,0,0,0
"E072","I12",12,1,1,0,0,0
"E072","I13",13,1,1,0,0,0
"E072","I14",14,0,0,0,0,0
"E072","I15",15,1,1,0,0,0
"E072","I16",16,0,0,0,0,0
"E072","I17",17,0,0,0,0,0
"E072","I18",18,0,0,0,0,0
"E072","I19",19,1,1,0,0,0
"E072","I20",20,1,1,0,0,0
"E072","I21",21,0,0,0,0,0
"E072","I22",22,0,0,0,0,0
"E072","I23",23,1,1,0,0,0
"E072","I24",24,1,1,0,0,0
"E072","I25",25,0,0,0,0,0
"E072","I26",26,0,0,0,0,0
"E072","I27",27,0,0,0,0,0
"E072","I28",28,0,0,0,0,0
"E072","I29",29,0,0,0,0,0
"E072","I30",30,0,0,0,0,0
"E072","I31",31,1,1,0,0,0
"E072","I32",32,1,1,0,0,0
"E072","I33",33,1,1,0,0,0
"E072","I34",34,0,0,0,0,0
"E072","I35",35,1,1,0,0,0
"E072","I36",36,1,1,0,0,0
"E072","I37",37,1,1,0,0,0
"E072","I38",38,1,1,0,0,0
"E072","I39",39,0,0,0,0,0
"E072","I40",40,1,1,0,0,0
"E073","I01",1,1,1,0,0,0
"E073","I02",2,1,1,0,0,0
"E073","I03",3,0,0,0,0,0
"E073","I04",4,1,1,0,0,0
"E073","I05",5,1,1,0,0,0
"E073","I06",6,1,1,0,0,0
"E073","I07",7,1,1,0,0,0
"E073","I08",8,1,1,0,0,0
"E073","I09",9,1,1,0,0,0
"E073","I10",10,0,0,0,0,0
"E073","I11",11,1,1,0,0,0
"E073","I12",12,1,1,0,0,0
"E073","I13",13,1,1,0,0,0
"E073","I14",14,0,0,0,0,0
"E073","I15",15,0,0,0,0,0
"E073","I16",16,0,0,0,0,0
"E073","I17",17,1,1,0,0,0
"E073","I18",18,1,1,0,0,0
"E073","I19",19,1,1,0,0,0
"E073","I20",20,0,0,0,0,0
"E073","I21",21,1,1,0,0,0
"E073","I22",22,1,1,0,0,0
"E073","I23",23,1,1,0,0,0
"E073","I24",24,1,1,0,0,0
"E073","I25",25,1,1,0,0,0
"E073","I26",26,0,0,0,0,0
"E073","I27",27,1,1,0,0,0
"E073","I28",28,1,1,0,0,0
"E073","I29",29,1,1,0,0,0
"E073","I30",30,0,0,0,0,0
"E073","I31",31,1,1,0,0,0
"E073","I32",32,1,1,0,0,0
"E073","I33",33,0,0,0,0,0
"E073","I34",34,0,0,0,0,0
"E073","I35",35,0,0,0,0,0
"E073","I36",36,1,1,0,0,0
"E073","I37",37,1,1,0,0,0
"E073","I38",38,1,1,0,0,0
"E073","I39",39,0,0,0,0,0
"E073","I40",40,0,0,0,0,0
"E074","I01",1,1,1,0,0,0
"E074","I02",2,0,0,0,0,0
"E074","I03",3,0,0,0,0,0
"E074","I04",4,0,0,0,0,0
"E074","I05",5,0,0,0,0,0
"E074","I06",6,0,0,0,0,0
"E074","I07",7,0,0,0,0,0
"E074","I08",8,0,0,0,0,0
"E074","I09",9,1,1,0,0,0
"E074","I10",10,0,0,0,0,0
"E074","I11",11,0,0,0,0,0
"E074","I12",12,0,0,0,0,0
"E074","I13",13,0,0,0,0,0
"E074","I14",14,1,1,0,0,0
"E074","I15",15,0,0,0,0,0
"E074","I16",16,1,1,0,0,0
"E074","I17",17,0,0,0,0,0
"E074","I18",18,0,0,0,0,0
"E074","I19",19,1,1,0,0,0
"E074","I20",20,1,1,0,0,0
"E074","I21",21,0,0,0,0,0
"E074","I22",22,0,0,0,0,0
"E074","I23",23,1,1,0,0,0
"E074","I24",24,0,0,0,0,0
"E074","I25",25,0,0,0,0,0
"E074","I26",26,0,0,0,0,0
"E074","I27",27,0,0,0,0,0
"E074","I28",28,1,1,0,0,0
"E074","I29",29,0,0,0,0,0
"E074","I30",30,0,0,0,0,0
"E074","I31",31,0,0,0,0,0
"E074","I32",32,0,0,0,0,0
"E074","I33",33,0,0,0,0,0
"E074","I34",34,0,0,0,0,0
"E074","I35",35,0,0,0,0,0
"E074","I36",36,1,1,0,0,0
"E074","I37",37,0,0,0,0,0
"E074","I38",38,0,0,0,0,0
"E074","I39",39,1,1,0,0,0
"E074","I40",40,0,0,0,0,0
"E075","I01",1,1,1,0,0,0
"E075","I02",2,1,1,0,0,0
"E075","I03",3,0,0,0,0,0
"E075","I04",4,1,1,0,0,0
"E075","I05",5,1,1,0,0,0
"E075","I06",6,1,1,0,0,0
"E075","I07",7,1,1,0,0,0
"E075","I08",8,1,1,0,0,0
"E075","I09",9,1,1,0,0,0
"E075","I10",10,0,0,0,0,0
"E075","I11",11,0,0,0,0,0
"E075","I12",12,1,1,0,0,0
"E075","I13",13,0,0,0,0,0
"E075","I14",14,0,1,1,1,0
"E075","I15",15,0,0,0,0,0
"E075","I16",16,0,0,0,0,0
"E075","I17",17,1,1,0,0,0
"E075","I18",18,1,1,0,0,0
"E075","I19",19,1,1,0,0,0
"E075","I20",20,1,1,0,0,0
"E075","I21",21,0,0,0,0,0
"E075","I22",22,1,1,0,0,0
"E075","I23",23,1,1,0,0,0
"E075","I24",24,1,1,0,0,0
"E075","I25",25,1,1,0,0,0
"E075","I26",26,1,1,0,0,0
"E075","I27",27,1,1,0,0,0
"E075","I28",28,1,0,1,0,1
"E075","I29",29,0,0,0,0,0
"E075","I30",30,1,1,0,0,0
"E075","I31",31,1,1,0,0,0
"E075","I32",32,0,1,1,1,0
"E075","I33",33,0,0,0,0,0
"E075","I34",34,1,1,0,0,0
"E075","I35",35,1,1,0,0,0
"E075","I36",36,1,1,0,0,0
"E075","I37",37,1,1,0,0,0
"E075","I38",38,1,1,0,0,0
"E075","I39",39,1,1,0,0,0
"E075","I40",40,0,0,0,0,0
"E076","I01",1,0,0,0,0,0
"E076","I02",2,0,0,0,0,0
"E076","I03",3,0,0,0,0,0
"E076","I04",4,0,0,0,0,0
"E076","I05",5,1,1,0,0,0
"E076","I06",6,0,0,0,0,0
"E076","I07",7,1,1,0,0,0
"E076","I08",8,0,0,0,0,0
"E076","I09",9,1,1,0,0,0
"E076","I10",10,1,1,0,0,0
"E076","I11",11,0,0,0,0,0
"E076","I12",12,0,0,0,0,0
"E076","I13",13,1,1,0,0,0
"E076","I14",14,1,1,0,0,0
"E076","I15",15,1,1,0,0,0
"E076","I16",16,1,1,0,0,0
"E076","I17",17,0,0,0,0,0
"E076","I18",18,0,0,0,0,0
"E076","I19",19,1,1,0,0,0
"E076","I20",20,0,0,0,0,0
"E076","I21",21,0,0,0,0,0
"E076","I22",22,0,0,0,0,0
"E076","I23",23,1,1,0,0,0
"E076","I24",24,0,0,0,0,0
"E076","I25",25,0,0,0,0,0
"E076","I26",26,1,1,0,0,0
"E076","I27",27,0,0,0,0,0
"E076","I28",28,0,0,0,0,0
"E076","I29",29,1,1,0,0,0
"E076","I30",30,0,0,0,0,0
"E076","I31",31,1,1,0,0,0
"E076","I32",32,0,0,0,0,0
"E076","I33",33,0,0,0,0,0
"E076","I34",34,0,0,0,0,0
"E076","I35",35,0,0,0,0,0
"E076","I36",36,1,1,0,0,0
"E076","I37",37,1,1,0,0,0
"E076","I38",38,0,0,0,0,0
"E076","I39",39,1,1,0,0,0
"E076","I40",40,0,0,0,0,0
"E077","I01",1,1,1,0,0,0
"E077","I02",2,0,0,0,0,0
"E077","I03",3,0,1,1,1,0
"E077","I04",4,1,1,0,0,0
"E077","I05",5,1,1,0,0,0
"E077","I06",6,1,1,0,0,0
"E077","I07",7,1,1,0,0,0
"E077","I08",8,1,1,0,0,0
"E077","I09",9,1,1,0,0,0
"E077","I10",10,1,1,0,0,0
"E077","I11",11,1,1,0,0,0
"E077","I12",12,1,1,0,0,0
"E077","I13",13,1,1,0,0,0
"E077","I14",14,1,1,0,0,0
"E077","I15",15,1,1,0,0,0
"E077","I16",16,1,1,0,0,0
"E077","I17",17,1,1,0,0,0
"E077","I18",18,1,1,0,0,0
"E077","I19",19,1,1,0,0,0
"E077","I20",20,0,0,0,0,0
"E077","I21",21,1,1,0,0,0
"E077","I22",22,1,1,0,0,0
"E077","I23",23,1,1,0,0,0
"E077","I24",24,1,1,0,0,0
"E077","I25",25,1,1,0,0,0
"E077","I26",26,1,1,0,0,0
"E077","I27",27,0,0,0,0,0
"E077","I28",28,1,1,0,0,0
"E077","I29",29,1,1,0,0,0
"E077","I30",30,1,1,0,0,0
"E077","I31",31,1,1,0,0,0
"E077","I32",32,1,1,0,0,0
"E077","I33",33,1,1,0,0,0
"E077","I34",34,1,1,0,0,0
"E077","I35",35,1,1,0,0,0
"E077","I36",36,1,1,0,0,0
"E077","I37",37,1,1,0,0,0
"E077","I38",38,1,1,0,0,0
"E077","I39",39,1,1,0,0,0
"E077","I40",40,0,0,0,0,0
"E078","I01",1,1,1,0,0,0
"E078","I02",2,1,1,0,0,0
"E078","I03",3,1,0,1,0,1
"E078","I04",4,1,1,0,0,0
"E078","I05",5,0,0,0,0,0
"E078","I06",6,0,0,0,0,0
"E078","I07",7,1,1,0,0,0
"E078","I08",8,0,0,0,0,0
"E078","I09",9,0,0,0,0,0
"E078","I10",10,1,1,0,0,0
"E078","I11",11,0,0,0,0,0
"E078","I12",12,1,1,0,0,0
"E078","I13",13,1,1,0,0,0
"E078","I14",14,1,1,0,0,0
"E078","I15",15,1,1,0,0,0
"E078","I16",16,1,1,0,0,0
"E078","I17",17,1,1,0,0,0
"E078","I18",18,1,1,0,0,0
"E078","I19",19,1,1,0,0,0
"E078","I20",20,1,1,0,0,0
"E078","I21",21,0,0,0,0,0
"E078","I22",22,0,0,0,0,0
"E078","I23",23,1,1,0,0,0
"E078","I24",24,1,1,0,0,0
"E078","I25",25,0,0,0,0,0
"E078","I26",26,1,1,0,0,0
"E078","I27",27,1,1,0,0,0
"E078","I28",28,0,0,0,0,0
"E078","I29",29,1,1,0,0,0
"E078","I30",30,1,1,0,0,0
"E078","I31",31,1,0,1,0,1
"E078","I32",32,1,1,0,0,0
"E078","I33",33,0,0,0,0,0
"E078","I34",34,0,0,0,0,0
"E078","I35",35,1,1,0,0,0
"E078","I36",36,1,1,0,0,0
"E078","I37",37,1,1,0,0,0
"E078","I38",38,1,1,0,0,0
"E078","I39",39,0,0,0,0,0
"E078","I40",40,1,1,0,0,0
"E079","I01",1,0,0,0,0,0
"E079","I02",2,0,0,0,0,0
"E079","I03",3,1,1,0,0,0
"E079","I04",4,1,1,0,0,0
"E079","I05",5,0,0,0,0,0
"E079","I06",6,0,0,0,0,0
"E079","I07",7,0,0,0,0,0
"E079","I08",8,0,0,0,0,0
"E079","I09",9,0,0,0,0,0
"E079","I10",10,1,1,0,0,0
"E079","I11",11,0,0,0,0,0
"E079","I12",12,0,0,0,0,0
"E079","I13",13,1,1,0,0,0
"E079","I14",14,0,0,0,0,0
"E079","I15",15,0,0,0,0,0
"E079","I16",16,1,1,0,0,0
"E079","I17",17,0,0,0,0,0
"E079","I18",18,1,1,0,0,0
"E079","I19",19,1,1,0,0,0
"E079","I20",20,0,0,0,0,0
"E079","I21",21,0,0,0,0,0
"E079","I22",22,1,1,0,0,0
"E079","I23",23,0,0,0,0,0
"E079","I24",24,0,0,0,0,0
"E079","I25",25,0,0,0,0,0
"E079","I26",26,0,0,0,0,0
"E079","I27",27,0,0,0,0,0
"E079","I28",28,0,0,0,0,0
"E079","I29",29,0,0,0,0,0
"E079","I30",30,1,1,0,0,0
"E079","I31",31,0,0,0,0,0
"E079","I32",32,1,1,0,0,0
"E079","I33",33,0,0,0,0,0
"E079","I34",34,0,0,0,0,0
"E079","I35",35,1,1,0,0,0
"E079","I36",36,1,0,1,0,1
"E079","I37",37,0,0,0,0,0
"E079","I38",38,0,0,0,0,0
"E079","I39",39,0,0,0,0,0
"E079","I40",40,0,0,0,0,0
"E080","I01",1,1,1,0,0,0
"E080","I02",2,0,1,1,1,0
"E080","I03",3,1,1,0,0,0
"E080","I04",4,0,0,0,0,0
"E080","I05",5,1,1,0,0,0
"E080","I06",6,1,1,0,0,0
"E080","I07",7,1,1,0,0,0
"E080","I08",8,1,1,0,0,0
"E080","I09",9,1,1,0,0,0
"E080","I10",10,1,1,0,0,0
"E080","I11",11,1,1,0,0,0
"E080","I12",12,1,1,0,0,0
"E080","I13",13,0,0,0,0,0
"E080","I14",14,0,0,0,0,0
"E080","I15",15,0,0,0,0,0
"E080","I16",16,1,1,0,0,0
"E080","I17",17,0,0,0,0,0
"E080","I18",18,1,1,0,0,0
"E080","I19",19,1,1,0,0,0
"E080","I20",20,1,1,0,0,0
"E080","I21",21,0,0,0,0,0
"E080","I22",22,1,1,0,0,0
"E080","I23",23,1,1,0,0,0
"E080","I24",24,0,0,0,0,0
"E080","I25",25,1,1,0,0,0
"E080","I26",26,1,1,0,0,0
"E080","I27",27,1,1,0,0,0
"E080","I28",28,1,1,0,0,0
"E080","I29",29,1,1,0,0,0
"E080","I30",30,1,1,0,0,0
"E080","I31",31,0,0,0,0,0
"E080","I32",32,1,1,0,0,0
"E080","I33",33,0,0,0,0,0
"E080","I34",34,1,1,0,0,0
"E080","I35",35,1,1,0,0,0
"E080","I36",36,0,0,0,0,0
"E080","I37",37,1,1,0,0,0
"E080","I38",38,1,1,0,0,0
"E080","I39",39,0,0,0,0,0
"E080","I40",40,0,0,0,0,0
"E081","I01",1,1,1,0,0,0
"E081","I02",2,0,0,0,0,0
"E081","I03",3,0,0,0,0,0
"E081","I04",4,1,1,0,0,0
"E081","I05",5,0,0,0,0,0
"E081","I06",6,0,0,0,0,0
"E081","I07",7,0,0,0,0,0
"E081","I08",8,0,0,0,0,0
"E081","I09",9,0,0,0,0,0
"E081","I10",10,0,0,0,0,0
"E081","I11",11,0,0,0,0,0
"E081","I12",12,1,1,0,0,0
"E081","I13",13,0,0,0,0,0
"E081","I14",14,0,0,0,0,0
"E081","I15",15,1,1,0,0,0
"E081","I16",16,1,1,0,0,0
"E081","I17",17,0,0,0,0,0
"E081","I18",18,0,0,0,0,0
"E081","I19",19,1,1,0,0,0
"E081","I20",20,1,1,0,0,0
"E081","I21",21,0,0,0,0,0
"E081","I22",22,0,0,0,0,0
"E081","I23",23,0,0,0,0,0
"E081","I24",24,0,0,0,0,0
"E081","I25",25,1,1,0,0,0
"E081","I26",26,1,1,0,0,0
"E081","I27",27,0,0,0,0,0
"E081","I28",28,1,1,0,0,0
"E081","I29",29,1,1,0,0,0
"E081","I30",30,0,0,0,0,0
"E081","I31",31,0,0,0,0,0
"E081","I32",32,0,0,0,0,0
"E081","I33",33,0,0,0,0,0
"E081","I34",34,0,0,0,0,0
"E081","I35",35,0,0,0,0,0
"E081","I36",36,1,1,0,0,0
"E081","I37",37,0,0,0,0,0
"E081","I38",38,0,0,0,0,0
"E081","I39",39,0,0,0,0,0
"E081","I40",40,0,0,0,0,0
"E082","I01",1,1,1,0,0,0
"E082","I02",2,1,1,0,0,0
"E082","I03",3,1,1,0,0,0
"E082","I04",4,1,1,0,0,0
"E082","I05",5,1,1,0,0,0
"E082","I06",6,1,0,1,0,1
"E082","I07",7,1,1,0,0,0
"E082","I08",8,1,1,0,0,0
"E082","I09",9,1,1,0,0,0
"E082","I10",10,1,1,0,0,0
"E082","I11",11,0,0,0,0,0
"E082","I12",12,1,1,0,0,0
"E082","I13",13,1,1,0,0,0
"E082","I14",14,0,0,0,0,0
"E082","I15",15,1,1,0,0,0
"E082","I16",16,1,1,0,0,0
"E082","I17",17,1,1,0,0,0
"E082","I18",18,0,0,0,0,0
"E082","I19",19,1,1,0,0,0
"E082","I20",20,0,1,1,1,0
"E082","I21",21,1,1,0,0,0
"E082","I22",22,0,0,0,0,0
"E082","I23",23,0,0,0,0,0
"E082","I24",24,1,1,0,0,0
"E082","I25",25,1,1,0,0,0
"E082","I26",26,1,1,0,0,0
"E082","I27",27,0,0,0,0,0
"E082","I28",28,1,1,0,0,0
"E082","I29",29,1,1,0,0,0
"E082","I30",30,0,1,1,1,0
"E082","I31",31,0,0,0,0,0
"E082","I32",32,1,1,0,0,0
"E082","I33",33,0,0,0,0,0
"E082","I34",34,0,0,0,0,0
"E082","I35",35,1,1,0,0,0
"E082","I36",36,0,0,0,0,0
"E082","I37",37,1,1,0,0,0
"E082","I38",38,1,1,0,0,0
"E082","I39",39,1,1,0,0,0
"E082","I40",40,1,1,0,0,0
"E083","I01",1,1,1,0,0,0
"E083","I02",2,0,0,0,0,0
"E083","I03",3,0,0,0,0,0
"E083","I04",4,1,1,0,0,0
"E083","I05",5,0,0,0,0,0
"E083","I06",6,0,0,0,0,0
"E083","I07",7,1,1,0,0,0
"E083","I08",8,0,0,0,0,0
"E083","I09",9,0,0,0,0,0
"E083","I10",10,0,0,0,0,0
"E083","I11",11,0,0,0,0,0
"E083","I12",12,1,1,0,0,0
"E083","I13",13,0,0,0,0,0
"E083","I14",14,0,0,0,0,0
"E083","I15",15,0,0,0,0,0
"E083","I16",16,1,1,0,0,0
"E083","I17",17,0,0,0,0,0
"E083","I18",18,1,1,0,0,0
"E083","I19",19,0,0,0,0,0
"E083","I20",20,1,1,0,0,0
"E083","I21",21,0,0,0,0,0
"E083","I22",22,0,0,0,0,0
"E083","I23",23,0,1,1,1,0
"E083","I24",24,0,0,0,0,0
"E083","I25",25,0,0,0,0,0
"E083","I26",26,0,0,0,0,0
"E083","I27",27,0,0,0,0,0
"E083","I28",28,0,1,1,1,0
"E083","I29",29,0,0,0,0,0
"E083","I30",30,0,0,0,0,0
"E083","I31",31,0,0,0,0,0
"E083","I32",32,1,1,0,0,0
"E083","I33",33,0,0,0,0,0
"E083","I34",34,0,0,0,0,0
"E083","I35",35,0,0,0,0,0
"E083","I36",36,0,0,0,0,0
"E083","I37",37,0,0,0,0,0
"E083","I38",38,1,1,0,0,0
"E083","I39",39,0,0,0,0,0
"E083","I40",40,0,0,0,0,0
"E084","I01",1,0,0,0,0,0
"E084","I02",2,0,0,0,0,0
"E084","I03",3,0,0,0,0,0
"E084","I04",4,1,1,0,0,0
"E084","I05",5,0,0,0,0,0
"E084","I06",6,0,0,0,0,0
"E084","I07",7,1,1,0,0,0
"E084","I08",8,1,1,0,0,0
"E084","I09",9,1,1,0,0,0
"E084","I10",10,0,0,0,0,0
"E084","I11",11,0,0,0,0,0
"E084","I12",12,0,0,0,0,0
"E084","I13",13,0,0,0,0,0
"E084","I14",14,0,0,0,0,0
"E084","I15",15,0,0,0,0,0
"E084","I16",16,0,0,0,0,0
"E084","I17",17,0,0,0,0,0
"E084","I18",18,0,0,0,0,0
"E084","I19",19,0,0,0,0,0
"E084","I20",20,0,0,0,0,0
"E084","I21",21,0,0,0,0,0
"E084","I22",22,0,0,0,0,0
"E084","I23",23,1,1,0,0,0
"E084","I24",24,1,1,0,0,0
"E084","I25",25,0,0,0,0,0
"E084","I26",26,0,0,0,0,0
"E084","I27",27,0,0,0,0,0
"E084","I28",28,1,1,0,0,0
"E084","I29",29,0,0,0,0,0
"E084","I30",30,0,0,0,0,0
"E084","I31",31,0,0,0,0,0
"E084","I32",32,1,1,0,0,0
"E084","I33",33,0,0,0,0,0
"E084","I34",34,0,0,0,0,0
"E084","I35",35,1,1,0,0,0
"E084","I36",36,0,0,0,0,0
"E084","I37",37,0,0,0,0,0
"E084","I38",38,0,0,0,0,0
"E084","I39",39,0,0,0,0,0
"E084","I40",40,1,1,0,0,0
"E085","I01",1,1,1,0,0,0
"E085","I02",2,0,0,0,0,0
"E085","I03",3,0,0,0,0,0
"E085","I04",4,1,1,0,0,0
"E085","I05",5,1,1,0,0,0
"E085","I06",6,1,1,0,0,0
"E085","I07",7,0,0,0,0,0
"E085","I08",8,0,0,0,0,0
"E085","I09",9,1,1,0,0,0
"E085","I10",10,1,1,0,0,0
"E085","I11",11,0,0,0,0,0
"E085","I12",12,0,0,0,0,0
"E085","I13",13,0,0,0,0,0
"E085","I14",14,1,1,0,0,0
"E085","I15",15,0,0,0,0,0
"E085","I16",16,1,1,0,0,0
"E085","I17",17,0,0,0,0,0
"E085","I18",18,1,1,0,0,0
"E085","I19",19,1,1,0,0,0
"E085","I20",20,0,0,0,0,0
"E085","I21",21,0,0,0,0,0
"E085","I22",22,1,1,0,0,0
"E085","I23",23,1,1,0,0,0
"E085","I24",24,1,1,0,0,0
"E085","I25",25,1,0,1,0,1
"E085","I26",26,0,1,1,1,0
"E085","I27",27,0,0,0,0,0
"E085","I28",28,1,1,0,0,0
"E085","I29",29,0,0,0,0,0
"E085","I30",30,0,0,0,0,0
"E085","I31",31,0,0,0,0,0
"E085","I32",32,0,0,0,0,0
"E085","I33",33,1,1,0,0,0
"E085","I34",34,0,0,0,0,0
"E085","I35",35,1,1,0,0,0
"E085","I36",36,1,1,0,0,0
"E085","I37",37,0,0,0,0,0
"E085","I38",38,0,0,0,0,0
"E085","I39",39,1,1,0,0,0
"E085","I40",40,0,0,0,0,0
"E086","I01",1,1,1,0,0,0
"E086","I02",2,1,1,0,0,0
"E086","I03",3,1,1,0,0,0
"E086","I04",4,1,1,0,0,0
"E086","I05",5,1,1,0,0,0
"E086","I06",6,1,1,0,0,0
"E086","I07",7,1,1,0,0,0
"E086","I08",8,1,1,0,0,0
"E086","I09",9,1,1,0,0,0
"E086","I10",10,1,1,0,0,0
"E086","I11",11,1,1,0,0,0
"E086","I12",12,1,1,0,0,0
"E086","I13",13,0,1,1,1,0
"E086","I14",14,1,1,0,0,0
"E086","I15",15,1,1,0,0,0
"E086","I16",16,1,1,0,0,0
"E086","I17",17,1,1,0,0,0
"E086","I18",18,1,1,0,0,0
"E086","I19",19,1,1,0,0,0
"E086","I20",20,0,0,0,0,0
"E086","I21",21,0,0,0,0,0
"E086","I22",22,1,1,0,0,0
"E086","I23",23,1,1,0,0,0
"E086","I24",24,1,1,0,0,0
"E086","I25",25,1,1,0,0,0
"E086","I26",26,1,1,0,0,0
"E086","I27",27,1,1,0,0,0
"E086","I28",28,1,1,0,0,0
"E086","I29",29,1,1,0,0,0
"E086","I30",30,1,1,0,0,0
"E086","I31",31,1,1,0,0,0
"E086","I32",32,1,1,0,0,0
"E086","I33",33,0,0,0,0,0
"E086","I34",34,1,0,1,0,1
"E086","I35",35,1,1,0,0,0
"E086","I36",36,1,1,0,0,0
"E086","I37",37,1,1,0,0,0
"E086","I38",38,1,1,0,0,0
"E086","I39",39,1,1,0,0,0
"E086","I40",40,0,0,0,0,0
"E087","I01",1,1,1,0,0,0
"E087","I02",2,0,0,0,0,0
"E087","I03",3,1,1,0,0,0
"E087","I04",4,1,1,0,0,0
"E087","I05",5,0,0,0,0,0
"E087","I06",6,1,1,0,0,0
"E087","I07",7,1,1,0,0,0
"E087","I08",8,0,0,0,0,0
"E087","I09",9,1,1,0,0,0
"E087","I10",10,0,0,0,0,0
"E087","I11",11,0,0,0,0,0
"E087","I12",12,0,0,0,0,0
"E087","I13",13,0,0,0,0,0
"E087","I14",14,0,0,0,0,0
"E087","I15",15,0,0,0,0,0
"E087","I16",16,0,1,1,1,0
"E087","I17",17,0,0,0,0,0
"E087","I18",18,0,0,0,0,0
"E087","I19",19,1,1,0,0,0
"E087","I20",20,0,1,1,1,0
"E087","I21",21,0,0,0,0,0
"E087","I22",22,0,0,0,0,0
"E087","I23",23,0,0,0,0,0
"E087","I24",24,0,0,0,0,0
"E087","I25",25,1,1,0,0,0
"E087","I26",26,1,1,0,0,0
"E087","I27",27,1,1,0,0,0
"E087","I28",28,1,1,0,0,0
"E087","I29",29,1,1,0,0,0
"E087","I30",30,1,1,0,0,0
"E087","I31",31,1,1,0,0,0
"E087","I32",32,1,1,0,0,0
"E087","I33",33,0,0,0,0,0
"E087","I34",34,1,1,0,0,0
"E087","I35",35,1,1,0,0,0
"E087","I36",36,1,1,0,0,0
"E087","I37",37,1,0,1,0,1
"E087","I38",38,1,1,0,0,0
"E087","I39",39,0,0,0,0,0
"E087","I40",40,0,0,0,0,0
"E088","I01",1,1,1,0,0,0
"E088","I02",2,0,0,0,0,0
"E088","I03",3,1,1,0,0,0
"E088","I04",4,1,1,0,0,0
"E088","I05",5,1,1,0,0,0
"E088","I06",6,1,1,0,0,0
"E088","I07",7,1,1,0,0,0
"E088","I08",8,0,0,0,0,0
"E088","I09",9,0,0,0,0,0
"E088","I10",10,0,0,0,0,0
"E088","I11",11,0,0,0,0,0
"E088","I12",12,0,0,0,0,0
"E088","I13",13,0,1,1,1,0
"E088","I14",14,0,0,0,0,0
"E088","I15",15,0,0,0,0,0
"E088","I16",16,1,1,0,0,0
"E088","I17",17,0,0,0,0,0
"E088","I18",18,0,0,0,0,0
"E088","I19",19,1,1,0,0,0
"E088","I20",20,1,1,0,0,0
"E088","I21",21,0,0,0,0,0
"E088","I22",22,0,0,0,0,0
"E088","I23",23,0,0,0,0,0
"E088","I24",24,1,1,0,0,0
"E088","I25",25,1,1,0,0,0
"E088","I26",26,1,1,0,0,0
"E088","I27",27,0,0,0,0,0
"E088","I28",28,1,1,0,0,0
"E088","I29",29,1,1,0,0,0
"E088","I30",30,1,1,0,0,0
"E088","I31",31,1,1,0,0,0
"E088","I32",32,0,0,0,0,0
"E088","I33",33,0,0,0,0,0
"E088","I34",34,0,0,0,0,0
"E088","I35",35,0,0,0,0,0
"E088","I36",36,1,1,0,0,0
"E088","I37",37,0,0,0,0,0
"E088","I38",38,0,0,0,0,0
"E088","I39",39,0,0,0,0,0
"E088","I40",40,0,0,0,0,0
"E089","I01",1,1,1,0,0,0
"E089","I02",2,0,0,0,0,0
"E089","I03",3,0,0,0,0,0
"E089","I04",4,1,1,0,0,0
"E089","I05",5,1,1,0,0,0
"E089","I06",6,1,1,0,0,0
"E089","I07",7,1,1,0,0,0
"E089","I08",8,1,1,0,0,0
"E089","I09",9,0,0,0,0,0
"E089","I10",10,0,0,0,0,0
"E089","I11",11,1,0,1,0,1
"E089","I12",12,1,1,0,0,0
"E089","I13",13,0,0,0,0,0
"E089","I14",14,0,0,0,0,0
"E089","I15",15,1,1,0,0,0
"E089","I16",16,1,1,0,0,0
"E089","I17",17,0,0,0,0,0
"E089","I18",18,1,1,0,0,0
"E089","I19",19,1,1,0,0,0
"E089","I20",20,1,1,0,0,0
"E089","I21",21,0,0,0,0,0
"E089","I22",22,0,1,1,1,0
"E089","I23",23,1,1,0,0,0
"E089","I24",24,1,1,0,0,0
"E089","I25",25,1,1,0,0,0
"E089","I26",26,0,0,0,0,0
"E089","I27",27,1,1,0,0,0
"E089","I28",28,1,1,0,0,0
"E089","I29",29,1,1,0,0,0
"E089","I30",30,1,1,0,0,0
"E089","I31",31,1,1,0,0,0
"E089","I32",32,1,1,0,0,0
"E089","I33",33,0,0,0,0,0
"E089","I34",34,0,0,0,0,0
"E089","I35",35,1,1,0,0,0
"E089","I36",36,1,1,0,0,0
"E089","I37",37,1,1,0,0,0
"E089","I38",38,1,1,0,0,0
"E089","I39",39,0,0,0,0,0
"E089","I40",40,0,0,0,0,0
"E090","I01",1,1,1,0,0,0
"E090","I02",2,1,1,0,0,0
"E090","I03",3,1,1,0,0,0
"E090","I04",4,1,1,0,0,0
"E090","I05",5,1,1,0,0,0
"E090","I06",6,1,1,0,0,0
"E090","I07",7,1,1,0,0,0
"E090","I08",8,0,1,1,1,0
"E090","I09",9,1,1,0,0,0
"E090","I10",10,1,1,0,0,0
"E090","I11",11,1,1,0,0,0
"E090","I12",12,1,1,0,0,0
"E090","I13",13,1,1,0,0,0
"E090","I14",14,1,1,0,0,0
"E090","I15",15,1,1,0,0,0
"E090","I16",16,1,1,0,0,0
"E090","I17",17,1,1,0,0,0
"E090","I18",18,1,1,0,0,0
"E090","I19",19,0,1,1,1,0
"E090","I20",20,1,1,0,0,0
"E090","I21",21,1,1,0,0,0
"E090","I22",22,1,1,0,0,0
"E090","I23",23,1,1,0,0,0
"E090","I24",24,1,1,0,0,0
"E090","I25",25,1,1,0,0,0
"E090","I26",26,1,1,0,0,0
"E090","I27",27,1,1,0,0,0
"E090","I28",28,1,1,0,0,0
"E090","I29",29,1,1,0,0,0
"E090","I30",30,1,1,0,0,0
"E090","I31",31,1,1,0,0,0
"E090","I32",32,1,1,0,0,0
"E090","I33",33,1,1,0,0,0
"E090","I34",34,0,0,0,0,0
"E090","I35",35,1,1,0,0,0
"E090","I36",36,1,1,0,0,0
"E090","I37",37,1,1,0,0,0
"E090","I38",38,1,1,0,0,0
"E090","I39",39,1,1,0,0,0
"E090","I40",40,1,1,0,0,0
"E091","I01",1,1,1,0,0,0
"E091","I02",2,0,0,0,0,0
"E091","I03",3,0,0,0,0,0
"E091","I04",4,0,0,0,0,0
"E091","I05",5,0,0,0,0,0
"E091","I06",6,0,0,0,0,0
"E091","I07",7,1,1,0,0,0
"E091","I08",8,0,0,0,0,0
"E091","I09",9,0,0,0,0,0
"E091","I10",10,0,0,0,0,0
"E091","I11",11,0,0,0,0,0
"E091","I12",12,1,1,0,0,0
"E091","I13",13,1,1,0,0,0
"E091","I14",14,1,1,0,0,0
"E091","I15",15,0,0,0,0,0
"E091","I16",16,0,0,0,0,0
"E091","I17",17,0,0,0,0,0
"E091","I18",18,0,0,0,0,0
"E091","I19",19,1,1,0,0,0
"E091","I20",20,1,1,0,0,0
"E091","I21",21,0,0,0,0,0
"E091","I22",22,0,0,0,0,0
"E091","I23",23,0,0,0,0,0
"E091","I24",24,0,0,0,0,0
"E091","I25",25,0,0,0,0,0
"E091","I26",26,0,1,1,1,0
"E091","I27",27,0,0,0,0,0
"E091","I28",28,1,1,0,0,0
"E091","I29",29,0,0,0,0,0
"E091","I30",30,0,0,0,0,0
"E091","I31",31,0,0,0,0,0
"E091","I32",32,1,1,0,0,0
"E091","I33",33,0,0,0,0,0
"E091","I34",34,0,0,0,0,0
"E091","I35",35,0,1,1,1,0
"E091","I36",36,0,0,0,0,0
"E091","I37",37,0,1,1,1,0
"E091","I38",38,0,0,0,0,0
"E091","I39",39,0,0,0,0,0
"E091","I40",40,0,0,0,0,0
"E092","I01",1,1,1,0,0,0
"E092","I02",2,0,0,0,0,0
"E092","I03",3,1,1,0,0,0
"E092","I04",4,1,1,0,0,0
"E092","I05",5,1,1,0,0,0
"E092","I06",6,1,1,0,0,0
"E092","I07",7,1,1,0,0,0
"E092","I08",8,0,0,0,0,0
"E092","I09",9,1,1,0,0,0
"E092","I10",10,1,0,1,0,1
"E092","I11",11,1,1,0,0,0
"E092","I12",12,1,1,0,0,0
"E092","I13",13,0,0,0,0,0
"E092","I14",14,1,1,0,0,0
"E092","I15",15,1,1,0,0,0
"E092","I16",16,1,1,0,0,0
"E092","I17",17,1,1,0,0,0
"E092","I18",18,1,1,0,0,0
"E092","I19",19,1,1,0,0,0
"E092","I20",20,1,1,0,0,0
"E092","I21",21,0,0,0,0,0
"E092","I22",22,1,1,0,0,0
"E092","I23",23,1,1,0,0,0
"E092","I24",24,1,1,0,0,0
"E092","I25",25,1,1,0,0,0
"E092","I26",26,1,1,0,0,0
"E092","I27",27,1,1,0,0,0
"E092","I28",28,1,1,0,0,0
"E092","I29",29,1,1,0,0,0
"E092","I30",30,1,1,0,0,0
"E092","I31",31,1,1,0,0,0
"E092","I32",32,1,1,0,0,0
"E092","I33",33,0,0,0,0,0
"E092","I34",34,1,1,0,0,0
"E092","I35",35,0,1,1,1,0
"E092","I36",36,1,1,0,0,0
"E092","I37",37,0,0,0,0,0
"E092","I38",38,1,1,0,0,0
"E092","I39",39,0,0,0,0,0
"E092","I40",40,0,0,0,0,0
"E093","I01",1,1,1,0,0,0
"E093","I02",2,0,0,0,0,0
"E093","I03",3,0,0,0,0,0
"E093","I04",4,1,1,0,0,0
"E093","I05",5,1,1,0,0,0
"E093","I06",6,1,1,0,0,0
"E093","I07",7,1,1,0,0,0
"E093","I08",8,0,0,0,0,0
"E093","I09",9,0,0,0,0,0
"E093","I10",10,0,0,0,0,0
"E093","I11",11,0,0,0,0,0
"E093","I12",12,1,1,0,0,0
"E093","I13",13,0,0,0,0,0
"E093","I14",14,0,0,0,0,0
"E093","I15",15,0,0,0,0,0
"E093","I16",16,0,0,0,0,0
"E093","I17",17,0,0,0,0,0
"E093","I18",18,1,1,0,0,0
"E093","I19",19,0,0,0,0,0
"E093","I20",20,0,0,0,0,0
"E093","I21",21,0,0,0,0,0
"E093","I22",22,0,0,0,0,0
"E093","I23",23,1,1,0,0,0
"E093","I24",24,0,0,0,0,0
"E093","I25",25,0,0,0,0,0
"E093","I26",26,1,1,0,0,0
"E093","I27",27,0,0,0,0,0
"E093","I28",28,1,1,0,0,0
"E093","I29",29,0,0,0,0,0
"E093","I30",30,0,0,0,0,0
"E093","I31",31,0,0,0,0,0
"E093","I32",32,0,0,0,0,0
"E093","I33",33,0,0,0,0,0
"E093","I34",34,0,0,0,0,0
"E093","I35",35,1,1,0,0,0
"E093","I36",36,0,0,0,0,0
"E093","I37",37,0,1,1,1,0
"E093","I38",38,0,0,0,0,0
"E093","I39",39,1,1,0,0,0
"E093","I40",40,0,0,0,0,0
"E094","I01",1,1,1,0,0,0
"E094","I02",2,1,1,0,0,0
"E094","I03",3,1,1,0,0,0
"E094","I04",4,1,1,0,0,0
"E094","I05",5,1,1,0,0,0
"E094","I06",6,1,1,0,0,0
"E094","I07",7,1,1,0,0,0
"E094","I08",8,1,1,0,0,0
"E094","I09",9,1,1,0,0,0
"E094","I10",10,1,1,0,0,0
"E094","I11",11,1,1,0,0,0
"E094","I12",12,1,1,0,0,0
"E094","I13",13,1,1,0,0,0
"E094","I14",14,1,1,0,0,0
"E094","I15",15,1,1,0,0,0
"E094","I16",16,0,1,1,1,0
"E094","I17",17,0,1,1,1,0
"E094","I18",18,1,1,0,0,0
"E094","I19",19,1,1,0,0,0
"E094","I20",20,0,0,0,0,0
"E094","I21",21,1,1,0,0,0
"E094","I22",22,1,1,0,0,0
"E094","I23",23,1,1,0,0,0
"E094","I24",24,1,1,0,0,0
"E094","I25",25,1,1,0,0,0
"E094","I26",26,1,1,0,0,0
"E094","I27",27,1,1,0,0,0
"E094","I28",28,1,1,0,0,0
"E094","I29",29,0,0,0,0,0
"E094","I30",30,1,1,0,0,0
"E094","I31",31,1,1,0,0,0
"E094","I32",32,0,0,0,0,0
"E094","I33",33,1,1,0,0,0
"E094","I34",34,0,0,0,0,0
"E094","I35",35,0,0,0,0,0
"E094","I36",36,1,1,0,0,0
"E094","I37",37,0,1,1,1,0
"E094","I38",38,1,1,0,0,0
"E094","I39",39,1,1,0,0,0
"E094","I40",40,1,1,0,0,0
"E095","I01",1,1,1,0,0,0
"E095","I02",2,0,0,0,0,0
"E095","I03",3,0,0,0,0,0
"E095","I04",4,0,0,0,0,0
"E095","I05",5,0,0,0,0,0
"E095","I06",6,1,1,0,0,0
"E095","I07",7,0,0,0,0,0
"E095","I08",8,0,0,0,0,0
"E095","I09",9,0,0,0,0,0
"E095","I10",10,0,0,0,0,0
"E095","I11",11,0,0,0,0,0
"E095","I12",12,0,0,0,0,0
"E095","I13",13,0,0,0,0,0
"E095","I14",14,0,0,0,0,0
"E095","I15",15,0,0,0,0,0
"E095","I16",16,0,0,0,0,0
"E095","I17",17,0,0,0,0,0
"E095","I18",18,0,0,0,0,0
"E095","I19",19,1,1,0,0,0
"E095","I20",20,1,1,0,0,0
"E095","I21",21,0,0,0,0,0
"E095","I22",22,1,1,0,0,0
"E095","I23",23,1,1,0,0,0
"E095","I24",24,0,0,0,0,0
"E095","I25",25,1,1,0,0,0
"E095","I26",26,0,1,1,1,0
"E095","I27",27,0,0,0,0,0
"E095","I28",28,0,0,0,0,0
"E095","I29",29,0,0,0,0,0
"E095","I30",30,0,0,0,0,0
"E095","I31",31,0,0,0,0,0
"E095","I32",32,0,0,0,0,0
"E095","I33",33,0,0,0,0,0
"E095","I34",34,0,0,0,0,0
"E095","I35",35,0,0,0,0,0
"E095","I36",36,0,0,0,0,0
"E095","I37",37,1,1,0,0,0
"E095","I38",38,0,0,0,0,0
"E095","I39",39,0,0,0,0,0
"E095","I40",40,0,0,0,0,0
"E096","I01",1,1,1,0,0,0
"E096","I02",2,0,0,0,0,0
"E096","I03",3,0,0,0,0,0
"E096","I04",4,1,1,0,0,0
"E096","I05",5,0,0,0,0,0
"E096","I06",6,0,0,0,0,0
"E096","I07",7,1,1,0,0,0
"E096","I08",8,0,0,0,0,0
"E096","I09",9,0,0,0,0,0
"E096","I10",10,1,1,0,0,0
"E096","I11",11,0,0,0,0,0
"E096","I12",12,1,1,0,0,0
"E096","I13",13,0,0,0,0,0
"E096","I14",14,1,1,0,0,0
"E096","I15",15,1,1,0,0,0
"E096","I16",16,1,1,0,0,0
"E096","I17",17,0,0,0,0,0
"E096","I18",18,0,0,0,0,0
"E096","I19",19,0,0,0,0,0
"E096","I20",20,1,1,0,0,0
"E096","I21",21,0,0,0,0,0
"E096","I22",22,0,0,0,0,0
"E096","I23",23,1,1,0,0,0
"E096","I24",24,1,1,0,0,0
"E096","I25",25,1,1,0,0,0
"E096","I26",26,0,0,0,0,0
"E096","I27",27,0,0,0,0,0
"E096","I28",28,0,0,0,0,0
"E096","I29",29,1,1,0,0,0
"E096","I30",30,0,0,0,0,0
"E096","I31",31,1,0,1,0,1
"E096","I32",32,0,0,0,0,0
"E096","I33",33,0,0,0,0,0
"E096","I34",34,0,0,0,0,0
"E096","I35",35,0,0,0,0,0
"E096","I36",36,0,1,1,1,0
"E096","I37",37,1,1,0,0,0
"E096","I38",38,0,0,0,0,0
"E096","I39",39,1,0,1,0,1
"E096","I40",40,0,0,0,0,0
"E097","I01",1,1,1,0,0,0
"E097","I02",2,0,0,0,0,0
"E097","I03",3,0,0,0,0,0
"E097","I04",4,1,1,0,0,0
"E097","I05",5,1,1,0,0,0
"E097","I06",6,0,0,0,0,0
"E097","I07",7,1,1,0,0,0
"E097","I08",8,1,0,1,0,1
"E097","I09",9,0,0,0,0,0
"E097","I10",10,0,0,0,0,0
"E097","I11",11,0,0,0,0,0
"E097","I12",12,1,1,0,0,0
"E097","I13",13,1,1,0,0,0
"E097","I14",14,1,1,0,0,0
"E097","I15",15,0,0,0,0,0
"E097","I16",16,1,1,0,0,0
"E097","I17",17,0,0,0,0,0
"E097","I18",18,1,1,0,0,0
"E097","I19",19,1,1,0,0,0
"E097","I20",20,1,1,0,0,0
"E097","I21",21,0,0,0,0,0
"E097","I22",22,0,0,0,0,0
"E097","I23",23,0,0,0,0,0
"E097","I24",24,0,0,0,0,0
"E097","I25",25,1,1,0,0,0
"E097","I26",26,0,0,0,0,0
"E097","I27",27,0,0,0,0,0
"E097","I28",28,1,1,0,0,0
"E097","I29",29,0,0,0,0,0
"E097","I30",30,0,0,0,0,0
"E097","I31",31,0,0,0,0,0
"E097","I32",32,0,0,0,0,0
"E097","I33",33,0,0,0,0,0
"E097","I34",34,0,0,0,0,0
"E097","I35",35,0,0,0,0,0
"E097","I36",36,0,0,0,0,0
"E097","I37",37,1,1,0,0,0
"E097","I38",38,1,1,0,0,0
"E097","I39",39,0,0,0,0,0
"E097","I40",40,0,0,0,0,0
"E098","I01",1,1,1,0,0,0
"E098","I02",2,0,0,0,0,0
"E098","I03",3,0,0,0,0,0
"E098","I04",4,1,1,0,0,0
"E098","I05",5,0,0,0,0,0
"E098","I06",6,1,1,0,0,0
"E098","I07",7,1,1,0,0,0
"E098","I08",8,0,1,1,1,0
"E098","I09",9,0,0,0,0,0
"E098","I10",10,0,0,0,0,0
"E098","I11",11,0,0,0,0,0
"E098","I12",12,1,1,0,0,0
"E098","I13",13,0,0,0,0,0
"E098","I14",14,0,0,0,0,0
"E098","I15",15,0,0,0,0,0
"E098","I16",16,0,0,0,0,0
"E098","I17",17,0,0,0,0,0
"E098","I18",18,0,0,0,0,0
"E098","I19",19,1,1,0,0,0
"E098","I20",20,1,0,1,0,1
"E098","I21",21,1,0,1,0,1
"E098","I22",22,0,0,0,0,0
"E098","I23",23,1,1,0,0,0
"E098","I24",24,1,1,0,0,0
"E098","I25",25,0,0,0,0,0
"E098","I26",26,1,1,0,0,0
"E098","I27",27,0,0,0,0,0
"E098","I28",28,1,1,0,0,0
"E098","I29",29,0,0,0,0,0
"E098","I30",30,0,0,0,0,0
"E098","I31",31,1,1,0,0,0
"E098","I32",32,0,0,0,0,0
"E098","I33",33,0,0,0,0,0
"E098","I34",34,1,1,0,0,0
"E098","I35",35,0,0,0,0,0
"E098","I36",36,1,1,0,0,0
"E098","I37",37,0,0,0,0,0
"E098","I38",38,0,0,0,0,0
"E098","I39",39,0,0,0,0,0
"E098","I40",40,0,0,0,0,0
"E099","I01",1,1,1,0,0,0
"E099","I02",2,0,0,0,0,0
"E099","I03",3,0,0,0,0,0
"E099","I04",4,1,1,0,0,0
"E099","I05",5,0,0,0,0,0
"E099","I06",6,0,0,0,0,0
"E099","I07",7,1,1,0,0,0
"E099","I08",8,1,1,0,0,0
"E099","I09",9,0,0,0,0,0
"E099","I10",10,1,1,0,0,0
"E099","I11",11,0,0,0,0,0
"E099","I12",12,1,1,0,0,0
"E099","I13",13,0,0,0,0,0
"E099","I14",14,1,0,1,0,1
"E099","I15",15,0,0,0,0,0
"E099","I16",16,0,0,0,0,0
"E099","I17",17,1,1,0,0,0
"E099","I18",18,1,0,1,0,1
"E099","I19",19,1,1,0,0,0
"E099","I20",20,1,1,0,0,0
"E099","I21",21,0,0,0,0,0
"E099","I22",22,0,0,0,0,0
"E099","I23",23,0,0,0,0,0
"E099","I24",24,1,1,0,0,0
"E099","I25",25,0,0,0,0,0
"E099","I26",26,0,0,0,0,0
"E099","I27",27,0,0,0,0,0
"E099","I28",28,0,0,0,0,0
"E099","I29",29,1,1,0,0,0
"E099","I30",30,0,0,0,0,0
"E099","I31",31,0,0,0,0,0
"E099","I32",32,1,1,0,0,0
"E099","I33",33,0,0,0,0,0
"E099","I34",34,0,0,0,0,0
"E099","I35",35,0,0,0,0,0
"E099","I36",36,1,1,0,0,0
"E099","I37",37,0,0,0,0,0
"E099","I38",38,0,0,0,0,0
"E099","I39",39,0,0,0,0,0
"E099","I40",40,0,0,0,0,0
"E100","I01",1,0,1,1,1,0
"E100","I02",2,0,0,0,0,0
"E100","I03",3,0,0,0,0,0
"E100","I04",4,1,1,0,0,0
"E100","I05",5,1,1,0,0,0
"E100","I06",6,0,0,0,0,0
"E100","I07",7,0,0,0,0,0
"E100","I08",8,1,1,0,0,0
"E100","I09",9,0,0,0,0,0
"E100","I10",10,1,1,0,0,0
"E100","I11",11,1,1,0,0,0
"E100","I12",12,0,0,0,0,0
"E100","I13",13,0,0,0,0,0
"E100","I14",14,0,0,0,0,0
"E100","I15",15,1,1,0,0,0
"E100","I16",16,1,1,0,0,0
"E100","I17",17,1,1,0,0,0
"E100","I18",18,0,1,1,1,0
"E100","I19",19,1,1,0,0,0
"E100","I20",20,1,1,0,0,0
"E100","I21",21,0,0,0,0,0
"E100","I22",22,1,1,0,0,0
"E100","I23",23,0,0,0,0,0
"E100","I24",24,0,0,0,0,0
"E100","I25",25,1,1,0,0,0
"E100","I26",26,1,1,0,0,0
"E100","I27",27,0,0,0,0,0
"E100","I28",28,1,1,0,0,0
"E100","I29",29,1,1,0,0,0
"E100","I30",30,1,1,0,0,0
"E100","I31",31,0,0,0,0,0
"E100","I32",32,1,1,0,0,0
"E100","I33",33,0,0,0,0,0
"E100","I34",34,1,1,0,0,0
"E100","I35",35,1,1,0,0,0
"E100","I36",36,1,1,0,0,0
"E100","I37",37,0,0,0,0,0
"E100","I38",38,0,0,0,0,0
"E100","I39",39,1,1,0,0,0
"E100","I40",40,0,0,0,0,0
"E101","I01",1,1,1,0,0,0
"E101","I02",2,0,1,1,1,0
"E101","I03",3,1,1,0,0,0
"E101","I04",4,1,1,0,0,0
"E101","I05",5,1,1,0,0,0
"E101","I06",6,1,1,0,0,0
"E101","I07",7,1,1,0,0,0
"E101","I08",8,1,1,0,0,0
"E101","I09",9,1,1,0,0,0
"E101","I10",10,1,1,0,0,0
"E101","I11",11,0,0,0,0,0
"E101","I12",12,1,1,0,0,0
"E101","I13",13,1,1,0,0,0
"E101","I14",14,1,1,0,0,0
"E101","I15",15,1,1,0,0,0
"E101","I16",16,1,1,0,0,0
"E101","I17",17,0,0,0,0,0
"E101","I18",18,0,0,0,0,0
"E101","I19",19,1,1,0,0,0
"E101","I20",20,1,1,0,0,0
"E101","I21",21,0,0,0,0,0
"E101","I22",22,0,0,0,0,0
"E101","I23",23,1,1,0,0,0
"E101","I24",24,1,1,0,0,0
"E101","I25",25,0,0,0,0,0
"E101","I26",26,1,1,0,0,0
"E101","I27",27,1,1,0,0,0
"E101","I28",28,1,1,0,0,0
"E101","I29",29,1,0,1,0,1
"E101","I30",30,1,1,0,0,0
"E101","I31",31,1,1,0,0,0
"E101","I32",32,1,1,0,0,0
"E101","I33",33,0,0,0,0,0
"E101","I34",34,0,0,0,0,0
"E101","I35",35,1,1,0,0,0
"E101","I36",36,1,1,0,0,0
"E101","I37",37,1,1,0,0,0
"E101","I38",38,1,1,0,0,0
"E101","I39",39,1,1,0,0,0
"E101","I40",40,1,1,0,0,0
"E102","I01",1,1,1,0,0,0
"E102","I02",2,0,0,0,0,0
"E102","I03",3,0,0,0,0,0
"E102","I04",4,1,1,0,0,0
"E102","I05",5,1,1,0,0,0
"E102","I06",6,0,0,0,0,0
"E102","I07",7,1,1,0,0,0
"E102","I08",8,0,0,0,0,0
"E102","I09",9,1,1,0,0,0
"E102","I10",10,0,0,0,0,0
"E102","I11",11,0,0,0,0,0
"E102","I12",12,0,0,0,0,0
"E102","I13",13,1,1,0,0,0
"E102","I14",14,0,0,0,0,0
"E102","I15",15,0,0,0,0,0
"E102","I16",16,0,0,0,0,0
"E102","I17",17,1,1,0,0,0
"E102","I18",18,1,1,0,0,0
"E102","I19",19,0,1,1,1,0
"E102","I20",20,0,0,0,0,0
"E102","I21",21,0,0,0,0,0
"E102","I22",22,0,0,0,0,0
"E102","I23",23,0,0,0,0,0
"E102","I24",24,0,0,0,0,0
"E102","I25",25,0,0,0,0,0
"E102","I26",26,0,0,0,0,0
"E102","I27",27,0,0,0,0,0
"E102","I28",28,0,0,0,0,0
"E102","I29",29,0,0,0,0,0
"E102","I30",30,0,0,0,0,0
"E102","I31",31,0,0,0,0,0
"E102","I32",32,1,1,0,0,0
"E102","I33",33,0,0,0,0,0
"E102","I34",34,0,0,0,0,0
"E102","I35",35,0,1,1,1,0
"E102","I36",36,0,0,0,0,0
"E102","I37",37,0,0,0,0,0
"E102","I38",38,1,1,0,0,0
"E102","I39",39,0,0,0,0,0
"E102","I40",40,0,0,0,0,0
"E103","I01",1,1,1,0,0,0
"E103","I02",2,0,0,0,0,0
"E103","I03",3,0,0,0,0,0
"E103","I04",4,0,1,1,1,0
"E103","I05",5,0,0,0,0,0
"E103","I06",6,1,1,0,0,0
"E103","I07",7,1,1,0,0,0
"E103","I08",8,0,0,0,0,0
"E103","I09",9,0,0,0,0,0
"E103","I10",10,1,1,0,0,0
"E103","I11",11,0,0,0,0,0
"E103","I12",12,0,0,0,0,0
"E103","I13",13,1,1,0,0,0
"E103","I14",14,0,0,0,0,0
"E103","I15",15,0,0,0,0,0
"E103","I16",16,1,1,0,0,0
"E103","I17",17,0,0,0,0,0
"E103","I18",18,0,0,0,0,0
"E103","I19",19,1,1,0,0,0
"E103","I20",20,1,1,0,0,0
"E103","I21",21,0,0,0,0,0
"E103","I22",22,0,0,0,0,0
"E103","I23",23,0,0,0,0,0
"E103","I24",24,0,0,0,0,0
"E103","I25",25,0,0,0,0,0
"E103","I26",26,1,1,0,0,0
"E103","I27",27,0,0,0,0,0
"E103","I28",28,1,1,0,0,0
"E103","I29",29,0,0,0,0,0
"E103","I30",30,0,0,0,0,0
"E103","I31",31,0,0,0,0,0
"E103","I32",32,1,1,0,0,0
"E103","I33",33,0,0,0,0,0
"E103","I34",34,0,0,0,0,0
"E103","I35",35,0,0,0,0,0
"E103","I36",36,1,1,0,0,0
"E103","I37",37,0,0,0,0,0
"E103","I38",38,1,1,0,0,0
"E103","I39",39,1,1,0,0,0
"E103","I40",40,0,0,0,0,0
"E104","I01",1,1,1,0,0,0
"E104","I02",2,0,0,0,0,0
"E104","I03",3,0,0,0,0,0
"E104","I04",4,1,1,0,0,0
"E104","I05",5,1,1,0,0,0
"E104","I06",6,0,0,0,0,0
"E104","I07",7,0,0,0,0,0
"E104","I08",8,0,0,0,0,0
"E104","I09",9,1,1,0,0,0
"E104","I10",10,0,0,0,0,0
"E104","I11",11,0,0,0,0,0
"E104","I12",12,1,1,0,0,0
"E104","I13",13,0,0,0,0,0
"E104","I14",14,0,0,0,0,0
"E104","I15",15,0,0,0,0,0
"E104","I16",16,0,0,0,0,0
"E104","I17",17,0,0,0,0,0
"E104","I18",18,0,0,0,0,0
"E104","I19",19,1,1,0,0,0
"E104","I20",20,0,0,0,0,0
"E104","I21",21,0,0,0,0,0
"E104","I22",22,0,0,0,0,0
"E104","I23",23,1,1,0,0,0
"E104","I24",24,0,0,0,0,0
"E104","I25",25,1,1,0,0,0
"E104","I26",26,1,1,0,0,0
"E104","I27",27,0,0,0,0,0
"E104","I28",28,1,1,0,0,0
"E104","I29",29,0,0,0,0,0
"E104","I30",30,0,0,0,0,0
"E104","I31",31,0,0,0,0,0
"E104","I32",32,1,1,0,0,0
"E104","I33",33,1,0,1,0,1
"E104","I34",34,0,0,0,0,0
"E104","I35",35,0,0,0,0,0
"E104","I36",36,1,1,0,0,0
"E104","I37",37,0,0,0,0,0
"E104","I38",38,1,1,0,0,0
"E104","I39",39,0,0,0,0,0
"E104","I40",40,0,0,0,0,0
"E105","I01",1,1,1,0,0,0
"E105","I02",2,0,0,0,0,0
"E105","I03",3,1,1,0,0,0
"E105","I04",4,1,1,0,0,0
"E105","I05",5,0,0,0,0,0
"E105","I06",6,1,1,0,0,0
"E105","I07",7,1,1,0,0,0
"E105","I08",8,1,1,0,0,0
"E105","I09",9,1,1,0,0,0
"E105","I10",10,1,1,0,0,0
"E105","I11",11,0,0,0,0,0
"E105","I12",12,1,1,0,0,0
"E105","I13",13,1,1,0,0,0
"E105","I14",14,0,1,1,1,0
"E105","I15",15,1,1,0,0,0
"E105","I16",16,1,1,0,0,0
"E105","I17",17,0,0,0,0,0
"E105","I18",18,0,0,0,0,0
"E105","I19",19,1,1,0,0,0
"E105","I20",20,1,1,0,0,0
"E105","I21",21,1,1,0,0,0
"E105","I22",22,1,1,0,0,0
"E105","I23",23,1,1,0,0,0
"E105","I24",24,1,1,0,0,0
"E105","I25",25,1,1,0,0,0
"E105","I26",26,1,1,0,0,0
"E105","I27",27,0,0,0,0,0
"E105","I28",28,1,1,0,0,0
"E105","I29",29,0,0,0,0,0
"E105","I30",30,1,1,0,0,0
"E105","I31",31,1,1,0,0,0
"E105","I32",32,1,1,0,0,0
"E105","I33",33,0,0,0,0,0
"E105","I34",34,0,0,0,0,0
"E105","I35",35,1,1,0,0,0
"E105","I36",36,1,1,0,0,0
"E105","I37",37,1,1,0,0,0
"E105","I38",38,1,1,0,0,0
"E105","I39",39,1,1,0,0,0
"E105","I40",40,1,1,0,0,0
"E106","I01",1,1,1,0,0,0
"E106","I02",2,0,0,0,0,0
"E106","I03",3,0,0,0,0,0
"E106","I04",4,1,1,0,0,0
"E106","I05",5,1,1,0,0,0
"E106","I06",6,1,1,0,0,0
"E106","I07",7,1,1,0,0,0
"E106","I08",8,0,0,0,0,0
"E106","I09",9,1,1,0,0,0
"E106","I10",10,1,0,1,0,1
"E106","I11",11,0,0,0,0,0
"E106","I12",12,1,1,0,0,0
"E106","I13",13,0,0,0,0,0
"E106","I14",14,0,0,0,0,0
"E106","I15",15,0,0,0,0,0
"E106","I16",16,1,1,0,0,0
"E106","I17",17,1,1,0,0,0
"E106","I18",18,1,1,0,0,0
"E106","I19",19,1,1,0,0,0
"E106","I20",20,1,1,0,0,0
"E106","I21",21,1,1,0,0,0
"E106","I22",22,0,0,0,0,0
"E106","I23",23,0,0,0,0,0
"E106","I24",24,1,1,0,0,0
"E106","I25",25,1,1,0,0,0
"E106","I26",26,0,0,0,0,0
"E106","I27",27,1,1,0,0,0
"E106","I28",28,1,1,0,0,0
"E106","I29",29,0,0,0,0,0
"E106","I30",30,1,1,0,0,0
"E106","I31",31,0,0,0,0,0
"E106","I32",32,1,1,0,0,0
"E106","I33",33,0,0,0,0,0
"E106","I34",34,1,1,0,0,0
"E106","I35",35,1,1,0,0,0
"E106","I36",36,0,0,0,0,0
"E106","I37",37,1,1,0,0,0
"E106","I38",38,0,0,0,0,0
"E106","I39",39,0,0,0,0,0
"E106","I40",40,0,0,0,0,0
"E107","I01",1,1,1,0,0,0
"E107","I02",2,1,1,0,0,0
"E107","I03",3,0,0,0,0,0
"E107","I04",4,0,0,0,0,0
"E107","I05",5,1,0,1,0,1
"E107","I06",6,1,1,0,0,0
"E107","I07",7,0,0,0,0,0
"E107","I08",8,1,0,1,0,1
"E107","I09",9,1,1,0,0,0
"E107","I10",10,0,0,0,0,0
"E107","I11",11,0,0,0,0,0
"E107","I12",12,0,0,0,0,0
"E107","I13",13,0,0,0,0,0
"E107","I14",14,0,0,0,0,0
"E107","I15",15,0,0,0,0,0
"E107","I16",16,0,0,0,0,0
"E107","I17",17,0,0,0,0,0
"E107","I18",18,0,0,0,0,0
"E107","I19",19,0,0,0,0,0
"E107","I20",20,0,0,0,0,0
"E107","I21",21,1,1,0,0,0
"E107","I22",22,0,0,0,0,0
"E107","I23",23,0,0,0,0,0
"E107","I24",24,0,0,0,0,0
"E107","I25",25,0,0,0,0,0
"E107","I26",26,0,0,0,0,0
"E107","I27",27,0,0,0,0,0
"E107","I28",28,0,0,0,0,0
"E107","I29",29,0,0,0,0,0
"E107","I30",30,0,0,0,0,0
"E107","I31",31,0,0,0,0,0
"E107","I32",32,0,0,0,0,0
"E107","I33",33,0,0,0,0,0
"E107","I34",34,1,1,0,0,0
"E107","I35",35,1,0,1,0,1
"E107","I36",36,0,0,0,0,0
"E107","I37",37,1,1,0,0,0
"E107","I38",38,0,0,0,0,0
"E107","I39",39,0,0,0,0,0
"E107","I40",40,0,0,0,0,0
"E108","I01",1,1,1,0,0,0
"E108","I02",2,1,1,0,0,0
"E108","I03",3,1,1,0,0,0
"E108","I04",4,1,1,0,0,0
"E108","I05",5,1,1,0,0,0
"E108","I06",6,1,1,0,0,0
"E108","I07",7,1,1,0,0,0
"E108","I08",8,1,1,0,0,0
"E108","I09",9,1,1,0,0,0
"E108","I10",10,1,1,0,0,0
"E108","I11",11,0,1,1,1,0
"E108","I12",12,1,1,0,0,0
"E108","I13",13,0,1,1,1,0
"E108","I14",14,1,1,0,0,0
"E108","I15",15,1,1,0,0,0
"E108","I16",16,1,1,0,0,0
"E108","I17",17,0,0,0,0,0
"E108","I18",18,1,1,0,0,0
"E108","I19",19,1,1,0,0,0
"E108","I20",20,1,1,0,0,0
"E108","I21",21,1,1,0,0,0
"E108","I22",22,1,1,0,0,0
"E108","I23",23,0,1,1,1,0
"E108","I24",24,1,1,0,0,0
"E108","I25",25,1,1,0,0,0
"E108","I26",26,1,1,0,0,0
"E108","I27",27,1,1,0,0,0
"E108","I28",28,1,1,0,0,0
"E108","I29",29,1,1,0,0,0
"E108","I30",30,1,1,0,0,0
"E108","I31",31,1,1,0,0,0
"E108","I32",32,1,1,0,0,0
"E108","I33",33,0,0,0,0,0
"E108","I34",34,1,1,0,0,0
"E108","I35",35,1,1,0,0,0
"E108","I36",36,1,1,0,0,0
"E108","I37",37,1,1,0,0,0
"E108","I38",38,1,1,0,0,0
"E108","I39",39,1,1,0,0,0
"E108","I40",40,1,1,0,0,0
"E109","I01",1,1,1,0,0,0
"E109","I02",2,0,0,0,0,0
"E109","I03",3,0,1,1,1,0
"E109","I04",4,1,1,0,0,0
"E109","I05",5,0,0,0,0,0
"E109","I06",6,0,0,0,0,0
"E109","I07",7,1,1,0,0,0
"E109","I08",8,0,0,0,0,0
"E109","I09",9,0,0,0,0,0
"E109","I10",10,0,0,0,0,0
"E109","I11",11,1,1,0,0,0
"E109","I12",12,1,1,0,0,0
"E109","I13",13,0,0,0,0,0
"E109","I14",14,0,0,0,0,0
"E109","I15",15,0,0,0,0,0
"E109","I16",16,1,1,0,0,0
"E109","I17",17,1,0,1,0,1
"E109","I18",18,0,0,0,0,0
"E109","I19",19,1,1,0,0,0
"E109","I20",20,0,0,0,0,0
"E109","I21",21,0,0,0,0,0
"E109","I22",22,0,0,0,0,0
"E109","I23",23,0,0,0,0,0
"E109","I24",24,0,0,0,0,0
"E109","I25",25,0,0,0,0,0
"E109","I26",26,0,0,0,0,0
"E109","I27",27,0,0,0,0,0
"E109","I28",28,0,0,0,0,0
"E109","I29",29,0,0,0,0,0
"E109","I30",30,0,0,0,0,0
"E109","I31",31,0,0,0,0,0
"E109","I32",32,1,1,0,0,0
"E109","I33",33,0,0,0,0,0
"E109","I34",34,0,0,0,0,0
"E109","I35",35,0,0,0,0,0
"E109","I36",36,0,0,0,0,0
"E109","I37",37,1,1,0,0,0
"E109","I38",38,1,1,0,0,0
"E109","I39",39,0,0,0,0,0
"E109","I40",40,0,0,0,0,0
"E110","I01",1,1,1,0,0,0
"E110","I02",2,0,0,0,0,0
"E110","I03",3,1,0,1,0,1
"E110","I04",4,1,1,0,0,0
"E110","I05",5,1,1,0,0,0
"E110","I06",6,0,0,0,0,0
"E110","I07",7,0,0,0,0,0
"E110","I08",8,0,0,0,0,0
"E110","I09",9,1,1,0,0,0
"E110","I10",10,0,0,0,0,0
"E110","I11",11,0,0,0,0,0
"E110","I12",12,0,0,0,0,0
"E110","I13",13,1,1,0,0,0
"E110","I14",14,1,1,0,0,0
"E110","I15",15,0,0,0,0,0
"E110","I16",16,1,1,0,0,0
"E110","I17",17,0,0,0,0,0
"E110","I18",18,1,1,0,0,0
"E110","I19",19,0,0,0,0,0
"E110","I20",20,1,1,0,0,0
"E110","I21",21,0,0,0,0,0
"E110","I22",22,1,0,1,0,1
"E110","I23",23,1,1,0,0,0
"E110","I24",24,0,0,0,0,0
"E110","I25",25,0,0,0,0,0
"E110","I26",26,1,1,0,0,0
"E110","I27",27,0,0,0,0,0
"E110","I28",28,0,0,0,0,0
"E110","I29",29,1,1,0,0,0
"E110","I30",30,0,0,0,0,0
"E110","I31",31,0,0,0,0,0
"E110","I32",32,0,0,0,0,0
"E110","I33",33,0,0,0,0,0
"E110","I34",34,0,0,0,0,0
"E110","I35",35,0,0,0,0,0
"E110","I36",36,1,1,0,0,0
"E110","I37",37,1,1,0,0,0
"E110","I38",38,0,0,0,0,0
"E110","I39",39,0,0,0,0,0
"E110","I40",40,0,0,0,0,0
"E111","I01",1,1,1,0,0,0
"E111","I02",2,0,0,0,0,0
"E111","I03",3,1,1,0,0,0
"E111","I04",4,1,1,0,0,0
"E111","I05",5,0,0,0,0,0
"E111","I06",6,0,0,0,0,0
"E111","I07",7,0,0,0,0,0
"E111","I08",8,0,0,0,0,0
"E111","I09",9,0,0,0,0,0
"E111","I10",10,0,0,0,0,0
"E111","I11",11,0,0,0,0,0
"E111","I12",12,0,0,0,0,0
"E111","I13",13,0,0,0,0,0
"E111","I14",14,1,1,0,0,0
"E111","I15",15,0,0,0,0,0
"E111","I16",16,0,0,0,0,0
"E111","I17",17,0,0,0,0,0
"E111","I18",18,0,0,0,0,0
"E111","I19",19,0,0,0,0,0
"E111","I20",20,0,0,0,0,0
"E111","I21",21,0,0,0,0,0
"E111","I22",22,0,0,0,0,0
"E111","I23",23,1,1,0,0,0
"E111","I24",24,1,1,0,0,0
"E111","I25",25,1,0,1,0,1
"E111","I26",26,0,0,0,0,0
"E111","I27",27,1,1,0,0,0
"E111","I28",28,0,0,0,0,0
"E111","I29",29,0,0,0,0,0
"E111","I30",30,0,0,0,0,0
"E111","I31",31,0,0,0,0,0
"E111","I32",32,0,0,0,0,0
"E111","I33",33,0,0,0,0,0
"E111","I34",34,1,0,1,0,1
"E111","I35",35,1,1,0,0,0
"E111","I36",36,1,1,0,0,0
"E111","I37",37,0,0,0,0,0
"E111","I38",38,0,0,0,0,0
"E111","I39",39,0,0,0,0,0
"E111","I40",40,0,0,0,0,0
"E112","I01",1,1,1,0,0,0
"E112","I02",2,0,0,0,0,0
"E112","I03",3,1,1,0,0,0
"E112","I04",4,1,1,0,0,0
"E112","I05",5,0,0,0,0,0
"E112","I06",6,0,0,0,0,0
"E112","I07",7,1,1,0,0,0
"E112","I08",8,0,0,0,0,0
"E112","I09",9,0,0,0,0,0
"E112","I10",10,1,1,0,0,0
"E112","I11",11,0,0,0,0,0
"E112","I12",12,0,0,0,0,0
"E112","I13",13,0,0,0,0,0
"E112","I14",14,0,0,0,0,0
"E112","I15",15,0,0,0,0,0
"E112","I16",16,0,0,0,0,0
"E112","I17",17,0,0,0,0,0
"E112","I18",18,0,0,0,0,0
"E112","I19",19,1,1,0,0,0
"E112","I20",20,1,1,0,0,0
"E112","I21",21,0,0,0,0,0
"E112","I22",22,0,0,0,0,0
"E112","I23",23,0,0,0,0,0
"E112","I24",24,0,0,0,0,0
"E112","I25",25,0,0,0,0,0
"E112","I26",26,1,0,1,0,1
"E112","I27",27,0,0,0,0,0
"E112","I28",28,0,0,0,0,0
"E112","I29",29,0,0,0,0,0
"E112","I30",30,0,0,0,0,0
"E112","I31",31,1,1,0,0,0
"E112","I32",32,0,0,0,0,0
"E112","I33",33,0,0,0,0,0
"E112","I34",34,0,0,0,0,0
"E112","I35",35,0,0,0,0,0
"E112","I36",36,0,0,0,0,0
"E112","I37",37,0,0,0,0,0
"E112","I38",38,0,0,0,0,0
"E112","I39",39,1,1,0,0,0
"E112","I40",40,0,0,0,0,0
"E113","I01",1,1,1,0,0,0
"E113","I02",2,0,0,0,0,0
"E113","I03",3,1,1,0,0,0
"E113","I04",4,1,1,0,0,0
"E113","I05",5,0,0,0,0,0
"E113","I06",6,1,1,0,0,0
"E113","I07",7,1,1,0,0,0
"E113","I08",8,1,1,0,0,0
"E113","I09",9,0,0,0,0,0
"E113","I10",10,1,1,0,0,0
"E113","I11",11,0,0,0,0,0
"E113","I12",12,1,1,0,0,0
"E113","I13",13,1,1,0,0,0
"E113","I14",14,0,0,0,0,0
"E113","I15",15,0,0,0,0,0
"E113","I16",16,1,1,0,0,0
"E113","I17",17,0,0,0,0,0
"E113","I18",18,0,0,0,0,0
"E113","I19",19,1,1,0,0,0
"E113","I20",20,1,1,0,0,0
"E113","I21",21,0,0,0,0,0
"E113","I22",22,0,0,0,0,0
"E113","I23",23,1,1,0,0,0
"E113","I24",24,1,1,0,0,0
"E113","I25",25,1,1,0,0,0
"E113","I26",26,1,1,0,0,0
"E113","I27",27,1,1,0,0,0
"E113","I28",28,1,1,0,0,0
"E113","I29",29,0,0,0,0,0
"E113","I30",30,0,0,0,0,0
"E113","I31",31,0,0,0,0,0
"E113","I32",32,1,1,0,0,0
"E113","I33",33,0,0,0,0,0
"E113","I34",34,0,0,0,0,0
"E113","I35",35,0,0,0,0,0
"E113","I36",36,1,1,0,0,0
"E113","I37",37,1,1,0,0,0
"E113","I38",38,0,0,0,0,0
"E113","I39",39,0,0,0,0,0
"E113","I40",40,0,0,0,0,0
"E114","I01",1,1,1,0,0,0
"E114","I02",2,0,0,0,0,0
"E114","I03",3,1,1,0,0,0
"E114","I04",4,1,1,0,0,0
"E114","I05",5,1,1,0,0,0
"E114","I06",6,1,1,0,0,0
"E114","I07",7,1,1,0,0,0
"E114","I08",8,1,1,0,0,0
"E114","I09",9,0,0,0,0,0
"E114","I10",10,1,1,0,0,0
"E114","I11",11,1,1,0,0,0
"E114","I12",12,1,1,0,0,0
"E114","I13",13,1,1,0,0,0
"E114","I14",14,1,1,0,0,0
"E114","I15",15,0,0,0,0,0
"E114","I16",16,1,1,0,0,0
"E114","I17",17,1,1,0,0,0
"E114","I18",18,0,0,0,0,0
"E114","I19",19,1,1,0,0,0
"E114","I20",20,0,0,0,0,0
"E114","I21",21,0,0,0,0,0
"E114","I22",22,0,1,1,1,0
"E114","I23",23,0,0,0,0,0
"E114","I24",24,1,1,0,0,0
"E114","I25",25,1,1,0,0,0
"E114","I26",26,1,1,0,0,0
"E114","I27",27,1,1,0,0,0
"E114","I28",28,1,1,0,0,0
"E114","I29",29,1,1,0,0,0
"E114","I30",30,1,1,0,0,0
"E114","I31",31,0,0,0,0,0
"E114","I32",32,0,0,0,0,0
"E114","I33",33,0,0,0,0,0
"E114","I34",34,0,0,0,0,0
"E114","I35",35,0,0,0,0,0
"E114","I36",36,1,1,0,0,0
"E114","I37",37,1,1,0,0,0
"E114","I38",38,0,1,1,1,0
"E114","I39",39,0,0,0,0,0
"E114","I40",40,1,0,1,0,1
"E115","I01",1,1,1,0,0,0
"E115","I02",2,1,1,0,0,0
"E115","I03",3,1,1,0,0,0
"E115","I04",4,1,1,0,0,0
"E115","I05",5,1,1,0,0,0
"E115","I06",6,1,1,0,0,0
"E115","I07",7,1,1,0,0,0
"E115","I08",8,1,1,0,0,0
"E115","I09",9,1,1,0,0,0
"E115","I10",10,1,1,0,0,0
"E115","I11",11,0,0,0,0,0
"E115","I12",12,0,0,0,0,0
"E115","I13",13,0,0,0,0,0
"E115","I14",14,0,0,0,0,0
"E115","I15",15,0,0,0,0,0
"E115","I16",16,1,1,0,0,0
"E115","I17",17,1,1,0,0,0
"E115","I18",18,1,1,0,0,0
"E115","I19",19,1,1,0,0,0
"E115","I20",20,1,1,0,0,0
"E115","I21",21,0,0,0,0,0
"E115","I22",22,1,1,0,0,0
"E115","I23",23,1,1,0,0,0
"E115","I24",24,1,1,0,0,0
"E115","I25",25,0,0,0,0,0
"E115","I26",26,0,0,0,0,0
"E115","I27",27,0,0,0,0,0
"E115","I28",28,1,1,0,0,0
"E115","I29",29,1,1,0,0,0
"E115","I30",30,0,0,0,0,0
"E115","I31",31,1,1,0,0,0
"E115","I32",32,1,1,0,0,0
"E115","I33",33,0,0,0,0,0
"E115","I34",34,0,0,0,0,0
"E115","I35",35,1,0,1,0,1
"E115","I36",36,1,1,0,0,0
"E115","I37",37,0,0,0,0,0
"E115","I38",38,1,1,0,0,0
"E115","I39",39,0,0,0,0,0
"E115","I40",40,0,0,0,0,0
"E116","I01",1,1,1,0,0,0
"E116","I02",2,0,0,0,0,0
"E116","I03",3,0,0,0,0,0
"E116","I04",4,1,1,0,0,0
"E116","I05",5,0,0,0,0,0
"E116","I06",6,1,1,0,0,0
"E116","I07",7,1,1,0,0,0
"E116","I08",8,0,0,0,0,0
"E116","I09",9,1,1,0,0,0
"E116","I10",10,1,1,0,0,0
"E116","I11",11,0,0,0,0,0
"E116","I12",12,1,1,0,0,0
"E116","I13",13,0,0,0,0,0
"E116","I14",14,0,0,0,0,0
"E116","I15",15,0,0,0,0,0
"E116","I16",16,1,1,0,0,0
"E116","I17",17,0,0,0,0,0
"E116","I18",18,0,0,0,0,0
"E116","I19",19,1,1,0,0,0
"E116","I20",20,1,1,0,0,0
"E116","I21",21,0,0,0,0,0
"E116","I22",22,0,0,0,0,0
"E116","I23",23,0,0,0,0,0
"E116","I24",24,0,0,0,0,0
"E116","I25",25,1,1,0,0,0
"E116","I26",26,0,0,0,0,0
"E116","I27",27,0,0,0,0,0
"E116","I28",28,1,1,0,0,0
"E116","I29",29,1,1,0,0,0
"E116","I30",30,0,0,0,0,0
"E116","I31",31,0,0,0,0,0
"E116","I32",32,1,0,1,0,1
"E116","I33",33,0,0,0,0,0
"E116","I34",34,0,0,0,0,0
"E116","I35",35,0,0,0,0,0
"E116","I36",36,1,1,0,0,0
"E116","I37",37,0,0,0,0,0
"E116","I38",38,1,1,0,0,0
"E116","I39",39,1,1,0,0,0
"E116","I40",40,1,0,1,0,1
"E117","I01",1,1,1,0,0,0
"E117","I02",2,0,0,0,0,0
"E117","I03",3,0,1,1,1,0
"E117","I04",4,1,1,0,0,0
"E117","I05",5,1,1,0,0,0
"E117","I06",6,1,1,0,0,0
"E117","I07",7,1,1,0,0,0
"E117","I08",8,1,1,0,0,0
"E117","I09",9,0,0,0,0,0
"E117","I10",10,0,0,0,0,0
"E117","I11",11,1,1,0,0,0
"E117","I12",12,1,1,0,0,0
"E117","I13",13,1,1,0,0,0
"E117","I14",14,0,0,0,0,0
"E117","I15",15,1,1,0,0,0
"E117","I16",16,0,0,0,0,0
"E117","I17",17,0,0,0,0,0
"E117","I18",18,0,0,0,0,0
"E117","I19",19,1,1,0,0,0
"E117","I20",20,1,1,0,0,0
"E117","I21",21,0,0,0,0,0
"E117","I22",22,0,1,1,1,0
"E117","I23",23,1,1,0,0,0
"E117","I24",24,0,0,0,0,0
"E117","I25",25,1,1,0,0,0
"E117","I26",26,0,0,0,0,0
"E117","I27",27,0,0,0,0,0
"E117","I28",28,1,1,0,0,0
"E117","I29",29,1,1,0,0,0
"E117","I30",30,0,0,0,0,0
"E117","I31",31,0,0,0,0,0
"E117","I32",32,0,0,0,0,0
"E117","I33",33,0,0,0,0,0
"E117","I34",34,0,0,0,0,0
"E117","I35",35,0,0,0,0,0
"E117","I36",36,1,1,0,0,0
"E117","I37",37,0,0,0,0,0
"E117","I38",38,0,0,0,0,0
"E117","I39",39,1,1,0,0,0
"E117","I40",40,1,1,0,0,0
"E118","I01",1,1,1,0,0,0
"E118","I02",2,1,1,0,0,0
"E118","I03",3,1,1,0,0,0
"E118","I04",4,1,1,0,0,0
"E118","I05",5,1,1,0,0,0
"E118","I06",6,0,1,1,1,0
"E118","I07",7,1,1,0,0,0
"E118","I08",8,1,1,0,0,0
"E118","I09",9,0,0,0,0,0
"E118","I10",10,1,1,0,0,0
"E118","I11",11,0,0,0,0,0
"E118","I12",12,1,1,0,0,0
"E118","I13",13,1,1,0,0,0
"E118","I14",14,1,1,0,0,0
"E118","I15",15,1,0,1,0,1
"E118","I16",16,1,1,0,0,0
"E118","I17",17,0,0,0,0,0
"E118","I18",18,1,1,0,0,0
"E118","I19",19,1,1,0,0,0
"E118","I20",20,1,1,0,0,0
"E118","I21",21,0,0,0,0,0
"E118","I22",22,0,0,0,0,0
"E118","I23",23,1,1,0,0,0
"E118","I24",24,1,1,0,0,0
"E118","I25",25,1,1,0,0,0
"E118","I26",26,0,0,0,0,0
"E118","I27",27,1,1,0,0,0
"E118","I28",28,1,1,0,0,0
"E118","I29",29,1,1,0,0,0
"E118","I30",30,1,1,0,0,0
"E118","I31",31,0,0,0,0,0
"E118","I32",32,1,1,0,0,0
"E118","I33",33,0,0,0,0,0
"E118","I34",34,1,1,0,0,0
"E118","I35",35,0,1,1,1,0
"E118","I36",36,1,1,0,0,0
"E118","I37",37,1,1,0,0,0
"E118","I38",38,1,1,0,0,0
"E118","I39",39,1,1,0,0,0
"E118","I40",40,0,0,0,0,0
"E119","I01",1,1,1,0,0,0
"E119","I02",2,1,1,0,0,0
"E119","I03",3,1,1,0,0,0
"E119","I04",4,1,1,0,0,0
"E119","I05",5,1,1,0,0,0
"E119","I06",6,1,1,0,0,0
"E119","I07",7,1,1,0,0,0
"E119","I08",8,1,1,0,0,0
"E119","I09",9,1,1,0,0,0
"E119","I10",10,1,1,0,0,0
"E119","I11",11,1,1,0,0,0
"E119","I12",12,1,1,0,0,0
"E119","I13",13,1,1,0,0,0
"E119","I14",14,0,1,1,1,0
"E119","I15",15,1,1,0,0,0
"E119","I16",16,1,1,0,0,0
"E119","I17",17,0,0,0,0,0
"E119","I18",18,1,1,0,0,0
"E119","I19",19,1,1,0,0,0
"E119","I20",20,1,1,0,0,0
"E119","I21",21,0,0,0,0,0
"E119","I22",22,0,0,0,0,0
"E119","I23",23,1,1,0,0,0
"E119","I24",24,1,1,0,0,0
"E119","I25",25,1,1,0,0,0
"E119","I26",26,1,1,0,0,0
"E119","I27",27,1,1,0,0,0
"E119","I28",28,1,1,0,0,0
"E119","I29",29,1,1,0,0,0
"E119","I30",30,1,1,0,0,0
"E119","I31",31,1,1,0,0,0
"E119","I32",32,1,1,0,0,0
"E119","I33",33,0,0,0,0,0
"E119","I34",34,1,1,0,0,0
"E119","I35",35,1,1,0,0,0
"E119","I36",36,1,1,0,0,0
"E119","I37",37,1,1,0,0,0
"E119","I38",38,1,1,0,0,0
"E119","I39",39,1,1,0,0,0
"E119","I40",40,0,0,0,0,0
"E120","I01",1,0,0,0,0,0
"E120","I02",2,0,0,0,0,0
"E120","I03",3,0,0,0,0,0
"E120","I04",4,1,1,0,0,0
"E120","I05",5,0,0,0,0,0
"E120","I06",6,0,0,0,0,0
"E120","I07",7,0,0,0,0,0
"E120","I08",8,0,0,0,0,0
"E120","I09",9,0,0,0,0,0
"E120","I10",10,0,0,0,0,0
"E120","I11",11,0,0,0,0,0
"E120","I12",12,0,0,0,0,0
"E120","I13",13,0,0,0,0,0
"E120","I14",14,0,0,0,0,0
"E120","I15",15,0,0,0,0,0
"E120","I16",16,0,0,0,0,0
"E120","I17",17,0,0,0,0,0
"E120","I18",18,0,0,0,0,0
"E120","I19",19,0,0,0,0,0
"E120","I20",20,1,1,0,0,0
"E120","I21",21,0,0,0,0,0
"E120","I22",22,0,0,0,0,0
"E120","I23",23,1,1,0,0,0
"E120","I24",24,0,0,0,0,0
"E120","I25",25,0,0,0,0,0
"E120","I26",26,0,0,0,0,0
"E120","I27",27,0,0,0,0,0
"E120","I28",28,0,0,0,0,0
"E120","I29",29,0,0,0,0,0
"E120","I30",30,0,0,0,0,0
"E120","I31",31,0,0,0,0,0
"E120","I32",32,0,0,0,0,0
"E120","I33",33,0,0,0,0,0
"E120","I34",34,0,0,0,0,0
"E120","I35",35,0,0,0,0,0
"E120","I36",36,0,0,0,0,0
"E120","I37",37,1,1,0,0,0
"E120","I38",38,1,1,0,0,0
"E120","I39",39,0,0,0,0,0
"E120","I40",40,1,1,0,0,0
"E121","I01",1,1,1,0,0,0
"E121","I02",2,1,1,0,0,0
"E121","I03",3,1,1,0,0,0
"E121","I04",4,1,1,0,0,0
"E121","I05",5,0,0,0,0,0
"E121","I06",6,1,1,0,0,0
"E121","I07",7,1,1,0,0,0
"E121","I08",8,1,1,0,0,0
"E121","I09",9,1,1,0,0,0
"E121","I10",10,0,1,1,1,0
"E121","I11",11,1,1,0,0,0
"E121","I12",12,0,0,0,0,0
"E121","I13",13,1,1,0,0,0
"E121","I14",14,1,1,0,0,0
"E121","I15",15,1,1,0,0,0
"E121","I16",16,1,1,0,0,0
"E121","I17",17,1,1,0,0,0
"E121","I18",18,1,1,0,0,0
"E121","I19",19,1,1,0,0,0
"E121","I20",20,1,1,0,0,0
"E121","I21",21,1,1,0,0,0
"E121","I22",22,0,0,0,0,0
"E121","I23",23,1,1,0,0,0
"E121","I24",24,1,1,0,0,0
"E121","I25",25,1,1,0,0,0
"E121","I26",26,1,0,1,0,1
"E121","I27",27,0,0,0,0,0
"E121","I28",28,1,1,0,0,0
"E121","I29",29,1,1,0,0,0
"E121","I30",30,1,1,0,0,0
"E121","I31",31,1,1,0,0,0
"E121","I32",32,1,1,0,0,0
"E121","I33",33,0,0,0,0,0
"E121","I34",34,0,0,0,0,0
"E121","I35",35,0,0,0,0,0
"E121","I36",36,1,1,0,0,0
"E121","I37",37,1,1,0,0,0
"E121","I38",38,1,1,0,0,0
"E121","I39",39,1,1,0,0,0
"E121","I40",40,1,1,0,0,0
"E122","I01",1,1,1,0,0,0
"E122","I02",2,1,1,0,0,0
"E122","I03",3,1,1,0,0,0
"E122","I04",4,1,1,0,0,0
"E122","I05",5,0,1,1,1,0
"E122","I06",6,0,0,0,0,0
"E122","I07",7,1,1,0,0,0
"E122","I08",8,1,1,0,0,0
"E122","I09",9,1,1,0,0,0
"E122","I10",10,0,1,1,1,0
"E122","I11",11,0,0,0,0,0
"E122","I12",12,0,0,0,0,0
"E122","I13",13,1,1,0,0,0
"E122","I14",14,1,1,0,0,0
"E122","I15",15,0,0,0,0,0
"E122","I16",16,1,1,0,0,0
"E122","I17",17,1,1,0,0,0
"E122","I18",18,0,0,0,0,0
"E122","I19",19,1,1,0,0,0
"E122","I20",20,1,1,0,0,0
"E122","I21",21,1,1,0,0,0
"E122","I22",22,0,0,0,0,0
"E122","I23",23,0,0,0,0,0
"E122","I24",24,0,0,0,0,0
"E122","I25",25,1,1,0,0,0
"E122","I26",26,1,1,0,0,0
"E122","I27",27,1,0,1,0,1
"E122","I28",28,1,1,0,0,0
"E122","I29",29,1,1,0,0,0
"E122","I30",30,1,1,0,0,0
"E122","I31",31,0,0,0,0,0
"E122","I32",32,1,1,0,0,0
"E122","I33",33,1,1,0,0,0
"E122","I34",34,0,0,0,0,0
"E122","I35",35,1,1,0,0,0
"E122","I36",36,1,1,0,0,0
"E122","I37",37,1,1,0,0,0
"E122","I38",38,1,1,0,0,0
"E122","I39",39,0,0,0,0,0
"E122","I40",40,1,1,0,0,0
"E123","I01",1,1,1,0,0,0
"E123","I02",2,1,1,0,0,0
"E123","I03",3,1,1,0,0,0
"E123","I04",4,1,1,0,0,0
"E123","I05",5,0,0,0,0,0
"E123","I06",6,1,1,0,0,0
"E123","I07",7,1,1,0,0,0
"E123","I08",8,1,1,0,0,0
"E123","I09",9,1,1,0,0,0
"E123","I10",10,0,0,0,0,0
"E123","I11",11,0,0,0,0,0
"E123","I12",12,0,0,0,0,0
"E123","I13",13,1,1,0,0,0
"E123","I14",14,0,0,0,0,0
"E123","I15",15,0,0,0,0,0
"E123","I16",16,1,1,0,0,0
"E123","I17",17,0,0,0,0,0
"E123","I18",18,1,1,0,0,0
"E123","I19",19,0,0,0,0,0
"E123","I20",20,0,0,0,0,0
"E123","I21",21,1,1,0,0,0
"E123","I22",22,0,0,0,0,0
"E123","I23",23,1,1,0,0,0
"E123","I24",24,0,1,1,1,0
"E123","I25",25,0,0,0,0,0
"E123","I26",26,1,1,0,0,0
"E123","I27",27,0,0,0,0,0
"E123","I28",28,1,1,0,0,0
"E123","I29",29,0,0,0,0,0
"E123","I30",30,0,0,0,0,0
"E123","I31",31,0,0,0,0,0
"E123","I32",32,1,1,0,0,0
"E123","I33",33,0,0,0,0,0
"E123","I34",34,1,1,0,0,0
"E123","I35",35,1,1,0,0,0
"E123","I36",36,1,1,0,0,0
"E123","I37",37,1,1,0,0,0
"E123","I38",38,1,1,0,0,0
"E123","I39",39,1,1,0,0,0
"E123","I40",40,0,0,0,0,0
"E124","I01",1,1,1,0,0,0
"E124","I02",2,0,0,0,0,0
"E124","I03",3,1,1,0,0,0
"E124","I04",4,0,1,1,1,0
"E124","I05",5,0,0,0,0,0
"E124","I06",6,1,1,0,0,0
"E124","I07",7,1,1,0,0,0
"E124","I08",8,1,1,0,0,0
"E124","I09",9,1,1,0,0,0
"E124","I10",10,0,0,0,0,0
"E124","I11",11,0,0,0,0,0
"E124","I12",12,1,1,0,0,0
"E124","I13",13,1,1,0,0,0
"E124","I14",14,1,1,0,0,0
"E124","I15",15,1,1,0,0,0
"E124","I16",16,0,0,0,0,0
"E124","I17",17,1,1,0,0,0
"E124","I18",18,0,0,0,0,0
"E124","I19",19,1,1,0,0,0
"E124","I20",20,0,0,0,0,0
"E124","I21",21,0,0,0,0,0
"E124","I22",22,1,1,0,0,0
"E124","I23",23,1,1,0,0,0
"E124","I24",24,1,1,0,0,0
"E124","I25",25,1,1,0,0,0
"E124","I26",26,1,1,0,0,0
"E124","I27",27,1,1,0,0,0
"E124","I28",28,1,1,0,0,0
"E124","I29",29,1,1,0,0,0
"E124","I30",30,1,1,0,0,0
"E124","I31",31,1,1,0,0,0
"E124","I32",32,1,1,0,0,0
"E124","I33",33,1,1,0,0,0
"E124","I34",34,1,1,0,0,0
"E124","I35",35,1,1,0,0,0
"E124","I36",36,0,0,0,0,0
"E124","I37",37,1,1,0,0,0
"E124","I38",38,1,1,0,0,0
"E124","I39",39,1,1,0,0,0
"E124","I40",40,0,0,0,0,0
"E125","I01",1,0,0,0,0,0
"E125","I02",2,1,1,0,0,0
"E125","I03",3,0,0,0,0,0
"E125","I04",4,0,0,0,0,0
"E125","I05",5,0,0,0,0,0
"E125","I06",6,0,0,0,0,0
"E125","I07",7,0,0,0,0,0
"E125","I08",8,0,0,0,0,0
"E125","I09",9,0,0,0,0,0
"E125","I10",10,0,0,0,0,0
"E125","I11",11,0,0,0,0,0
"E125","I12",12,0,0,0,0,0
"E125","I13",13,0,0,0,0,0
"E125","I14",14,0,0,0,0,0
"E125","I15",15,0,0,0,0,0
"E125","I16",16,0,0,0,0,0
"E125","I17",17,0,0,0,0,0
"E125","I18",18,0,0,0,0,0
"E125","I19",19,1,1,0,0,0
"E125","I20",20,0,0,0,0,0
"E125","I21",21,0,0,0,0,0
"E125","I22",22,1,0,1,0,1
"E125","I23",23,1,0,1,0,1
"E125","I24",24,1,1,0,0,0
"E125","I25",25,0,0,0,0,0
"E125","I26",26,1,1,0,0,0
"E125","I27",27,0,0,0,0,0
"E125","I28",28,0,0,0,0,0
"E125","I29",29,0,0,0,0,0
"E125","I30",30,0,0,0,0,0
"E125","I31",31,0,0,0,0,0
"E125","I32",32,0,0,0,0,0
"E125","I33",33,0,0,0,0,0
"E125","I34",34,0,0,0,0,0
"E125","I35",35,0,0,0,0,0
"E125","I36",36,1,1,0,0,0
"E125","I37",37,0,0,0,0,0
"E125","I38",38,0,0,0,0,0
"E125","I39",39,0,0,0,0,0
"E125","I40",40,0,0,0,0,0
"E126","I01",1,0,0,0,0,0
"E126","I02",2,1,1,0,0,0
"E126","I03",3,1,1,0,0,0
"E126","I04",4,1,1,0,0,0
"E126","I05",5,1,0,1,0,1
"E126","I06",6,1,1,0,0,0
"E126","I07",7,1,1,0,0,0
"E126","I08",8,0,0,0,0,0
"E126","I09",9,1,1,0,0,0
"E126","I10",10,1,1,0,0,0
"E126","I11",11,0,0,0,0,0
"E126","I12",12,0,0,0,0,0
"E126","I13",13,0,0,0,0,0
"E126","I14",14,0,1,1,1,0
"E126","I15",15,1,1,0,0,0
"E126","I16",16,1,1,0,0,0
"E126","I17",17,1,1,0,0,0
"E126","I18",18,1,1,0,0,0
"E126","I19",19,1,1,0,0,0
"E126","I20",20,0,0,0,0,0
"E126","I21",21,1,1,0,0,0
"E126","I22",22,0,0,0,0,0
"E126","I23",23,1,1,0,0,0
"E126","I24",24,0,0,0,0,0
"E126","I25",25,1,1,0,0,0
"E126","I26",26,1,1,0,0,0
"E126","I27",27,0,0,0,0,0
"E126","I28",28,0,0,0,0,0
"E126","I29",29,0,0,0,0,0
"E126","I30",30,0,0,0,0,0
"E126","I31",31,1,1,0,0,0
"E126","I32",32,1,1,0,0,0
"E126","I33",33,0,0,0,0,0
"E126","I34",34,0,0,0,0,0
"E126","I35",35,1,1,0,0,0
"E126","I36",36,1,1,0,0,0
"E126","I37",37,1,1,0,0,0
"E126","I38",38,0,1,1,1,0
"E126","I39",39,1,1,0,0,0
"E126","I40",40,0,0,0,0,0
"E127","I01",1,1,1,0,0,0
"E127","I02",2,1,1,0,0,0
"E127","I03",3,1,1,0,0,0
"E127","I04",4,1,1,0,0,0
"E127","I05",5,0,0,0,0,0
"E127","I06",6,0,0,0,0,0
"E127","I07",7,1,1,0,0,0
"E127","I08",8,1,1,0,0,0
"E127","I09",9,0,0,0,0,0
"E127","I10",10,1,1,0,0,0
"E127","I11",11,0,0,0,0,0
"E127","I12",12,0,0,0,0,0
"E127","I13",13,1,1,0,0,0
"E127","I14",14,0,0,0,0,0
"E127","I15",15,0,0,0,0,0
"E127","I16",16,0,0,0,0,0
"E127","I17",17,0,0,0,0,0
"E127","I18",18,1,1,0,0,0
"E127","I19",19,1,1,0,0,0
"E127","I20",20,1,1,0,0,0
"E127","I21",21,0,0,0,0,0
"E127","I22",22,0,0,0,0,0
"E127","I23",23,1,1,0,0,0
"E127","I24",24,1,1,0,0,0
"E127","I25",25,1,1,0,0,0
"E127","I26",26,1,1,0,0,0
"E127","I27",27,0,0,0,0,0
"E127","I28",28,1,1,0,0,0
"E127","I29",29,0,0,0,0,0
"E127","I30",30,0,0,0,0,0
"E127","I31",31,0,0,0,0,0
"E127","I32",32,1,1,0,0,0
"E127","I33",33,0,0,0,0,0
"E127","I34",34,0,0,0,0,0
"E127","I35",35,1,1,0,0,0
"E127","I36",36,0,0,0,0,0
"E127","I37",37,0,0,0,0,0
"E127","I38",38,1,1,0,0,0
"E127","I39",39,0,0,0,0,0
"E127","I40",40,0,0,0,0,0
"E128","I01",1,0,1,1,1,0
"E128","I02",2,0,0,0,0,0
"E128","I03",3,0,0,0,0,0
"E128","I04",4,1,1,0,0,0
"E128","I05",5,0,0,0,0,0
"E128","I06",6,0,0,0,0,0
"E128","I07",7,1,1,0,0,0
"E128","I08",8,1,1,0,0,0
"E128","I09",9,1,1,0,0,0
"E128","I10",10,1,1,0,0,0
"E128","I11",11,0,0,0,0,0
"E128","I12",12,0,0,0,0,0
"E128","I13",13,1,0,1,0,1
"E128","I14",14,0,0,0,0,0
"E128","I15",15,1,1,0,0,0
"E128","I16",16,1,1,0,0,0
"E128","I17",17,0,0,0,0,0
"E128","I18",18,0,0,0,0,0
"E128","I19",19,1,1,0,0,0
"E128","I20",20,1,1,0,0,0
"E128","I21",21,0,0,0,0,0
"E128","I22",22,1,1,0,0,0
"E128","I23",23,1,1,0,0,0
"E128","I24",24,0,0,0,0,0
"E128","I25",25,1,1,0,0,0
"E128","I26",26,0,0,0,0,0
"E128","I27",27,0,0,0,0,0
"E128","I28",28,1,1,0,0,0
"E128","I29",29,0,0,0,0,0
"E128","I30",30,1,1,0,0,0
"E128","I31",31,0,0,0,0,0
"E128","I32",32,1,0,1,0,1
"E128","I33",33,0,0,0,0,0
"E128","I34",34,0,0,0,0,0
"E128","I35",35,0,0,0,0,0
"E128","I36",36,0,0,0,0,0
"E128","I37",37,1,1,0,0,0
"E128","I38",38,1,1,0,0,0
"E128","I39",39,0,0,0,0,0
"E128","I40",40,0,0,0,0,0
"E129","I01",1,1,1,0,0,0
"E129","I02",2,1,1,0,0,0
"E129","I03",3,0,0,0,0,0
"E129","I04",4,1,1,0,0,0
"E129","I05",5,1,1,0,0,0
"E129","I06",6,1,1,0,0,0
"E129","I07",7,1,1,0,0,0
"E129","I08",8,1,0,1,0,1
"E129","I09",9,1,1,0,0,0
"E129","I10",10,1,1,0,0,0
"E129","I11",11,1,1,0,0,0
"E129","I12",12,1,1,0,0,0
"E129","I13",13,0,0,0,0,0
"E129","I14",14,1,1,0,0,0
"E129","I15",15,1,1,0,0,0
"E129","I16",16,1,1,0,0,0
"E129","I17",17,1,0,1,0,1
"E129","I18",18,0,0,0,0,0
"E129","I19",19,1,1,0,0,0
"E129","I20",20,1,1,0,0,0
"E129","I21",21,0,0,0,0,0
"E129","I22",22,0,0,0,0,0
"E129","I23",23,1,1,0,0,0
"E129","I24",24,0,0,0,0,0
"E129","I25",25,1,1,0,0,0
"E129","I26",26,1,1,0,0,0
"E129","I27",27,1,1,0,0,0
"E129","I28",28,1,1,0,0,0
"E129","I29",29,0,0,0,0,0
"E129","I30",30,1,1,0,0,0
"E129","I31",31,0,0,0,0,0
"E129","I32",32,0,0,0,0,0
"E129","I33",33,0,0,0,0,0
"E129","I34",34,0,0,0,0,0
"E129","I35",35,0,0,0,0,0
"E129","I36",36,1,1,0,0,0
"E129","I37",37,1,1,0,0,0
"E129","I38",38,1,1,0,0,0
"E129","I39",39,0,0,0,0,0
"E129","I40",40,0,0,0,0,0
"E130","I01",1,1,1,0,0,0
"E130","I02",2,1,1,0,0,0
"E130","I03",3,1,1,0,0,0
"E130","I04",4,1,1,0,0,0
"E130","I05",5,1,1,0,0,0
"E130","I06",6,1,1,0,0,0
"E130","I07",7,1,1,0,0,0
"E130","I08",8,0,0,0,0,0
"E130","I09",9,0,0,0,0,0
"E130","I10",10,0,0,0,0,0
"E130","I11",11,0,0,0,0,0
"E130","I12",12,1,1,0,0,0
"E130","I13",13,1,1,0,0,0
"E130","I14",14,1,1,0,0,0
"E130","I15",15,0,0,0,0,0
"E130","I16",16,0,0,0,0,0
"E130","I17",17,0,1,1,1,0
"E130","I18",18,1,1,0,0,0
"E130","I19",19,1,1,0,0,0
"E130","I20",20,1,1,0,0,0
"E130","I21",21,1,1,0,0,0
"E130","I22",22,0,0,0,0,0
"E130","I23",23,1,1,0,0,0
"E130","I24",24,0,0,0,0,0
"E130","I25",25,1,1,0,0,0
"E130","I26",26,1,1,0,0,0
"E130","I27",27,0,0,0,0,0
"E130","I28",28,1,1,0,0,0
"E130","I29",29,0,0,0,0,0
"E130","I30",30,0,0,0,0,0
"E130","I31",31,1,1,0,0,0
"E130","I32",32,1,1,0,0,0
"E130","I33",33,1,1,0,0,0
"E130","I34",34,0,0,0,0,0
"E130","I35",35,0,0,0,0,0
"E130","I36",36,0,0,0,0,0
"E130","I37",37,0,0,0,0,0
"E130","I38",38,1,1,0,0,0
"E130","I39",39,0,1,1,1,0
"E130","I40",40,1,1,0,0,0
"E131","I01",1,1,1,0,0,0
"E131","I02",2,0,0,0,0,0
"E131","I03",3,1,1,0,0,0
"E131","I04",4,1,1,0,0,0
"E131","I05",5,0,0,0,0,0
"E131","I06",6,1,1,0,0,0
"E131","I07",7,0,0,0,0,0
"E131","I08",8,0,0,0,0,0
"E131","I09",9,1,1,0,0,0
"E131","I10",10,1,1,0,0,0
"E131","I11",11,0,0,0,0,0
"E131","I12",12,0,0,0,0,0
"E131","I13",13,0,0,0,0,0
"E131","I14",14,0,0,0,0,0
"E131","I15",15,0,0,0,0,0
"E131","I16",16,0,0,0,0,0
"E131","I17",17,0,0,0,0,0
"E131","I18",18,0,0,0,0,0
"E131","I19",19,1,1,0,0,0
"E131","I20",20,1,1,0,0,0
"E131","I21",21,1,1,0,0,0
"E131","I22",22,1,1,0,0,0
"E131","I23",23,1,1,0,0,0
"E131","I24",24,1,1,0,0,0
"E131","I25",25,1,1,0,0,0
"E131","I26",26,1,1,0,0,0
"E131","I27",27,0,0,0,0,0
"E131","I28",28,0,0,0,0,0
"E131","I29",29,0,0,0,0,0
"E131","I30",30,0,0,0,0,0
"E131","I31",31,0,0,0,0,0
"E131","I32",32,0,0,0,0,0
"E131","I33",33,0,0,0,0,0
"E131","I34",34,0,0,0,0,0
"E131","I35",35,0,0,0,0,0
"E131","I36",36,0,0,0,0,0
"E131","I37",37,1,1,0,0,0
"E131","I38",38,1,1,0,0,0
"E131","I39",39,0,0,0,0,0
"E131","I40",40,0,0,0,0,0
"E132","I01",1,1,1,0,0,0
"E132","I02",2,1,1,0,0,0
"E132","I03",3,1,1,0,0,0
"E132","I04",4,1,1,0,0,0
"E132","I05",5,1,1,0,0,0
"E132","I06",6,1,1,0,0,0
"E132","I07",7,1,1,0,0,0
"E132","I08",8,0,1,1,1,0
"E132","I09",9,1,1,0,0,0
"E132","I10",10,1,1,0,0,0
"E132","I11",11,1,1,0,0,0
"E132","I12",12,1,1,0,0,0
"E132","I13",13,0,0,0,0,0
"E132","I14",14,0,0,0,0,0
"E132","I15",15,1,1,0,0,0
"E132","I16",16,1,1,0,0,0
"E132","I17",17,1,1,0,0,0
"E132","I18",18,1,1,0,0,0
"E132","I19",19,1,1,0,0,0
"E132","I20",20,1,1,0,0,0
"E132","I21",21,1,1,0,0,0
"E132","I22",22,1,1,0,0,0
"E132","I23",23,1,1,0,0,0
"E132","I24",24,1,1,0,0,0
"E132","I25",25,0,1,1,1,0
"E132","I26",26,1,1,0,0,0
"E132","I27",27,1,1,0,0,0
"E132","I28",28,1,1,0,0,0
"E132","I29",29,0,0,0,0,0
"E132","I30",30,0,0,0,0,0
"E132","I31",31,1,1,0,0,0
"E132","I32",32,1,1,0,0,0
"E132","I33",33,1,1,0,0,0
"E132","I34",34,1,1,0,0,0
"E132","I35",35,1,1,0,0,0
"E132","I36",36,1,1,0,0,0
"E132","I37",37,1,1,0,0,0
"E132","I38",38,1,1,0,0,0
"E132","I39",39,1,1,0,0,0
"E132","I40",40,1,1,0,0,0
"E133","I01",1,1,1,0,0,0
"E133","I02",2,1,1,0,0,0
"E133","I03",3,1,1,0,0,0
"E133","I04",4,1,1,0,0,0
"E133","I05",5,0,1,1,1,0
"E133","I06",6,1,1,0,0,0
"E133","I07",7,1,1,0,0,0
"E133","I08",8,1,1,0,0,0
"E133","I09",9,1,1,0,0,0
"E133","I10",10,0,0,0,0,0
"E133","I11",11,0,0,0,0,0
"E133","I12",12,1,1,0,0,0
"E133","I13",13,1,1,0,0,0
"E133","I14",14,1,1,0,0,0
"E133","I15",15,0,0,0,0,0
"E133","I16",16,1,1,0,0,0
"E133","I17",17,1,1,0,0,0
"E133","I18",18,0,0,0,0,0
"E133","I19",19,1,1,0,0,0
"E133","I20",20,0,0,0,0,0
"E133","I21",21,1,1,0,0,0
"E133","I22",22,1,1,0,0,0
"E133","I23",23,1,1,0,0,0
"E133","I24",24,0,0,0,0,0
"E133","I25",25,0,0,0,0,0
"E133","I26",26,1,1,0,0,0
"E133","I27",27,0,0,0,0,0
"E133","I28",28,1,1,0,0,0
"E133","I29",29,1,1,0,0,0
"E133","I30",30,0,0,0,0,0
"E133","I31",31,0,0,0,0,0
"E133","I32",32,1,1,0,0,0
"E133","I33",33,0,0,0,0,0
"E133","I34",34,0,0,0,0,0
"E133","I35",35,0,0,0,0,0
"E133","I36",36,1,1,0,0,0
"E133","I37",37,1,1,0,0,0
"E133","I38",38,1,1,0,0,0
"E133","I39",39,0,0,0,0,0
"E133","I40",40,1,1,0,0,0
"E134","I01",1,1,1,0,0,0
"E134","I02",2,0,0,0,0,0
"E134","I03",3,0,0,0,0,0
"E134","I04",4,1,1,0,0,0
"E134","I05",5,1,0,1,0,1
"E134","I06",6,0,0,0,0,0
"E134","I07",7,1,1,0,0,0
"E134","I08",8,0,0,0,0,0
"E134","I09",9,1,1,0,0,0
"E134","I10",10,1,1,0,0,0
"E134","I11",11,0,0,0,0,0
"E134","I12",12,1,1,0,0,0
"E134","I13",13,1,1,0,0,0
"E134","I14",14,0,0,0,0,0
"E134","I15",15,1,1,0,0,0
"E134","I16",16,1,1,0,0,0
"E134","I17",17,0,0,0,0,0
"E134","I18",18,0,0,0,0,0
"E134","I19",19,1,0,1,0,1
"E134","I20",20,1,1,0,0,0
"E134","I21",21,0,0,0,0,0
"E134","I22",22,1,1,0,0,0
"E134","I23",23,0,0,0,0,0
"E134","I24",24,0,0,0,0,0
"E134","I25",25,1,1,0,0,0
"E134","I26",26,1,1,0,0,0
"E134","I27",27,0,0,0,0,0
"E134","I28",28,1,1,0,0,0
"E134","I29",29,1,1,0,0,0
"E134","I30",30,0,0,0,0,0
"E134","I31",31,0,0,0,0,0
"E134","I32",32,0,0,0,0,0
"E134","I33",33,0,0,0,0,0
"E134","I34",34,0,0,0,0,0
"E134","I35",35,1,1,0,0,0
"E134","I36",36,1,1,0,0,0
"E134","I37",37,0,1,1,1,0
"E134","I38",38,1,1,0,0,0
"E134","I39",39,0,0,0,0,0
"E134","I40",40,0,0,0,0,0
"E135","I01",1,1,1,0,0,0
"E135","I02",2,1,1,0,0,0
"E135","I03",3,1,1,0,0,0
"E135","I04",4,1,1,0,0,0
"E135","I05",5,0,0,0,0,0
"E135","I06",6,1,1,0,0,0
"E135","I07",7,1,1,0,0,0
"E135","I08",8,1,1,0,0,0
"E135","I09",9,0,0,0,0,0
"E135","I10",10,0,0,0,0,0
"E135","I11",11,0,0,0,0,0
"E135","I12",12,1,1,0,0,0
"E135","I13",13,1,1,0,0,0
"E135","I14",14,0,0,0,0,0
"E135","I15",15,1,1,0,0,0
"E135","I16",16,1,1,0,0,0
"E135","I17",17,1,1,0,0,0
"E135","I18",18,1,1,0,0,0
"E135","I19",19,1,1,0,0,0
"E135","I20",20,1,1,0,0,0
"E135","I21",21,0,0,0,0,0
"E135","I22",22,0,0,0,0,0
"E135","I23",23,0,0,0,0,0
"E135","I24",24,0,0,0,0,0
"E135","I25",25,1,1,0,0,0
"E135","I26",26,1,1,0,0,0
"E135","I27",27,0,0,0,0,0
"E135","I28",28,1,1,0,0,0
"E135","I29",29,0,0,0,0,0
"E135","I30",30,0,0,0,0,0
"E135","I31",31,0,0,0,0,0
"E135","I32",32,1,1,0,0,0
"E135","I33",33,0,0,0,0,0
"E135","I34",34,0,0,0,0,0
"E135","I35",35,0,1,1,1,0
"E135","I36",36,1,1,0,0,0
"E135","I37",37,1,1,0,0,0
"E135","I38",38,1,1,0,0,0
"E135","I39",39,1,1,0,0,0
"E135","I40",40,0,0,0,0,0
"E136","I01",1,1,1,0,0,0
"E136","I02",2,0,0,0,0,0
"E136","I03",3,0,0,0,0,0
"E136","I04",4,1,1,0,0,0
"E136","I05",5,0,0,0,0,0
"E136","I06",6,1,1,0,0,0
"E136","I07",7,0,0,0,0,0
"E136","I08",8,1,1,0,0,0
"E136","I09",9,0,0,0,0,0
"E136","I10",10,1,1,0,0,0
"E136","I11",11,0,0,0,0,0
"E136","I12",12,1,1,0,0,0
"E136","I13",13,1,1,0,0,0
"E136","I14",14,0,0,0,0,0
"E136","I15",15,0,0,0,0,0
"E136","I16",16,1,1,0,0,0
"E136","I17",17,0,0,0,0,0
"E136","I18",18,1,1,0,0,0
"E136","I19",19,1,1,0,0,0
"E136","I20",20,0,0,0,0,0
"E136","I21",21,0,0,0,0,0
"E136","I22",22,0,0,0,0,0
"E136","I23",23,1,1,0,0,0
"E136","I24",24,0,0,0,0,0
"E136","I25",25,1,1,0,0,0
"E136","I26",26,1,1,0,0,0
"E136","I27",27,0,0,0,0,0
"E136","I28",28,0,0,0,0,0
"E136","I29",29,1,1,0,0,0
"E136","I30",30,0,0,0,0,0
"E136","I31",31,1,1,0,0,0
"E136","I32",32,1,0,1,0,1
"E136","I33",33,0,0,0,0,0
"E136","I34",34,0,0,0,0,0
"E136","I35",35,1,1,0,0,0
"E136","I36",36,1,1,0,0,0
"E136","I37",37,1,1,0,0,0
"E136","I38",38,0,0,0,0,0
"E136","I39",39,0,0,0,0,0
"E136","I40",40,1,1,0,0,0
"E137","I01",1,1,1,0,0,0
"E137","I02",2,1,1,0,0,0
"E137","I03",3,0,0,0,0,0
"E137","I04",4,1,1,0,0,0
"E137","I05",5,0,0,0,0,0
"E137","I06",6,1,1,0,0,0
"E137","I07",7,0,0,0,0,0
"E137","I08",8,0,0,0,0,0
"E137","I09",9,0,0,0,0,0
"E137","I10",10,1,1,0,0,0
"E137","I11",11,0,0,0,0,0
"E137","I12",12,0,0,0,0,0
"E137","I13",13,0,0,0,0,0
"E137","I14",14,0,0,0,0,0
"E137","I15",15,0,0,0,0,0
"E137","I16",16,0,0,0,0,0
"E137","I17",17,0,0,0,0,0
"E137","I18",18,0,0,0,0,0
"E137","I19",19,1,1,0,0,0
"E137","I20",20,1,1,0,0,0
"E137","I21",21,0,0,0,0,0
"E137","I22",22,0,0,0,0,0
"E137","I23",23,0,0,0,0,0
"E137","I24",24,0,0,0,0,0
"E137","I25",25,0,0,0,0,0
"E137","I26",26,0,0,0,0,0
"E137","I27",27,0,0,0,0,0
"E137","I28",28,1,1,0,0,0
"E137","I29",29,0,0,0,0,0
"E137","I30",30,0,0,0,0,0
"E137","I31",31,0,0,0,0,0
"E137","I32",32,0,0,0,0,0
"E137","I33",33,0,0,0,0,0
"E137","I34",34,0,0,0,0,0
"E137","I35",35,1,1,0,0,0
"E137","I36",36,0,0,0,0,0
"E137","I37",37,0,0,0,0,0
"E137","I38",38,1,1,0,0,0
"E137","I39",39,0,0,0,0,0
"E137","I40",40,0,0,0,0,0
"E138","I01",1,1,1,0,0,0
"E138","I02",2,1,1,0,0,0
"E138","I03",3,0,1,1,1,0
"E138","I04",4,1,1,0,0,0
"E138","I05",5,0,0,0,0,0
"E138","I06",6,0,0,0,0,0
"E138","I07",7,1,0,1,0,1
"E138","I08",8,1,1,0,0,0
"E138","I09",9,0,0,0,0,0
"E138","I10",10,1,1,0,0,0
"E138","I11",11,1,1,0,0,0
"E138","I12",12,0,1,1,1,0
"E138","I13",13,1,1,0,0,0
"E138","I14",14,1,1,0,0,0
"E138","I15",15,0,0,0,0,0
"E138","I16",16,1,1,0,0,0
"E138","I17",17,0,0,0,0,0
"E138","I18",18,0,0,0,0,0
"E138","I19",19,1,1,0,0,0
"E138","I20",20,1,1,0,0,0
"E138","I21",21,1,1,0,0,0
"E138","I22",22,0,0,0,0,0
"E138","I23",23,1,1,0,0,0
"E138","I24",24,0,0,0,0,0
"E138","I25",25,0,0,0,0,0
"E138","I26",26,0,0,0,0,0
"E138","I27",27,0,0,0,0,0
"E138","I28",28,1,1,0,0,0
"E138","I29",29,1,1,0,0,0
"E138","I30",30,0,0,0,0,0
"E138","I31",31,0,0,0,0,0
"E138","I32",32,1,1,0,0,0
"E138","I33",33,0,0,0,0,0
"E138","I34",34,0,0,0,0,0
"E138","I35",35,0,0,0,0,0
"E138","I36",36,1,1,0,0,0
"E138","I37",37,1,1,0,0,0
"E138","I38",38,0,0,0,0,0
"E138","I39",39,1,1,0,0,0
"E138","I40",40,0,0,0,0,0
"E139","I01",1,0,1,1,1,0
"E139","I02",2,1,1,0,0,0
"E139","I03",3,1,1,0,0,0
"E139","I04",4,1,1,0,0,0
"E139","I05",5,0,0,0,0,0
"E139","I06",6,1,1,0,0,0
"E139","I07",7,1,1,0,0,0
"E139","I08",8,1,1,0,0,0
"E139","I09",9,1,1,0,0,0
"E139","I10",10,1,1,0,0,0
"E139","I11",11,0,1,1,1,0
"E139","I12",12,1,1,0,0,0
"E139","I13",13,1,1,0,0,0
"E139","I14",14,1,1,0,0,0
"E139","I15",15,0,0,0,0,0
"E139","I16",16,1,1,0,0,0
"E139","I17",17,1,1,0,0,0
"E139","I18",18,0,0,0,0,0
"E139","I19",19,1,1,0,0,0
"E139","I20",20,1,1,0,0,0
"E139","I21",21,1,1,0,0,0
"E139","I22",22,1,1,0,0,0
"E139","I23",23,1,1,0,0,0
"E139","I24",24,1,1,0,0,0
"E139","I25",25,1,1,0,0,0
"E139","I26",26,1,1,0,0,0
"E139","I27",27,0,0,0,0,0
"E139","I28",28,1,1,0,0,0
"E139","I29",29,1,1,0,0,0
"E139","I30",30,1,1,0,0,0
"E139","I31",31,1,1,0,0,0
"E139","I32",32,1,1,0,0,0
"E139","I33",33,0,0,0,0,0
"E139","I34",34,1,1,0,0,0
"E139","I35",35,1,1,0,0,0
"E139","I36",36,0,0,0,0,0
"E139","I37",37,1,1,0,0,0
"E139","I38",38,1,1,0,0,0
"E139","I39",39,1,1,0,0,0
"E139","I40",40,1,1,0,0,0
"E140","I01",1,1,1,0,0,0
"E140","I02",2,1,1,0,0,0
"E140","I03",3,0,0,0,0,0
"E140","I04",4,1,1,0,0,0
"E140","I05",5,1,0,1,0,1
"E140","I06",6,0,0,0,0,0
"E140","I07",7,0,0,0,0,0
"E140","I08",8,0,0,0,0,0
"E140","I09",9,1,1,0,0,0
"E140","I10",10,1,1,0,0,0
"E140","I11",11,0,0,0,0,0
"E140","I12",12,1,1,0,0,0
"E140","I13",13,0,0,0,0,0
"E140","I14",14,1,1,0,0,0
"E140","I15",15,0,0,0,0,0
"E140","I16",16,1,1,0,0,0
"E140","I17",17,0,0,0,0,0
"E140","I18",18,0,0,0,0,0
"E140","I19",19,1,1,0,0,0
"E140","I20",20,1,1,0,0,0
"E140","I21",21,1,1,0,0,0
"E140","I22",22,0,0,0,0,0
"E140","I23",23,0,0,0,0,0
"E140","I24",24,0,0,0,0,0
"E140","I25",25,0,0,0,0,0
"E140","I26",26,1,1,0,0,0
"E140","I27",27,0,1,1,1,0
"E140","I28",28,0,0,0,0,0
"E140","I29",29,0,0,0,0,0
"E140","I30",30,0,0,0,0,0
"E140","I31",31,0,0,0,0,0
"E140","I32",32,1,1,0,0,0
"E140","I33",33,1,1,0,0,0
"E140","I34",34,1,0,1,0,1
"E140","I35",35,1,1,0,0,0
"E140","I36",36,1,1,0,0,0
"E140","I37",37,0,0,0,0,0
"E140","I38",38,0,0,0,0,0
"E140","I39",39,1,1,0,0,0
"E140","I40",40,0,0,0,0,0
"E141","I01",1,0,1,1,1,0
"E141","I02",2,1,1,0,0,0
"E141","I03",3,0,0,0,0,0
"E141","I04",4,1,1,0,0,0
"E141","I05",5,1,1,0,0,0
"E141","I06",6,1,1,0,0,0
"E141","I07",7,0,0,0,0,0
"E141","I08",8,0,0,0,0,0
"E141","I09",9,1,1,0,0,0
"E141","I10",10,1,1,0,0,0
"E141","I11",11,0,0,0,0,0
"E141","I12",12,1,1,0,0,0
"E141","I13",13,1,1,0,0,0
"E141","I14",14,1,1,0,0,0
"E141","I15",15,1,1,0,0,0
"E141","I16",16,1,1,0,0,0
"E141","I17",17,0,0,0,0,0
"E141","I18",18,0,0,0,0,0
"E141","I19",19,0,0,0,0,0
"E141","I20",20,0,0,0,0,0
"E141","I21",21,0,0,0,0,0
"E141","I22",22,1,1,0,0,0
"E141","I23",23,1,1,0,0,0
"E141","I24",24,1,1,0,0,0
"E141","I25",25,1,1,0,0,0
"E141","I26",26,1,1,0,0,0
"E141","I27",27,0,0,0,0,0
"E141","I28",28,1,1,0,0,0
"E141","I29",29,0,0,0,0,0
"E141","I30",30,0,0,0,0,0
"E141","I31",31,0,0,0,0,0
"E141","I32",32,1,1,0,0,0
"E141","I33",33,0,0,0,0,0
"E141","I34",34,0,0,0,0,0
"E141","I35",35,0,0,0,0,0
"E141","I36",36,1,1,0,0,0
"E141","I37",37,1,1,0,0,0
"E141","I38",38,1,1,0,0,0
"E141","I39",39,0,0,0,0,0
"E141","I40",40,0,0,0,0,0
"E142","I01",1,1,1,0,0,0
"E142","I02",2,1,1,0,0,0
"E142","I03",3,0,0,0,0,0
"E142","I04",4,1,1,0,0,0
"E142","I05",5,0,0,0,0,0
"E142","I06",6,1,1,0,0,0
"E142","I07",7,1,1,0,0,0
"E142","I08",8,1,1,0,0,0
"E142","I09",9,1,1,0,0,0
"E142","I10",10,0,0,0,0,0
"E142","I11",11,0,0,0,0,0
"E142","I12",12,0,0,0,0,0
"E142","I13",13,0,0,0,0,0
"E142","I14",14,1,1,0,0,0
"E142","I15",15,0,0,0,0,0
"E142","I16",16,1,1,0,0,0
"E142","I17",17,1,1,0,0,0
"E142","I18",18,1,1,0,0,0
"E142","I19",19,1,1,0,0,0
"E142","I20",20,0,0,0,0,0
"E142","I21",21,0,0,0,0,0
"E142","I22",22,1,1,0,0,0
"E142","I23",23,1,1,0,0,0
"E142","I24",24,0,0,0,0,0
"E142","I25",25,0,0,0,0,0
"E142","I26",26,1,1,0,0,0
"E142","I27",27,1,1,0,0,0
"E142","I28",28,0,0,0,0,0
"E142","I29",29,0,0,0,0,0
"E142","I30",30,1,1,0,0,0
"E142","I31",31,0,0,0,0,0
"E142","I32",32,1,1,0,0,0
"E142","I33",33,1,1,0,0,0
"E142","I34",34,0,0,0,0,0
"E142","I35",35,1,1,0,0,0
"E142","I36",36,0,0,0,0,0
"E142","I37",37,1,1,0,0,0
"E142","I38",38,1,1,0,0,0
"E142","I39",39,0,0,0,0,0
"E142","I40",40,0,0,0,0,0
"E143","I01",1,1,1,0,0,0
"E143","I02",2,0,0,0,0,0
"E143","I03",3,1,1,0,0,0
"E143","I04",4,1,1,0,0,0
"E143","I05",5,1,1,0,0,0
"E143","I06",6,1,1,0,0,0
"E143","I07",7,1,1,0,0,0
"E143","I08",8,1,1,0,0,0
"E143","I09",9,1,1,0,0,0
"E143","I10",10,1,1,0,0,0
"E143","I11",11,1,1,0,0,0
"E143","I12",12,1,1,0,0,0
"E143","I13",13,0,0,0,0,0
"E143","I14",14,0,0,0,0,0
"E143","I15",15,0,0,0,0,0
"E143","I16",16,0,0,0,0,0
"E143","I17",17,1,1,0,0,0
"E143","I18",18,1,1,0,0,0
"E143","I19",19,1,1,0,0,0
"E143","I20",20,0,1,1,1,0
"E143","I21",21,0,0,0,0,0
"E143","I22",22,1,1,0,0,0
"E143","I23",23,0,0,0,0,0
"E143","I24",24,1,1,0,0,0
"E143","I25",25,1,0,1,0,1
"E143","I26",26,0,0,0,0,0
"E143","I27",27,0,0,0,0,0
"E143","I28",28,1,1,0,0,0
"E143","I29",29,1,1,0,0,0
"E143","I30",30,0,0,0,0,0
"E143","I31",31,1,1,0,0,0
"E143","I32",32,1,1,0,0,0
"E143","I33",33,0,0,0,0,0
"E143","I34",34,1,1,0,0,0
"E143","I35",35,0,0,0,0,0
"E143","I36",36,1,1,0,0,0
"E143","I37",37,1,1,0,0,0
"E143","I38",38,1,1,0,0,0
"E143","I39",39,1,1,0,0,0
"E143","I40",40,0,0,0,0,0
"E144","I01",1,0,0,0,0,0
"E144","I02",2,0,0,0,0,0
"E144","I03",3,0,0,0,0,0
"E144","I04",4,1,1,0,0,0
"E144","I05",5,0,0,0,0,0
"E144","I06",6,0,0,0,0,0
"E144","I07",7,1,1,0,0,0
"E144","I08",8,0,0,0,0,0
"E144","I09",9,1,1,0,0,0
"E144","I10",10,0,0,0,0,0
"E144","I11",11,0,0,0,0,0
"E144","I12",12,0,0,0,0,0
"E144","I13",13,0,0,0,0,0
"E144","I14",14,1,1,0,0,0
"E144","I15",15,0,0,0,0,0
"E144","I16",16,0,0,0,0,0
"E144","I17",17,0,0,0,0,0
"E144","I18",18,0,0,0,0,0
"E144","I19",19,0,0,0,0,0
"E144","I20",20,0,0,0,0,0
"E144","I21",21,0,0,0,0,0
"E144","I22",22,0,0,0,0,0
"E144","I23",23,0,0,0,0,0
"E144","I24",24,0,0,0,0,0
"E144","I25",25,0,0,0,0,0
"E144","I26",26,0,0,0,0,0
"E144","I27",27,0,0,0,0,0
"E144","I28",28,0,0,0,0,0
"E144","I29",29,0,0,0,0,0
"E144","I30",30,0,0,0,0,0
"E144","I31",31,0,0,0,0,0
"E144","I32",32,0,0,0,0,0
"E144","I33",33,1,0,1,0,1
"E144","I34",34,0,0,0,0,0
"E144","I35",35,0,0,0,0,0
"E144","I36",36,1,1,0,0,0
"E144","I37",37,1,1,0,0,0
"E144","I38",38,0,0,0,0,0
"E144","I39",39,0,0,0,0,0
"E144","I40",40,0,0,0,0,0
"E145","I01",1,1,1,0,0,0
"E145","I02",2,1,1,0,0,0
"E145","I03",3,0,1,1,1,0
"E145","I04",4,1,1,0,0,0
"E145","I05",5,1,1,0,0,0
"E145","I06",6,1,1,0,0,0
"E145","I07",7,0,0,0,0,0
"E145","I08",8,1,1,0,0,0
"E145","I09",9,1,1,0,0,0
"E145","I10",10,1,1,0,0,0
"E145","I11",11,1,1,0,0,0
"E145","I12",12,1,1,0,0,0
"E145","I13",13,1,1,0,0,0
"E145","I14",14,0,0,0,0,0
"E145","I15",15,0,0,0,0,0
"E145","I16",16,1,1,0,0,0
"E145","I17",17,1,1,0,0,0
"E145","I18",18,0,1,1,1,0
"E145","I19",19,1,1,0,0,0
"E145","I20",20,1,1,0,0,0
"E145","I21",21,1,1,0,0,0
"E145","I22",22,0,0,0,0,0
"E145","I23",23,1,1,0,0,0
"E145","I24",24,1,1,0,0,0
"E145","I25",25,1,1,0,0,0
"E145","I26",26,1,1,0,0,0
"E145","I27",27,1,1,0,0,0
"E145","I28",28,0,0,0,0,0
"E145","I29",29,1,1,0,0,0
"E145","I30",30,1,1,0,0,0
"E145","I31",31,1,0,1,0,1
"E145","I32",32,1,1,0,0,0
"E145","I33",33,1,1,0,0,0
"E145","I34",34,0,0,0,0,0
"E145","I35",35,1,1,0,0,0
"E145","I36",36,1,1,0,0,0
"E145","I37",37,0,0,0,0,0
"E145","I38",38,1,1,0,0,0
"E145","I39",39,1,1,0,0,0
"E145","I40",40,0,0,0,0,0
"E146","I01",1,0,1,1,1,0
"E146","I02",2,0,0,0,0,0
"E146","I03",3,1,1,0,0,0
"E146","I04",4,0,0,0,0,0
"E146","I05",5,0,0,0,0,0
"E146","I06",6,1,1,0,0,0
"E146","I07",7,0,0,0,0,0
"E146","I08",8,0,0,0,0,0
"E146","I09",9,0,0,0,0,0
"E146","I10",10,0,0,0,0,0
"E146","I11",11,0,0,0,0,0
"E146","I12",12,0,0,0,0,0
"E146","I13",13,0,0,0,0,0
"E146","I14",14,1,1,0,0,0
"E146","I15",15,0,0,0,0,0
"E146","I16",16,1,1,0,0,0
"E146","I17",17,1,1,0,0,0
"E146","I18",18,1,1,0,0,0
"E146","I19",19,1,1,0,0,0
"E146","I20",20,1,1,0,0,0
"E146","I21",21,1,1,0,0,0
"E146","I22",22,0,0,0,0,0
"E146","I23",23,0,0,0,0,0
"E146","I24",24,0,0,0,0,0
"E146","I25",25,0,0,0,0,0
"E146","I26",26,0,0,0,0,0
"E146","I27",27,0,0,0,0,0
"E146","I28",28,0,0,0,0,0
"E146","I29",29,0,0,0,0,0
"E146","I30",30,0,0,0,0,0
"E146","I31",31,0,0,0,0,0
"E146","I32",32,1,1,0,0,0
"E146","I33",33,0,0,0,0,0
"E146","I34",34,1,0,1,0,1
"E146","I35",35,0,0,0,0,0
"E146","I36",36,1,1,0,0,0
"E146","I37",37,1,1,0,0,0
"E146","I38",38,0,0,0,0,0
"E146","I39",39,1,1,0,0,0
"E146","I40",40,0,0,0,0,0
"E147","I01",1,0,0,0,0,0
"E147","I02",2,1,1,0,0,0
"E147","I03",3,1,1,0,0,0
"E147","I04",4,1,1,0,0,0
"E147","I05",5,1,1,0,0,0
"E147","I06",6,1,1,0,0,0
"E147","I07",7,1,1,0,0,0
"E147","I08",8,1,1,0,0,0
"E147","I09",9,1,1,0,0,0
"E147","I10",10,1,1,0,0,0
"E147","I11",11,1,1,0,0,0
"E147","I12",12,0,0,0,0,0
"E147","I13",13,1,1,0,0,0
"E147","I14",14,0,0,0,0,0
"E147","I15",15,0,0,0,0,0
"E147","I16",16,0,0,0,0,0
"E147","I17",17,1,1,0,0,0
"E147","I18",18,0,0,0,0,0
"E147","I19",19,1,1,0,0,0
"E147","I20",20,1,1,0,0,0
"E147","I21",21,0,0,0,0,0
"E147","I22",22,0,0,0,0,0
"E147","I23",23,1,1,0,0,0
"E147","I24",24,1,1,0,0,0
"E147","I25",25,1,1,0,0,0
"E147","I26",26,1,1,0,0,0
"E147","I27",27,1,1,0,0,0
"E147","I28",28,1,1,0,0,0
"E147","I29",29,0,0,0,0,0
"E147","I30",30,0,0,0,0,0
"E147","I31",31,0,0,0,0,0
"E147","I32",32,1,1,0,0,0
"E147","I33",33,0,0,0,0,0
"E147","I34",34,0,0,0,0,0
"E147","I35",35,0,0,0,0,0
"E147","I36",36,1,1,0,0,0
"E147","I37",37,0,1,1,1,0
"E147","I38",38,1,1,0,0,0
"E147","I39",39,0,0,0,0,0
"E147","I40",40,0,0,0,0,0
"E148","I01",1,1,1,0,0,0
"E148","I02",2,1,1,0,0,0
"E148","I03",3,1,1,0,0,0
"E148","I04",4,1,1,0,0,0
"E148","I05",5,1,1,0,0,0
"E148","I06",6,1,1,0,0,0
"E148","I07",7,1,1,0,0,0
"E148","I08",8,0,0,0,0,0
"E148","I09",9,0,0,0,0,0
"E148","I10",10,0,0,0,0,0
"E148","I11",11,1,1,0,0,0
"E148","I12",12,1,1,0,0,0
"E148","I13",13,1,1,0,0,0
"E148","I14",14,1,1,0,0,0
"E148","I15",15,0,0,0,0,0
"E148","I16",16,1,1,0,0,0
"E148","I17",17,0,0,0,0,0
"E148","I18",18,1,1,0,0,0
"E148","I19",19,1,1,0,0,0
"E148","I20",20,1,1,0,0,0
"E148","I21",21,0,0,0,0,0
"E148","I22",22,1,1,0,0,0
"E148","I23",23,1,1,0,0,0
"E148","I24",24,1,1,0,0,0
"E148","I25",25,1,1,0,0,0
"E148","I26",26,0,0,0,0,0
"E148","I27",27,0,0,0,0,0
"E148","I28",28,1,1,0,0,0
"E148","I29",29,0,0,0,0,0
"E148","I30",30,1,1,0,0,0
"E148","I31",31,1,1,0,0,0
"E148","I32",32,1,1,0,0,0
"E148","I33",33,1,1,0,0,0
"E148","I34",34,1,1,0,0,0
"E148","I35",35,0,0,0,0,0
"E148","I36",36,1,1,0,0,0
"E148","I37",37,1,1,0,0,0
"E148","I38",38,1,1,0,0,0
"E148","I39",39,0,0,0,0,0
"E148","I40",40,0,0,0,0,0
"E149","I01",1,1,1,0,0,0
"E149","I02",2,1,1,0,0,0
"E149","I03",3,1,1,0,0,0
"E149","I04",4,1,1,0,0,0
"E149","I05",5,0,0,0,0,0
"E149","I06",6,1,1,0,0,0
"E149","I07",7,1,1,0,0,0
"E149","I08",8,1,1,0,0,0
"E149","I09",9,0,0,0,0,0
"E149","I10",10,1,1,0,0,0
"E149","I11",11,0,0,0,0,0
"E149","I12",12,1,1,0,0,0
"E149","I13",13,0,0,0,0,0
"E149","I14",14,0,0,0,0,0
"E149","I15",15,0,0,0,0,0
"E149","I16",16,1,1,0,0,0
"E149","I17",17,1,1,0,0,0
"E149","I18",18,0,0,0,0,0
"E149","I19",19,0,0,0,0,0
"E149","I20",20,1,1,0,0,0
"E149","I21",21,0,0,0,0,0
"E149","I22",22,0,0,0,0,0
"E149","I23",23,1,1,0,0,0
"E149","I24",24,1,1,0,0,0
"E149","I25",25,1,1,0,0,0
"E149","I26",26,0,0,0,0,0
"E149","I27",27,0,0,0,0,0
"E149","I28",28,1,1,0,0,0
"E149","I29",29,0,0,0,0,0
"E149","I30",30,0,0,0,0,0
"E149","I31",31,0,0,0,0,0
"E149","I32",32,1,1,0,0,0
"E149","I33",33,0,0,0,0,0
"E149","I34",34,0,0,0,0,0
"E149","I35",35,1,1,0,0,0
"E149","I36",36,1,1,0,0,0
"E149","I37",37,1,1,0,0,0
"E149","I38",38,1,1,0,0,0
"E149","I39",39,0,0,0,0,0
"E149","I40",40,0,0,0,0,0
"E150","I01",1,1,1,0,0,0
"E150","I02",2,0,0,0,0,0
"E150","I03",3,0,0,0,0,0
"E150","I04",4,0,0,0,0,0
"E150","I05",5,0,0,0,0,0
"E150","I06",6,0,0,0,0,0
"E150","I07",7,0,0,0,0,0
"E150","I08",8,0,0,0,0,0
"E150","I09",9,1,1,0,0,0
"E150","I10",10,0,0,0,0,0
"E150","I11",11,0,0,0,0,0
"E150","I12",12,1,1,0,0,0
"E150","I13",13,0,0,0,0,0
"E150","I14",14,1,1,0,0,0
"E150","I15",15,0,0,0,0,0
"E150","I16",16,1,1,0,0,0
"E150","I17",17,1,1,0,0,0
"E150","I18",18,1,1,0,0,0
"E150","I19",19,1,1,0,0,0
"E150","I20",20,1,0,1,0,1
"E150","I21",21,0,0,0,0,0
"E150","I22",22,0,0,0,0,0
"E150","I23",23,0,0,0,0,0
"E150","I24",24,0,0,0,0,0
"E150","I25",25,0,0,0,0,0
"E150","I26",26,0,0,0,0,0
"E150","I27",27,0,0,0,0,0
"E150","I28",28,0,0,0,0,0
"E150","I29",29,0,0,0,0,0
"E150","I30",30,0,0,0,0,0
"E150","I31",31,0,0,0,0,0
"E150","I32",32,1,1,0,0,0
"E150","I33",33,0,0,0,0,0
"E150","I34",34,0,0,0,0,0
"E150","I35",35,0,0,0,0,0
"E150","I36",36,1,1,0,0,0
"E150","I37",37,1,1,0,0,0
"E150","I38",38,0,1,1,1,0
"E150","I39",39,0,0,0,0,0
"E150","I40",40,0,0,0,0,0
"E151","I01",1,1,1,0,0,0
"E151","I02",2,1,1,0,0,0
"E151","I03",3,1,1,0,0,0
"E151","I04",4,1,1,0,0,0
"E151","I05",5,0,0,0,0,0
"E151","I06",6,1,1,0,0,0
"E151","I07",7,1,1,0,0,0
"E151","I08",8,1,1,0,0,0
"E151","I09",9,0,0,0,0,0
"E151","I10",10,1,1,0,0,0
"E151","I11",11,0,0,0,0,0
"E151","I12",12,0,0,0,0,0
"E151","I13",13,0,0,0,0,0
"E151","I14",14,0,0,0,0,0
"E151","I15",15,0,1,1,1,0
"E151","I16",16,0,0,0,0,0
"E151","I17",17,1,1,0,0,0
"E151","I18",18,1,1,0,0,0
"E151","I19",19,0,0,0,0,0
"E151","I20",20,1,1,0,0,0
"E151","I21",21,0,0,0,0,0
"E151","I22",22,1,1,0,0,0
"E151","I23",23,1,1,0,0,0
"E151","I24",24,1,1,0,0,0
"E151","I25",25,1,1,0,0,0
"E151","I26",26,0,0,0,0,0
"E151","I27",27,1,1,0,0,0
"E151","I28",28,0,0,0,0,0
"E151","I29",29,0,0,0,0,0
"E151","I30",30,0,0,0,0,0
"E151","I31",31,0,0,0,0,0
"E151","I32",32,1,1,0,0,0
"E151","I33",33,0,0,0,0,0
"E151","I34",34,1,1,0,0,0
"E151","I35",35,1,1,0,0,0
"E151","I36",36,0,0,0,0,0
"E151","I37",37,1,1,0,0,0
"E151","I38",38,1,1,0,0,0
"E151","I39",39,0,0,0,0,0
"E151","I40",40,0,0,0,0,0
"E152","I01",1,1,1,0,0,0
"E152","I02",2,0,0,0,0,0
"E152","I03",3,0,0,0,0,0
"E152","I04",4,0,0,0,0,0
"E152","I05",5,1,1,0,0,0
"E152","I06",6,0,1,1,1,0
"E152","I07",7,1,1,0,0,0
"E152","I08",8,0,0,0,0,0
"E152","I09",9,1,1,0,0,0
"E152","I10",10,1,1,0,0,0
"E152","I11",11,1,1,0,0,0
"E152","I12",12,1,1,0,0,0
"E152","I13",13,0,0,0,0,0
"E152","I14",14,0,0,0,0,0
"E152","I15",15,1,0,1,0,1
"E152","I16",16,0,0,0,0,0
"E152","I17",17,1,1,0,0,0
"E152","I18",18,1,1,0,0,0
"E152","I19",19,1,1,0,0,0
"E152","I20",20,1,1,0,0,0
"E152","I21",21,0,0,0,0,0
"E152","I22",22,0,0,0,0,0
"E152","I23",23,0,0,0,0,0
"E152","I24",24,1,1,0,0,0
"E152","I25",25,0,0,0,0,0
"E152","I26",26,1,1,0,0,0
"E152","I27",27,0,0,0,0,0
"E152","I28",28,1,1,0,0,0
"E152","I29",29,1,1,0,0,0
"E152","I30",30,1,1,0,0,0
"E152","I31",31,0,0,0,0,0
"E152","I32",32,1,1,0,0,0
"E152","I33",33,0,0,0,0,0
"E152","I34",34,0,0,0,0,0
"E152","I35",35,1,0,1,0,1
"E152","I36",36,1,1,0,0,0
"E152","I37",37,1,1,0,0,0
"E152","I38",38,0,0,0,0,0
"E152","I39",39,0,0,0,0,0
"E152","I40",40,0,0,0,0,0
"E153","I01",1,1,1,0,0,0
"E153","I02",2,1,1,0,0,0
"E153","I03",3,0,0,0,0,0
"E153","I04",4,1,1,0,0,0
"E153","I05",5,0,0,0,0,0
"E153","I06",6,1,1,0,0,0
"E153","I07",7,1,1,0,0,0
"E153","I08",8,0,0,0,0,0
"E153","I09",9,0,0,0,0,0
"E153","I10",10,0,0,0,0,0
"E153","I11",11,0,0,0,0,0
"E153","I12",12,1,1,0,0,0
"E153","I13",13,1,1,0,0,0
"E153","I14",14,0,0,0,0,0
"E153","I15",15,1,1,0,0,0
"E153","I16",16,0,0,0,0,0
"E153","I17",17,1,1,0,0,0
"E153","I18",18,0,0,0,0,0
"E153","I19",19,1,1,0,0,0
"E153","I20",20,1,1,0,0,0
"E153","I21",21,0,0,0,0,0
"E153","I22",22,1,1,0,0,0
"E153","I23",23,0,0,0,0,0
"E153","I24",24,0,0,0,0,0
"E153","I25",25,1,1,0,0,0
"E153","I26",26,1,1,0,0,0
"E153","I27",27,0,0,0,0,0
"E153","I28",28,1,1,0,0,0
"E153","I29",29,0,0,0,0,0
"E153","I30",30,0,0,0,0,0
"E153","I31",31,0,0,0,0,0
"E153","I32",32,1,1,0,0,0
"E153","I33",33,0,0,0,0,0
"E153","I34",34,0,0,0,0,0
"E153","I35",35,1,1,0,0,0
"E153","I36",36,0,0,0,0,0
"E153","I37",37,0,0,0,0,0
"E153","I38",38,1,1,0,0,0
"E153","I39",39,1,1,0,0,0
"E153","I40",40,1,1,0,0,0
"E154","I01",1,1,1,0,0,0
"E154","I02",2,0,0,0,0,0
"E154","I03",3,1,1,0,0,0
"E154","I04",4,1,1,0,0,0
"E154","I05",5,1,1,0,0,0
"E154","I06",6,0,0,0,0,0
"E154","I07",7,1,1,0,0,0
"E154","I08",8,1,1,0,0,0
"E154","I09",9,1,0,1,0,1
"E154","I10",10,1,1,0,0,0
"E154","I11",11,0,0,0,0,0
"E154","I12",12,1,1,0,0,0
"E154","I13",13,0,0,0,0,0
"E154","I14",14,0,0,0,0,0
"E154","I15",15,0,0,0,0,0
"E154","I16",16,1,0,1,0,1
"E154","I17",17,1,1,0,0,0
"E154","I18",18,1,1,0,0,0
"E154","I19",19,1,1,0,0,0
"E154","I20",20,1,1,0,0,0
"E154","I21",21,0,0,0,0,0
"E154","I22",22,0,0,0,0,0
"E154","I23",23,1,1,0,0,0
"E154","I24",24,0,0,0,0,0
"E154","I25",25,1,1,0,0,0
"E154","I26",26,0,0,0,0,0
"E154","I27",27,0,1,1,1,0
"E154","I28",28,1,1,0,0,0
"E154","I29",29,1,1,0,0,0
"E154","I30",30,1,1,0,0,0
"E154","I31",31,1,1,0,0,0
"E154","I32",32,0,0,0,0,0
"E154","I33",33,0,0,0,0,0
"E154","I34",34,0,0,0,0,0
"E154","I35",35,0,0,0,0,0
"E154","I36",36,1,1,0,0,0
"E154","I37",37,0,0,0,0,0
"E154","I38",38,1,1,0,0,0
"E154","I39",39,1,1,0,0,0
"E154","I40",40,0,0,0,0,0
"E155","I01",1,1,1,0,0,0
"E155","I02",2,0,0,0,0,0
"E155","I03",3,1,1,0,0,0
"E155","I04",4,1,1,0,0,0
"E155","I05",5,1,1,0,0,0
"E155","I06",6,0,0,0,0,0
"E155","I07",7,1,1,0,0,0
"E155","I08",8,1,1,0,0,0
"E155","I09",9,1,1,0,0,0
"E155","I10",10,0,0,0,0,0
"E155","I11",11,1,0,1,0,1
"E155","I12",12,1,1,0,0,0
"E155","I13",13,0,0,0,0,0
"E155","I14",14,1,1,0,0,0
"E155","I15",15,1,1,0,0,0
"E155","I16",16,1,1,0,0,0
"E155","I17",17,1,1,0,0,0
"E155","I18",18,0,0,0,0,0
"E155","I19",19,0,0,0,0,0
"E155","I20",20,1,1,0,0,0
"E155","I21",21,0,0,0,0,0
"E155","I22",22,1,1,0,0,0
"E155","I23",23,1,1,0,0,0
"E155","I24",24,1,1,0,0,0
"E155","I25",25,0,0,0,0,0
"E155","I26",26,1,1,0,0,0
"E155","I27",27,1,1,0,0,0
"E155","I28",28,1,1,0,0,0
"E155","I29",29,1,1,0,0,0
"E155","I30",30,0,0,0,0,0
"E155","I31",31,1,1,0,0,0
"E155","I32",32,0,0,0,0,0
"E155","I33",33,0,0,0,0,0
"E155","I34",34,1,1,0,0,0
"E155","I35",35,1,1,0,0,0
"E155","I36",36,1,1,0,0,0
"E155","I37",37,0,1,1,1,0
"E155","I38",38,1,1,0,0,0
"E155","I39",39,0,0,0,0,0
"E155","I40",40,0,0,0,0,0
"E156","I01",1,0,1,1,1,0
"E156","I02",2,0,0,0,0,0
"E156","I03",3,1,1,0,0,0
"E156","I04",4,1,1,0,0,0
"E156","I05",5,1,1,0,0,0
"E156","I06",6,1,1,0,0,0
"E156","I07",7,0,0,0,0,0
"E156","I08",8,0,0,0,0,0
"E156","I09",9,1,1,0,0,0
"E156","I10",10,0,0,0,0,0
"E156","I11",11,0,0,0,0,0
"E156","I12",12,1,1,0,0,0
"E156","I13",13,1,1,0,0,0
"E156","I14",14,1,1,0,0,0
"E156","I15",15,1,0,1,0,1
"E156","I16",16,1,1,0,0,0
"E156","I17",17,0,0,0,0,0
"E156","I18",18,1,1,0,0,0
"E156","I19",19,1,1,0,0,0
"E156","I20",20,0,0,0,0,0
"E156","I21",21,0,0,0,0,0
"E156","I22",22,1,1,0,0,0
"E156","I23",23,1,1,0,0,0
"E156","I24",24,0,0,0,0,0
"E156","I25",25,1,1,0,0,0
"E156","I26",26,1,1,0,0,0
"E156","I27",27,0,0,0,0,0
"E156","I28",28,1,1,0,0,0
"E156","I29",29,1,1,0,0,0
"E156","I30",30,1,1,0,0,0
"E156","I31",31,1,1,0,0,0
"E156","I32",32,1,1,0,0,0
"E156","I33",33,0,0,0,0,0
"E156","I34",34,0,0,0,0,0
"E156","I35",35,0,0,0,0,0
"E156","I36",36,1,1,0,0,0
"E156","I37",37,1,1,0,0,0
"E156","I38",38,0,0,0,0,0
"E156","I39",39,0,0,0,0,0
"E156","I40",40,0,0,0,0,0
"E157","I01",1,1,1,0,0,0
"E157","I02",2,0,0,0,0,0
"E157","I03",3,0,0,0,0,0
"E157","I04",4,1,1,0,0,0
"E157","I05",5,1,0,1,0,1
"E157","I06",6,1,1,0,0,0
"E157","I07",7,1,1,0,0,0
"E157","I08",8,0,0,0,0,0
"E157","I09",9,1,1,0,0,0
"E157","I10",10,0,0,0,0,0
"E157","I11",11,1,1,0,0,0
"E157","I12",12,1,1,0,0,0
"E157","I13",13,0,0,0,0,0
"E157","I14",14,0,0,0,0,0
"E157","I15",15,0,1,1,1,0
"E157","I16",16,1,1,0,0,0
"E157","I17",17,0,0,0,0,0
"E157","I18",18,1,1,0,0,0
"E157","I19",19,0,0,0,0,0
"E157","I20",20,1,1,0,0,0
"E157","I21",21,1,1,0,0,0
"E157","I22",22,0,0,0,0,0
"E157","I23",23,0,0,0,0,0
"E157","I24",24,1,1,0,0,0
"E157","I25",25,0,0,0,0,0
"E157","I26",26,0,0,0,0,0
"E157","I27",27,0,0,0,0,0
"E157","I28",28,0,0,0,0,0
"E157","I29",29,0,0,0,0,0
"E157","I30",30,0,0,0,0,0
"E157","I31",31,0,0,0,0,0
"E157","I32",32,0,0,0,0,0
"E157","I33",33,0,0,0,0,0
"E157","I34",34,0,0,0,0,0
"E157","I35",35,0,0,0,0,0
"E157","I36",36,1,1,0,0,0
"E157","I37",37,0,0,0,0,0
"E157","I38",38,1,1,0,0,0
"E157","I39",39,0,0,0,0,0
"E157","I40",40,0,0,0,0,0
"E158","I01",1,1,1,0,0,0
"E158","I02",2,0,1,1,1,0
"E158","I03",3,1,1,0,0,0
"E158","I04",4,1,1,0,0,0
"E158","I05",5,1,1,0,0,0
"E158","I06",6,1,1,0,0,0
"E158","I07",7,1,0,1,0,1
"E158","I08",8,0,1,1,1,0
"E158","I09",9,1,1,0,0,0
"E158","I10",10,0,0,0,0,0
"E158","I11",11,0,0,0,0,0
"E158","I12",12,0,0,0,0,0
"E158","I13",13,0,0,0,0,0
"E158","I14",14,1,1,0,0,0
"E158","I15",15,0,0,0,0,0
"E158","I16",16,0,0,0,0,0
"E158","I17",17,1,1,0,0,0
"E158","I18",18,0,0,0,0,0
"E158","I19",19,0,1,1,1,0
"E158","I20",20,0,1,1,1,0
"E158","I21",21,0,0,0,0,0
"E158","I22",22,0,0,0,0,0
"E158","I23",23,0,0,0,0,0
"E158","I24",24,0,0,0,0,0
"E158","I25",25,0,1,1,1,0
"E158","I26",26,0,1,1,1,0
"E158","I27",27,0,0,0,0,0
"E158","I28",28,0,1,1,1,0
"E158","I29",29,0,1,1,1,0
"E158","I30",30,0,0,0,0,0
"E158","I31",31,0,1,1,1,0
"E158","I32",32,1,1,0,0,0
"E158","I33",33,0,0,0,0,0
"E158","I34",34,0,0,0,0,0
"E158","I35",35,1,1,0,0,0
"E158","I36",36,1,1,0,0,0
"E158","I37",37,1,1,0,0,0
"E158","I38",38,1,1,0,0,0
"E158","I39",39,1,1,0,0,0
"E158","I40",40,1,1,0,0,0
"E159","I01",1,1,1,0,0,0
"E159","I02",2,0,0,0,0,0
"E159","I03",3,0,0,0,0,0
"E159","I04",4,1,1,0,0,0
"E159","I05",5,0,0,0,0,0
"E159","I06",6,1,1,0,0,0
"E159","I07",7,1,1,0,0,0
"E159","I08",8,1,1,0,0,0
"E159","I09",9,0,0,0,0,0
"E159","I10",10,0,0,0,0,0
"E159","I11",11,0,0,0,0,0
"E159","I12",12,0,0,0,0,0
"E159","I13",13,0,0,0,0,0
"E159","I14",14,0,0,0,0,0
"E159","I15",15,0,0,0,0,0
"E159","I16",16,1,1,0,0,0
"E159","I17",17,1,1,0,0,0
"E159","I18",18,1,1,0,0,0
"E159","I19",19,1,1,0,0,0
"E159","I20",20,0,0,0,0,0
"E159","I21",21,0,0,0,0,0
"E159","I22",22,0,0,0,0,0
"E159","I23",23,1,1,0,0,0
"E159","I24",24,0,0,0,0,0
"E159","I25",25,1,1,0,0,0
"E159","I26",26,1,1,0,0,0
"E159","I27",27,0,0,0,0,0
"E159","I28",28,1,1,0,0,0
"E159","I29",29,1,1,0,0,0
"E159","I30",30,0,0,0,0,0
"E159","I31",31,0,0,0,0,0
"E159","I32",32,0,0,0,0,0
"E159","I33",33,0,0,0,0,0
"E159","I34",34,0,0,0,0,0
"E159","I35",35,1,1,0,0,0
"E159","I36",36,1,1,0,0,0
"E159","I37",37,1,1,0,0,0
"E159","I38",38,1,1,0,0,0
"E159","I39",39,0,0,0,0,0
"E159","I40",40,0,0,0,0,0
"E160","I01",1,1,1,0,0,0
"E160","I02",2,1,1,0,0,0
"E160","I03",3,0,0,0,0,0
"E160","I04",4,0,0,0,0,0
"E160","I05",5,1,1,0,0,0
"E160","I06",6,1,1,0,0,0
"E160","I07",7,0,0,0,0,0
"E160","I08",8,0,0,0,0,0
"E160","I09",9,0,0,0,0,0
"E160","I10",10,0,0,0,0,0
"E160","I11",11,0,0,0,0,0
"E160","I12",12,1,1,0,0,0
"E160","I13",13,0,0,0,0,0
"E160","I14",14,0,0,0,0,0
"E160","I15",15,0,0,0,0,0
"E160","I16",16,1,1,0,0,0
"E160","I17",17,1,1,0,0,0
"E160","I18",18,1,1,0,0,0
"E160","I19",19,1,1,0,0,0
"E160","I20",20,1,1,0,0,0
"E160","I21",21,0,0,0,0,0
"E160","I22",22,0,0,0,0,0
"E160","I23",23,0,0,0,0,0
"E160","I24",24,1,1,0,0,0
"E160","I25",25,1,1,0,0,0
"E160","I26",26,0,0,0,0,0
"E160","I27",27,0,0,0,0,0
"E160","I28",28,1,1,0,0,0
"E160","I29",29,1,1,0,0,0
"E160","I30",30,1,1,0,0,0
"E160","I31",31,0,0,0,0,0
"E160","I32",32,1,1,0,0,0
"E160","I33",33,0,0,0,0,0
"E160","I34",34,1,1,0,0,0
"E160","I35",35,0,0,0,0,0
"E160","I36",36,1,1,0,0,0
"E160","I37",37,1,1,0,0,0
"E160","I38",38,1,1,0,0,0
"E160","I39",39,1,1,0,0,0
"E160","I40",40,0,0,0,0,0
"E161","I01",1,1,1,0,0,0
"E161","I02",2,0,0,0,0,0
"E161","I03",3,1,1,0,0,0
"E161","I04",4,1,1,0,0,0
"E161","I05",5,1,1,0,0,0
"E161","I06",6,0,0,0,0,0
"E161","I07",7,1,1,0,0,0
"E161","I08",8,0,0,0,0,0
"E161","I09",9,1,1,0,0,0
"E161","I10",10,1,1,0,0,0
"E161","I11",11,0,0,0,0,0
"E161","I12",12,1,1,0,0,0
"E161","I13",13,1,1,0,0,0
"E161","I14",14,1,1,0,0,0
"E161","I15",15,0,0,0,0,0
"E161","I16",16,1,1,0,0,0
"E161","I17",17,1,1,0,0,0
"E161","I18",18,1,1,0,0,0
"E161","I19",19,1,1,0,0,0
"E161","I20",20,0,0,0,0,0
"E161","I21",21,1,1,0,0,0
"E161","I22",22,0,0,0,0,0
"E161","I23",23,1,1,0,0,0
"E161","I24",24,1,1,0,0,0
"E161","I25",25,1,1,0,0,0
"E161","I26",26,1,1,0,0,0
"E161","I27",27,0,1,1,1,0
"E161","I28",28,1,1,0,0,0
"E161","I29",29,1,1,0,0,0
"E161","I30",30,0,0,0,0,0
"E161","I31",31,0,0,0,0,0
"E161","I32",32,1,1,0,0,0
"E161","I33",33,1,0,1,0,1
"E161","I34",34,0,0,0,0,0
"E161","I35",35,1,1,0,0,0
"E161","I36",36,1,1,0,0,0
"E161","I37",37,1,1,0,0,0
"E161","I38",38,1,1,0,0,0
"E161","I39",39,1,1,0,0,0
"E161","I40",40,1,1,0,0,0
"E162","I01",1,1,1,0,0,0
"E162","I02",2,0,0,0,0,0
"E162","I03",3,0,0,0,0,0
"E162","I04",4,0,0,0,0,0
"E162","I05",5,0,0,0,0,0
"E162","I06",6,0,0,0,0,0
"E162","I07",7,0,0,0,0,0
"E162","I08",8,0,0,0,0,0
"E162","I09",9,1,1,0,0,0
"E162","I10",10,0,0,0,0,0
"E162","I11",11,0,0,0,0,0
"E162","I12",12,1,1,0,0,0
"E162","I13",13,0,0,0,0,0
"E162","I14",14,0,0,0,0,0
"E162","I15",15,0,0,0,0,0
"E162","I16",16,1,1,0,0,0
"E162","I17",17,0,0,0,0,0
"E162","I18",18,0,0,0,0,0
"E162","I19",19,0,0,0,0,0
"E162","I20",20,1,1,0,0,0
"E162","I21",21,1,1,0,0,0
"E162","I22",22,0,0,0,0,0
"E162","I23",23,1,1,0,0,0
"E162","I24",24,0,0,0,0,0
"E162","I25",25,0,0,0,0,0
"E162","I26",26,1,1,0,0,0
"E162","I27",27,1,1,0,0,0
"E162","I28",28,1,1,0,0,0
"E162","I29",29,0,0,0,0,0
"E162","I30",30,0,0,0,0,0
"E162","I31",31,0,0,0,0,0
"E162","I32",32,0,0,0,0,0
"E162","I33",33,0,0,0,0,0
"E162","I34",34,0,0,0,0,0
"E162","I35",35,1,0,1,0,1
"E162","I36",36,1,1,0,0,0
"E162","I37",37,0,0,0,0,0
"E162","I38",38,1,1,0,0,0
"E162","I39",39,0,1,1,1,0
"E162","I40",40,0,0,0,0,0
"E163","I01",1,1,1,0,0,0
"E163","I02",2,0,0,0,0,0
"E163","I03",3,0,0,0,0,0
"E163","I04",4,0,0,0,0,0
"E163","I05",5,1,1,0,0,0
"E163","I06",6,0,0,0,0,0
"E163","I07",7,0,0,0,0,0
"E163","I08",8,0,0,0,0,0
"E163","I09",9,1,1,0,0,0
"E163","I10",10,0,0,0,0,0
"E163","I11",11,1,1,0,0,0
"E163","I12",12,0,0,0,0,0
"E163","I13",13,0,0,0,0,0
"E163","I14",14,0,0,0,0,0
"E163","I15",15,0,0,0,0,0
"E163","I16",16,1,1,0,0,0
"E163","I17",17,0,0,0,0,0
"E163","I18",18,1,1,0,0,0
"E163","I19",19,1,1,0,0,0
"E163","I20",20,1,1,0,0,0
"E163","I21",21,0,0,0,0,0
"E163","I22",22,0,0,0,0,0
"E163","I23",23,0,0,0,0,0
"E163","I24",24,0,0,0,0,0
"E163","I25",25,0,0,0,0,0
"E163","I26",26,0,0,0,0,0
"E163","I27",27,0,0,0,0,0
"E163","I28",28,0,0,0,0,0
"E163","I29",29,1,1,0,0,0
"E163","I30",30,0,0,0,0,0
"E163","I31",31,0,0,0,0,0
"E163","I32",32,0,0,0,0,0
"E163","I33",33,0,0,0,0,0
"E163","I34",34,0,0,0,0,0
"E163","I35",35,0,0,0,0,0
"E163","I36",36,0,0,0,0,0
"E163","I37",37,1,1,0,0,0
"E163","I38",38,0,0,0,0,0
"E163","I39",39,1,1,0,0,0
"E163","I40",40,0,0,0,0,0
"E164","I01",1,1,1,0,0,0
"E164","I02",2,1,0,1,0,1
"E164","I03",3,1,1,0,0,0
"E164","I04",4,1,1,0,0,0
"E164","I05",5,0,0,0,0,0
"E164","I06",6,1,1,0,0,0
"E164","I07",7,1,1,0,0,0
"E164","I08",8,1,1,0,0,0
"E164","I09",9,1,0,1,0,1
"E164","I10",10,0,0,0,0,0
"E164","I11",11,1,1,0,0,0
"E164","I12",12,0,0,0,0,0
"E164","I13",13,0,0,0,0,0
"E164","I14",14,0,0,0,0,0
"E164","I15",15,1,1,0,0,0
"E164","I16",16,1,1,0,0,0
"E164","I17",17,0,0,0,0,0
"E164","I18",18,0,0,0,0,0
"E164","I19",19,1,1,0,0,0
"E164","I20",20,1,1,0,0,0
"E164","I21",21,0,0,0,0,0
"E164","I22",22,0,0,0,0,0
"E164","I23",23,1,0,1,0,1
"E164","I24",24,1,1,0,0,0
"E164","I25",25,0,0,0,0,0
"E164","I26",26,0,0,0,0,0
"E164","I27",27,1,1,0,0,0
"E164","I28",28,1,1,0,0,0
"E164","I29",29,1,1,0,0,0
"E164","I30",30,0,0,0,0,0
"E164","I31",31,1,1,0,0,0
"E164","I32",32,1,1,0,0,0
"E164","I33",33,1,1,0,0,0
"E164","I34",34,0,0,0,0,0
"E164","I35",35,1,1,0,0,0
"E164","I36",36,1,1,0,0,0
"E164","I37",37,1,1,0,0,0
"E164","I38",38,1,1,0,0,0
"E164","I39",39,0,0,0,0,0
"E164","I40",40,0,0,0,0,0
"E165","I01",1,1,1,0,0,0
"E165","I02",2,0,0,0,0,0
"E165","I03",3,0,0,0,0,0
"E165","I04",4,1,1,0,0,0
"E165","I05",5,1,0,1,0,1
"E165","I06",6,1,1,0,0,0
"E165","I07",7,0,0,0,0,0
"E165","I08",8,0,1,1,1,0
"E165","I09",9,0,1,1,1,0
"E165","I10",10,1,1,0,0,0
"E165","I11",11,0,0,0,0,0
"E165","I12",12,1,1,0,0,0
"E165","I13",13,0,0,0,0,0
"E165","I14",14,0,0,0,0,0
"E165","I15",15,0,0,0,0,0
"E165","I16",16,0,0,0,0,0
"E165","I17",17,0,0,0,0,0
"E165","I18",18,1,1,0,0,0
"E165","I19",19,1,1,0,0,0
"E165","I20",20,0,0,0,0,0
"E165","I21",21,0,0,0,0,0
"E165","I22",22,0,0,0,0,0
"E165","I23",23,1,1,0,0,0
"E165","I24",24,0,0,0,0,0
"E165","I25",25,0,0,0,0,0
"E165","I26",26,1,1,0,0,0
"E165","I27",27,0,0,0,0,0
"E165","I28",28,0,0,0,0,0
"E165","I29",29,0,0,0,0,0
"E165","I30",30,0,0,0,0,0
"E165","I31",31,0,0,0,0,0
"E165","I32",32,1,1,0,0,0
"E165","I33",33,0,0,0,0,0
"E165","I34",34,1,1,0,0,0
"E165","I35",35,0,0,0,0,0
"E165","I36",36,1,1,0,0,0
"E165","I37",37,0,0,0,0,0
"E165","I38",38,1,1,0,0,0
"E165","I39",39,1,1,0,0,0
"E165","I40",40,0,0,0,0,0
"E166","I01",1,0,1,1,1,0
"E166","I02",2,0,0,0,0,0
"E166","I03",3,0,0,0,0,0
"E166","I04",4,1,1,0,0,0
"E166","I05",5,1,1,0,0,0
"E166","I06",6,1,1,0,0,0
"E166","I07",7,0,0,0,0,0
"E166","I08",8,0,0,0,0,0
"E166","I09",9,0,0,0,0,0
"E166","I10",10,0,0,0,0,0
"E166","I11",11,0,0,0,0,0
"E166","I12",12,1,1,0,0,0
"E166","I13",13,1,1,0,0,0
"E166","I14",14,0,0,0,0,0
"E166","I15",15,0,0,0,0,0
"E166","I16",16,0,0,0,0,0
"E166","I17",17,1,1,0,0,0
"E166","I18",18,0,0,0,0,0
"E166","I19",19,1,1,0,0,0
"E166","I20",20,1,1,0,0,0
"E166","I21",21,1,1,0,0,0
"E166","I22",22,0,0,0,0,0
"E166","I23",23,1,1,0,0,0
"E166","I24",24,0,0,0,0,0
"E166","I25",25,0,0,0,0,0
"E166","I26",26,1,1,0,0,0
"E166","I27",27,0,0,0,0,0
"E166","I28",28,1,1,0,0,0
"E166","I29",29,1,1,0,0,0
"E166","I30",30,0,0,0,0,0
"E166","I31",31,0,0,0,0,0
"E166","I32",32,0,0,0,0,0
"E166","I33",33,0,0,0,0,0
"E166","I34",34,0,0,0,0,0
"E166","I35",35,1,1,0,0,0
"E166","I36",36,0,0,0,0,0
"E166","I37",37,1,1,0,0,0
"E166","I38",38,0,0,0,0,0
"E166","I39",39,1,1,0,0,0
"E166","I40",40,0,0,0,0,0
"E167","I01",1,1,1,0,0,0
"E167","I02",2,1,1,0,0,0
"E167","I03",3,1,1,0,0,0
"E167","I04",4,1,1,0,0,0
"E167","I05",5,1,1,0,0,0
"E167","I06",6,1,1,0,0,0
"E167","I07",7,1,1,0,0,0
"E167","I08",8,1,1,0,0,0
"E167","I09",9,1,1,0,0,0
"E167","I10",10,1,1,0,0,0
"E167","I11",11,0,0,0,0,0
"E167","I12",12,1,1,0,0,0
"E167","I13",13,1,1,0,0,0
"E167","I14",14,0,0,0,0,0
"E167","I15",15,0,0,0,0,0
"E167","I16",16,0,0,0,0,0
"E167","I17",17,0,0,0,0,0
"E167","I18",18,1,1,0,0,0
"E167","I19",19,1,1,0,0,0
"E167","I20",20,1,1,0,0,0
"E167","I21",21,0,0,0,0,0
"E167","I22",22,1,1,0,0,0
"E167","I23",23,1,1,0,0,0
"E167","I24",24,0,0,0,0,0
"E167","I25",25,1,1,0,0,0
"E167","I26",26,1,1,0,0,0
"E167","I27",27,0,0,0,0,0
"E167","I28",28,1,1,0,0,0
"E167","I29",29,0,0,0,0,0
"E167","I30",30,1,1,0,0,0
"E167","I31",31,0,0,0,0,0
"E167","I32",32,0,0,0,0,0
"E167","I33",33,1,1,0,0,0
"E167","I34",34,0,0,0,0,0
"E167","I35",35,1,1,0,0,0
"E167","I36",36,1,1,0,0,0
"E167","I37",37,0,0,0,0,0
"E167","I38",38,1,1,0,0,0
"E167","I39",39,1,1,0,0,0
"E167","I40",40,1,1,0,0,0
"E168","I01",1,1,1,0,0,0
"E168","I02",2,1,0,1,0,1
"E168","I03",3,1,1,0,0,0
"E168","I04",4,1,1,0,0,0
"E168","I05",5,0,0,0,0,0
"E168","I06",6,1,1,0,0,0
"E168","I07",7,0,0,0,0,0
"E168","I08",8,0,0,0,0,0
"E168","I09",9,0,0,0,0,0
"E168","I10",10,0,0,0,0,0
"E168","I11",11,0,0,0,0,0
"E168","I12",12,0,0,0,0,0
"E168","I13",13,1,1,0,0,0
"E168","I14",14,1,1,0,0,0
"E168","I15",15,0,0,0,0,0
"E168","I16",16,1,1,0,0,0
"E168","I17",17,0,0,0,0,0
"E168","I18",18,0,0,0,0,0
"E168","I19",19,1,1,0,0,0
"E168","I20",20,0,0,0,0,0
"E168","I21",21,0,0,0,0,0
"E168","I22",22,1,1,0,0,0
"E168","I23",23,1,1,0,0,0
"E168","I24",24,0,0,0,0,0
"E168","I25",25,1,1,0,0,0
"E168","I26",26,0,0,0,0,0
"E168","I27",27,0,0,0,0,0
"E168","I28",28,1,1,0,0,0
"E168","I29",29,1,1,0,0,0
"E168","I30",30,0,0,0,0,0
"E168","I31",31,0,0,0,0,0
"E168","I32",32,1,0,1,0,1
"E168","I33",33,1,1,0,0,0
"E168","I34",34,0,0,0,0,0
"E168","I35",35,1,1,0,0,0
"E168","I36",36,1,1,0,0,0
"E168","I37",37,1,1,0,0,0
"E168","I38",38,1,1,0,0,0
"E168","I39",39,0,0,0,0,0
"E168","I40",40,0,0,0,0,0
"E169","I01",1,1,1,0,0,0
"E169","I02",2,0,0,0,0,0
"E169","I03",3,0,0,0,0,0
"E169","I04",4,0,0,0,0,0
"E169","I05",5,0,0,0,0,0
"E169","I06",6,1,1,0,0,0
"E169","I07",7,1,1,0,0,0
"E169","I08",8,0,0,0,0,0
"E169","I09",9,0,0,0,0,0
"E169","I10",10,1,1,0,0,0
"E169","I11",11,0,0,0,0,0
"E169","I12",12,0,0,0,0,0
"E169","I13",13,0,0,0,0,0
"E169","I14",14,0,0,0,0,0
"E169","I15",15,0,0,0,0,0
"E169","I16",16,0,0,0,0,0
"E169","I17",17,1,1,0,0,0
"E169","I18",18,0,0,0,0,0
"E169","I19",19,1,1,0,0,0
"E169","I20",20,0,0,0,0,0
"E169","I21",21,0,0,0,0,0
"E169","I22",22,1,1,0,0,0
"E169","I23",23,1,1,0,0,0
"E169","I24",24,0,0,0,0,0
"E169","I25",25,0,0,0,0,0
"E169","I26",26,1,1,0,0,0
"E169","I27",27,0,0,0,0,0
"E169","I28",28,1,1,0,0,0
"E169","I29",29,0,0,0,0,0
"E169","I30",30,0,0,0,0,0
"E169","I31",31,0,0,0,0,0
"E169","I32",32,0,1,1,1,0
"E169","I33",33,0,0,0,0,0
"E169","I34",34,1,1,0,0,0
"E169","I35",35,1,1,0,0,0
"E169","I36",36,0,1,1,1,0
"E169","I37",37,1,1,0,0,0
"E169","I38",38,0,0,0,0,0
"E169","I39",39,0,0,0,0,0
"E169","I40",40,0,0,0,0,0
"E170","I01",1,1,1,0,0,0
"E170","I02",2,0,0,0,0,0
"E170","I03",3,1,1,0,0,0
"E170","I04",4,0,0,0,0,0
"E170","I05",5,1,1,0,0,0
"E170","I06",6,1,1,0,0,0
"E170","I07",7,1,1,0,0,0
"E170","I08",8,0,0,0,0,0
"E170","I09",9,0,0,0,0,0
"E170","I10",10,1,1,0,0,0
"E170","I11",11,0,0,0,0,0
"E170","I12",12,1,1,0,0,0
"E170","I13",13,1,1,0,0,0
"E170","I14",14,1,1,0,0,0
"E170","I15",15,0,0,0,0,0
"E170","I16",16,1,1,0,0,0
"E170","I17",17,1,1,0,0,0
"E170","I18",18,0,0,0,0,0
"E170","I19",19,1,1,0,0,0
"E170","I20",20,1,1,0,0,0
"E170","I21",21,0,0,0,0,0
"E170","I22",22,1,1,0,0,0
"E170","I23",23,1,1,0,0,0
"E170","I24",24,0,0,0,0,0
"E170","I25",25,0,0,0,0,0
"E170","I26",26,1,1,0,0,0
"E170","I27",27,1,0,1,0,1
"E170","I28",28,1,1,0,0,0
"E170","I29",29,1,1,0,0,0
"E170","I30",30,0,0,0,0,0
"E170","I31",31,1,1,0,0,0
"E170","I32",32,1,1,0,0,0
"E170","I33",33,1,1,0,0,0
"E170","I34",34,1,1,0,0,0
"E170","I35",35,0,0,0,0,0
"E170","I36",36,0,0,0,0,0
"E170","I37",37,0,0,0,0,0
"E170","I38",38,0,0,0,0,0
"E170","I39",39,0,0,0,0,0
"E170","I40",40,0,0,0,0,0
"E171","I01",1,0,1,1,1,0
"E171","I02",2,1,1,0,0,0
"E171","I03",3,1,1,0,0,0
"E171","I04",4,0,0,0,0,0
"E171","I05",5,0,1,1,1,0
"E171","I06",6,0,1,1,1,0
"E171","I07",7,1,1,0,0,0
"E171","I08",8,0,0,0,0,0
"E171","I09",9,1,1,0,0,0
"E171","I10",10,1,1,0,0,0
"E171","I11",11,0,0,0,0,0
"E171","I12",12,1,1,0,0,0
"E171","I13",13,0,0,0,0,0
"E171","I14",14,0,0,0,0,0
"E171","I15",15,0,0,0,0,0
"E171","I16",16,1,1,0,0,0
"E171","I17",17,0,0,0,0,0
"E171","I18",18,0,0,0,0,0
"E171","I19",19,0,0,0,0,0
"E171","I20",20,0,1,1,1,0
"E171","I21",21,1,1,0,0,0
"E171","I22",22,1,1,0,0,0
"E171","I23",23,1,1,0,0,0
"E171","I24",24,1,1,0,0,0
"E171","I25",25,0,1,1,1,0
"E171","I26",26,0,0,0,0,0
"E171","I27",27,0,0,0,0,0
"E171","I28",28,1,1,0,0,0
"E171","I29",29,0,0,0,0,0
"E171","I30",30,0,0,0,0,0
"E171","I31",31,0,0,0,0,0
"E171","I32",32,0,1,1,1,0
"E171","I33",33,0,1,1,1,0
"E171","I34",34,0,0,0,0,0
"E171","I35",35,0,1,1,1,0
"E171","I36",36,0,0,0,0,0
"E171","I37",37,0,1,1,1,0
"E171","I38",38,0,0,0,0,0
"E171","I39",39,1,1,0,0,0
"E171","I40",40,0,1,1,1,0
"E172","I01",1,0,0,0,0,0
"E172","I02",2,1,1,0,0,0
"E172","I03",3,1,0,1,0,1
"E172","I04",4,1,1,0,0,0
"E172","I05",5,0,0,0,0,0
"E172","I06",6,0,0,0,0,0
"E172","I07",7,1,0,1,0,1
"E172","I08",8,0,0,0,0,0
"E172","I09",9,1,1,0,0,0
"E172","I10",10,1,0,1,0,1
"E172","I11",11,0,0,0,0,0
"E172","I12",12,1,1,0,0,0
"E172","I13",13,0,0,0,0,0
"E172","I14",14,0,0,0,0,0
"E172","I15",15,0,0,0,0,0
"E172","I16",16,1,1,0,0,0
"E172","I17",17,0,0,0,0,0
"E172","I18",18,0,0,0,0,0
"E172","I19",19,0,0,0,0,0
"E172","I20",20,1,1,0,0,0
"E172","I21",21,0,0,0,0,0
"E172","I22",22,1,1,0,0,0
"E172","I23",23,1,1,0,0,0
"E172","I24",24,0,0,0,0,0
"E172","I25",25,0,0,0,0,0
"E172","I26",26,0,0,0,0,0
"E172","I27",27,0,0,0,0,0
"E172","I28",28,0,0,0,0,0
"E172","I29",29,0,0,0,0,0
"E172","I30",30,0,0,0,0,0
"E172","I31",31,0,0,0,0,0
"E172","I32",32,1,1,0,0,0
"E172","I33",33,0,0,0,0,0
"E172","I34",34,0,0,0,0,0
"E172","I35",35,0,0,0,0,0
"E172","I36",36,1,1,0,0,0
"E172","I37",37,1,1,0,0,0
"E172","I38",38,0,0,0,0,0
"E172","I39",39,0,0,0,0,0
"E172","I40",40,0,0,0,0,0
"E173","I01",1,1,1,0,0,0
"E173","I02",2,1,1,0,0,0
"E173","I03",3,1,1,0,0,0
"E173","I04",4,1,1,0,0,0
"E173","I05",5,1,1,0,0,0
"E173","I06",6,1,1,0,0,0
"E173","I07",7,1,1,0,0,0
"E173","I08",8,0,0,0,0,0
"E173","I09",9,1,1,0,0,0
"E173","I10",10,1,1,0,0,0
"E173","I11",11,0,0,0,0,0
"E173","I12",12,1,1,0,0,0
"E173","I13",13,1,1,0,0,0
"E173","I14",14,1,1,0,0,0
"E173","I15",15,1,1,0,0,0
"E173","I16",16,1,1,0,0,0
"E173","I17",17,1,1,0,0,0
"E173","I18",18,1,1,0,0,0
"E173","I19",19,1,1,0,0,0
"E173","I20",20,1,1,0,0,0
"E173","I21",21,1,1,0,0,0
"E173","I22",22,1,1,0,0,0
"E173","I23",23,1,1,0,0,0
"E173","I24",24,1,1,0,0,0
"E173","I25",25,1,1,0,0,0
"E173","I26",26,0,0,0,0,0
"E173","I27",27,1,1,0,0,0
"E173","I28",28,1,1,0,0,0
"E173","I29",29,0,0,0,0,0
"E173","I30",30,1,1,0,0,0
"E173","I31",31,0,0,0,0,0
"E173","I32",32,1,1,0,0,0
"E173","I33",33,0,0,0,0,0
"E173","I34",34,0,0,0,0,0
"E173","I35",35,1,1,0,0,0
"E173","I36",36,1,1,0,0,0
"E173","I37",37,1,1,0,0,0
"E173","I38",38,1,1,0,0,0
"E173","I39",39,0,0,0,0,0
"E173","I40",40,0,0,0,0,0
"E174","I01",1,1,1,0,0,0
"E174","I02",2,0,0,0,0,0
"E174","I03",3,0,0,0,0,0
"E174","I04",4,1,1,0,0,0
"E174","I05",5,1,1,0,0,0
"E174","I06",6,0,0,0,0,0
"E174","I07",7,1,1,0,0,0
"E174","I08",8,0,0,0,0,0
"E174","I09",9,0,1,1,1,0
"E174","I10",10,1,1,0,0,0
"E174","I11",11,0,0,0,0,0
"E174","I12",12,1,1,0,0,0
"E174","I13",13,1,1,0,0,0
"E174","I14",14,1,1,0,0,0
"E174","I15",15,0,0,0,0,0
"E174","I16",16,1,1,0,0,0
"E174","I17",17,1,1,0,0,0
"E174","I18",18,0,0,0,0,0
"E174","I19",19,0,0,0,0,0
"E174","I20",20,0,0,0,0,0
"E174","I21",21,0,0,0,0,0
"E174","I22",22,0,0,0,0,0
"E174","I23",23,1,1,0,0,0
"E174","I24",24,1,1,0,0,0
"E174","I25",25,0,0,0,0,0
"E174","I26",26,0,0,0,0,0
"E174","I27",27,1,1,0,0,0
"E174","I28",28,1,1,0,0,0
"E174","I29",29,0,0,0,0,0
"E174","I30",30,1,1,0,0,0
"E174","I31",31,1,1,0,0,0
"E174","I32",32,0,0,0,0,0
"E174","I33",33,0,0,0,0,0
"E174","I34",34,0,0,0,0,0
"E174","I35",35,1,1,0,0,0
"E174","I36",36,1,1,0,0,0
"E174","I37",37,1,1,0,0,0
"E174","I38",38,1,1,0,0,0
"E174","I39",39,1,1,0,0,0
"E174","I40",40,0,0,0,0,0
"E175","I01",1,1,1,0,0,0
"E175","I02",2,0,0,0,0,0
"E175","I03",3,1,1,0,0,0
"E175","I04",4,1,1,0,0,0
"E175","I05",5,0,0,0,0,0
"E175","I06",6,1,1,0,0,0
"E175","I07",7,0,0,0,0,0
"E175","I08",8,1,1,0,0,0
"E175","I09",9,1,1,0,0,0
"E175","I10",10,1,1,0,0,0
"E175","I11",11,0,0,0,0,0
"E175","I12",12,0,1,1,1,0
"E175","I13",13,0,0,0,0,0
"E175","I14",14,1,1,0,0,0
"E175","I15",15,1,1,0,0,0
"E175","I16",16,1,1,0,0,0
"E175","I17",17,1,1,0,0,0
"E175","I18",18,1,1,0,0,0
"E175","I19",19,1,1,0,0,0
"E175","I20",20,0,0,0,0,0
"E175","I21",21,0,0,0,0,0
"E175","I22",22,0,0,0,0,0
"E175","I23",23,1,1,0,0,0
"E175","I24",24,0,0,0,0,0
"E175","I25",25,1,1,0,0,0
"E175","I26",26,0,0,0,0,0
"E175","I27",27,0,0,0,0,0
"E175","I28",28,1,1,0,0,0
"E175","I29",29,0,0,0,0,0
"E175","I30",30,1,0,1,0,1
"E175","I31",31,1,1,0,0,0
"E175","I32",32,1,1,0,0,0
"E175","I33",33,0,0,0,0,0
"E175","I34",34,0,0,0,0,0
"E175","I35",35,0,0,0,0,0
"E175","I36",36,0,0,0,0,0
"E175","I37",37,1,1,0,0,0
"E175","I38",38,1,1,0,0,0
"E175","I39",39,0,0,0,0,0
"E175","I40",40,0,0,0,0,0
"E176","I01",1,1,1,0,0,0
"E176","I02",2,1,1,0,0,0
"E176","I03",3,1,1,0,0,0
"E176","I04",4,1,1,0,0,0
"E176","I05",5,0,0,0,0,0
"E176","I06",6,1,1,0,0,0
"E176","I07",7,0,0,0,0,0
"E176","I08",8,1,1,0,0,0
"E176","I09",9,1,1,0,0,0
"E176","I10",10,1,1,0,0,0
"E176","I11",11,0,0,0,0,0
"E176","I12",12,0,0,0,0,0
"E176","I13",13,0,0,0,0,0
"E176","I14",14,0,0,0,0,0
"E176","I15",15,0,0,0,0,0
"E176","I16",16,1,1,0,0,0
"E176","I17",17,1,1,0,0,0
"E176","I18",18,1,1,0,0,0
"E176","I19",19,0,1,1,1,0
"E176","I20",20,1,1,0,0,0
"E176","I21",21,0,1,1,1,0
"E176","I22",22,0,0,0,0,0
"E176","I23",23,0,0,0,0,0
"E176","I24",24,0,0,0,0,0
"E176","I25",25,1,1,0,0,0
"E176","I26",26,1,1,0,0,0
"E176","I27",27,1,1,0,0,0
"E176","I28",28,1,1,0,0,0
"E176","I29",29,1,1,0,0,0
"E176","I30",30,0,0,0,0,0
"E176","I31",31,0,0,0,0,0
"E176","I32",32,1,1,0,0,0
"E176","I33",33,0,0,0,0,0
"E176","I34",34,1,1,0,0,0
"E176","I35",35,0,0,0,0,0
"E176","I36",36,1,1,0,0,0
"E176","I37",37,0,0,0,0,0
"E176","I38",38,1,1,0,0,0
"E176","I39",39,0,0,0,0,0
"E176","I40",40,0,0,0,0,0
"E177","I01",1,1,1,0,0,0
"E177","I02",2,0,0,0,0,0
"E177","I03",3,0,1,1,1,0
"E177","I04",4,0,0,0,0,0
"E177","I05",5,1,1,0,0,0
"E177","I06",6,1,1,0,0,0
"E177","I07",7,1,1,0,0,0
"E177","I08",8,1,1,0,0,0
"E177","I09",9,1,1,0,0,0
"E177","I10",10,0,0,0,0,0
"E177","I11",11,0,0,0,0,0
"E177","I12",12,0,0,0,0,0
"E177","I13",13,1,1,0,0,0
"E177","I14",14,0,0,0,0,0
"E177","I15",15,0,0,0,0,0
"E177","I16",16,1,1,0,0,0
"E177","I17",17,0,0,0,0,0
"E177","I18",18,0,0,0,0,0
"E177","I19",19,1,1,0,0,0
"E177","I20",20,1,1,0,0,0
"E177","I21",21,0,0,0,0,0
"E177","I22",22,0,0,0,0,0
"E177","I23",23,1,1,0,0,0
"E177","I24",24,1,1,0,0,0
"E177","I25",25,1,1,0,0,0
"E177","I26",26,0,0,0,0,0
"E177","I27",27,0,0,0,0,0
"E177","I28",28,0,0,0,0,0
"E177","I29",29,0,0,0,0,0
"E177","I30",30,0,0,0,0,0
"E177","I31",31,0,0,0,0,0
"E177","I32",32,1,1,0,0,0
"E177","I33",33,0,0,0,0,0
"E177","I34",34,0,0,0,0,0
"E177","I35",35,0,0,0,0,0
"E177","I36",36,1,1,0,0,0
"E177","I37",37,0,0,0,0,0
"E177","I38",38,1,1,0,0,0
"E177","I39",39,1,1,0,0,0
"E177","I40",40,0,0,0,0,0
"E178","I01",1,1,1,0,0,0
"E178","I02",2,1,1,0,0,0
"E178","I03",3,1,1,0,0,0
"E178","I04",4,1,1,0,0,0
"E178","I05",5,1,1,0,0,0
"E178","I06",6,1,1,0,0,0
"E178","I07",7,1,1,0,0,0
"E178","I08",8,0,0,0,0,0
"E178","I09",9,0,0,0,0,0
"E178","I10",10,1,1,0,0,0
"E178","I11",11,0,0,0,0,0
"E178","I12",12,0,0,0,0,0
"E178","I13",13,1,1,0,0,0
"E178","I14",14,1,1,0,0,0
"E178","I15",15,1,1,0,0,0
"E178","I16",16,1,1,0,0,0
"E178","I17",17,0,0,0,0,0
"E178","I18",18,1,1,0,0,0
"E178","I19",19,1,1,0,0,0
"E178","I20",20,0,0,0,0,0
"E178","I21",21,1,1,0,0,0
"E178","I22",22,1,1,0,0,0
"E178","I23",23,0,0,0,0,0
"E178","I24",24,0,0,0,0,0
"E178","I25",25,1,1,0,0,0
"E178","I26",26,1,1,0,0,0
"E178","I27",27,1,1,0,0,0
"E178","I28",28,1,1,0,0,0
"E178","I29",29,0,0,0,0,0
"E178","I30",30,1,1,0,0,0
"E178","I31",31,0,0,0,0,0
"E178","I32",32,1,1,0,0,0
"E178","I33",33,0,0,0,0,0
"E178","I34",34,0,0,0,0,0
"E178","I35",35,1,1,0,0,0
"E178","I36",36,0,1,1,1,0
"E178","I37",37,1,1,0,0,0
"E178","I38",38,1,1,0,0,0
"E178","I39",39,0,0,0,0,0
"E178","I40",40,1,1,0,0,0
"E179","I01",1,1,1,0,0,0
"E179","I02",2,1,1,0,0,0
"E179","I03",3,1,1,0,0,0
"E179","I04",4,1,1,0,0,0
"E179","I05",5,1,1,0,0,0
"E179","I06",6,1,1,0,0,0
"E179","I07",7,1,1,0,0,0
"E179","I08",8,1,1,0,0,0
"E179","I09",9,1,1,0,0,0
"E179","I10",10,1,1,0,0,0
"E179","I11",11,1,1,0,0,0
"E179","I12",12,1,1,0,0,0
"E179","I13",13,1,1,0,0,0
"E179","I14",14,1,1,0,0,0
"E179","I15",15,1,1,0,0,0
"E179","I16",16,1,1,0,0,0
"E179","I17",17,1,1,0,0,0
"E179","I18",18,1,1,0,0,0
"E179","I19",19,1,1,0,0,0
"E179","I20",20,1,1,0,0,0
"E179","I21",21,1,1,0,0,0
"E179","I22",22,0,0,0,0,0
"E179","I23",23,1,1,0,0,0
"E179","I24",24,1,1,0,0,0
"E179","I25",25,1,1,0,0,0
"E179","I26",26,1,1,0,0,0
"E179","I27",27,0,0,0,0,0
"E179","I28",28,1,1,0,0,0
"E179","I29",29,1,1,0,0,0
"E179","I30",30,1,1,0,0,0
"E179","I31",31,1,1,0,0,0
"E179","I32",32,1,1,0,0,0
"E179","I33",33,1,1,0,0,0
"E179","I34",34,0,0,0,0,0
"E179","I35",35,1,1,0,0,0
"E179","I36",36,0,1,1,1,0
"E179","I37",37,1,1,0,0,0
"E179","I38",38,1,1,0,0,0
"E179","I39",39,1,1,0,0,0
"E179","I40",40,0,0,0,0,0
"E180","I01",1,1,1,0,0,0
"E180","I02",2,0,0,0,0,0
"E180","I03",3,1,1,0,0,0
"E180","I04",4,1,1,0,0,0
"E180","I05",5,1,1,0,0,0
"E180","I06",6,1,1,0,0,0
"E180","I07",7,1,1,0,0,0
"E180","I08",8,1,1,0,0,0
"E180","I09",9,1,1,0,0,0
"E180","I10",10,1,1,0,0,0
"E180","I11",11,0,0,0,0,0
"E180","I12",12,0,0,0,0,0
"E180","I13",13,0,0,0,0,0
"E180","I14",14,0,0,0,0,0
"E180","I15",15,1,1,0,0,0
"E180","I16",16,0,0,0,0,0
"E180","I17",17,1,1,0,0,0
"E180","I18",18,0,0,0,0,0
"E180","I19",19,0,1,1,1,0
"E180","I20",20,1,1,0,0,0
"E180","I21",21,0,0,0,0,0
"E180","I22",22,1,0,1,0,1
"E180","I23",23,0,0,0,0,0
"E180","I24",24,0,0,0,0,0
"E180","I25",25,0,1,1,1,0
"E180","I26",26,1,1,0,0,0
"E180","I27",27,0,0,0,0,0
"E180","I28",28,1,1,0,0,0
"E180","I29",29,1,1,0,0,0
"E180","I30",30,1,1,0,0,0
"E180","I31",31,0,0,0,0,0
"E180","I32",32,1,1,0,0,0
"E180","I33",33,0,0,0,0,0
"E180","I34",34,0,0,0,0,0
"E180","I35",35,1,1,0,0,0
"E180","I36",36,1,1,0,0,0
"E180","I37",37,1,1,0,0,0
"E180","I38",38,0,0,0,0,0
"E180","I39",39,0,0,0,0,0
"E180","I40",40,0,0,0,0,0
"E181","I01",1,0,0,0,0,0
"E181","I02",2,1,1,0,0,0
"E181","I03",3,0,0,0,0,0
"E181","I04",4,0,0,0,0,0
"E181","I05",5,0,0,0,0,0
"E181","I06",6,0,0,0,0,0
"E181","I07",7,1,1,0,0,0
"E181","I08",8,1,1,0,0,0
"E181","I09",9,0,0,0,0,0
"E181","I10",10,1,1,0,0,0
"E181","I11",11,0,0,0,0,0
"E181","I12",12,1,1,0,0,0
"E181","I13",13,0,0,0,0,0
"E181","I14",14,0,0,0,0,0
"E181","I15",15,0,1,1,1,0
"E181","I16",16,1,1,0,0,0
"E181","I17",17,0,0,0,0,0
"E181","I18",18,1,1,0,0,0
"E181","I19",19,1,1,0,0,0
"E181","I20",20,0,0,0,0,0
"E181","I21",21,1,1,0,0,0
"E181","I22",22,0,0,0,0,0
"E181","I23",23,0,1,1,1,0
"E181","I24",24,0,0,0,0,0
"E181","I25",25,0,0,0,0,0
"E181","I26",26,1,1,0,0,0
"E181","I27",27,1,1,0,0,0
"E181","I28",28,1,1,0,0,0
"E181","I29",29,1,1,0,0,0
"E181","I30",30,0,0,0,0,0
"E181","I31",31,0,0,0,0,0
"E181","I32",32,0,0,0,0,0
"E181","I33",33,0,0,0,0,0
"E181","I34",34,0,0,0,0,0
"E181","I35",35,0,0,0,0,0
"E181","I36",36,1,1,0,0,0
"E181","I37",37,0,0,0,0,0
"E181","I38",38,1,0,1,0,1
"E181","I39",39,1,1,0,0,0
"E181","I40",40,0,0,0,0,0
"E182","I01",1,1,1,0,0,0
"E182","I02",2,1,1,0,0,0
"E182","I03",3,1,1,0,0,0
"E182","I04",4,1,1,0,0,0
"E182","I05",5,1,1,0,0,0
"E182","I06",6,1,1,0,0,0
"E182","I07",7,1,1,0,0,0
"E182","I08",8,0,0,0,0,0
"E182","I09",9,0,0,0,0,0
"E182","I10",10,0,0,0,0,0
"E182","I11",11,1,1,0,0,0
"E182","I12",12,1,1,0,0,0
"E182","I13",13,1,1,0,0,0
"E182","I14",14,1,1,0,0,0
"E182","I15",15,1,1,0,0,0
"E182","I16",16,1,1,0,0,0
"E182","I17",17,0,0,0,0,0
"E182","I18",18,0,0,0,0,0
"E182","I19",19,1,1,0,0,0
"E182","I20",20,0,0,0,0,0
"E182","I21",21,1,1,0,0,0
"E182","I22",22,1,1,0,0,0
"E182","I23",23,1,1,0,0,0
"E182","I24",24,1,1,0,0,0
"E182","I25",25,1,1,0,0,0
"E182","I26",26,1,1,0,0,0
"E182","I27",27,0,0,0,0,0
"E182","I28",28,1,1,0,0,0
"E182","I29",29,1,0,1,0,1
"E182","I30",30,1,1,0,0,0
"E182","I31",31,0,0,0,0,0
"E182","I32",32,1,1,0,0,0
"E182","I33",33,0,0,0,0,0
"E182","I34",34,0,0,0,0,0
"E182","I35",35,1,1,0,0,0
"E182","I36",36,1,1,0,0,0
"E182","I37",37,1,1,0,0,0
"E182","I38",38,1,1,0,0,0
"E182","I39",39,1,1,0,0,0
"E182","I40",40,1,1,0,0,0
"E183","I01",1,1,1,0,0,0
"E183","I02",2,1,1,0,0,0
"E183","I03",3,1,1,0,0,0
"E183","I04",4,1,1,0,0,0
"E183","I05",5,0,1,1,1,0
"E183","I06",6,0,0,0,0,0
"E183","I07",7,1,1,0,0,0
"E183","I08",8,0,0,0,0,0
"E183","I09",9,0,0,0,0,0
"E183","I10",10,1,1,0,0,0
"E183","I11",11,0,0,0,0,0
"E183","I12",12,1,1,0,0,0
"E183","I13",13,0,1,1,1,0
"E183","I14",14,0,0,0,0,0
"E183","I15",15,0,0,0,0,0
"E183","I16",16,0,0,0,0,0
"E183","I17",17,1,1,0,0,0
"E183","I18",18,0,0,0,0,0
"E183","I19",19,0,0,0,0,0
"E183","I20",20,1,1,0,0,0
"E183","I21",21,0,0,0,0,0
"E183","I22",22,1,1,0,0,0
"E183","I23",23,0,0,0,0,0
"E183","I24",24,0,0,0,0,0
"E183","I25",25,1,1,0,0,0
"E183","I26",26,1,1,0,0,0
"E183","I27",27,0,0,0,0,0
"E183","I28",28,1,1,0,0,0
"E183","I29",29,1,1,0,0,0
"E183","I30",30,1,1,0,0,0
"E183","I31",31,0,0,0,0,0
"E183","I32",32,1,1,0,0,0
"E183","I33",33,0,0,0,0,0
"E183","I34",34,0,0,0,0,0
"E183","I35",35,0,0,0,0,0
"E183","I36",36,1,1,0,0,0
"E183","I37",37,1,1,0,0,0
"E183","I38",38,1,1,0,0,0
"E183","I39",39,1,1,0,0,0
"E183","I40",40,0,0,0,0,0
"E184","I01",1,1,1,0,0,0
"E184","I02",2,1,1,0,0,0
"E184","I03",3,1,1,0,0,0
"E184","I04",4,1,1,0,0,0
"E184","I05",5,0,0,0,0,0
"E184","I06",6,1,1,0,0,0
"E184","I07",7,1,1,0,0,0
"E184","I08",8,1,1,0,0,0
"E184","I09",9,1,1,0,0,0
"E184","I10",10,0,0,0,0,0
"E184","I11",11,0,0,0,0,0
"E184","I12",12,1,1,0,0,0
"E184","I13",13,0,0,0,0,0
"E184","I14",14,1,1,0,0,0
"E184","I15",15,0,0,0,0,0
"E184","I16",16,1,1,0,0,0
"E184","I17",17,1,1,0,0,0
"E184","I18",18,1,1,0,0,0
"E184","I19",19,1,1,0,0,0
"E184","I20",20,0,0,0,0,0
"E184","I21",21,0,0,0,0,0
"E184","I22",22,0,0,0,0,0
"E184","I23",23,1,1,0,0,0
"E184","I24",24,1,1,0,0,0
"E184","I25",25,1,1,0,0,0
"E184","I26",26,1,1,0,0,0
"E184","I27",27,0,0,0,0,0
"E184","I28",28,1,1,0,0,0
"E184","I29",29,1,1,0,0,0
"E184","I30",30,1,1,0,0,0
"E184","I31",31,1,1,0,0,0
"E184","I32",32,0,0,0,0,0
"E184","I33",33,1,1,0,0,0
"E184","I34",34,0,0,0,0,0
"E184","I35",35,1,1,0,0,0
"E184","I36",36,1,1,0,0,0
"E184","I37",37,1,1,0,0,0
"E184","I38",38,0,0,0,0,0
"E184","I39",39,1,1,0,0,0
"E184","I40",40,1,1,0,0,0
"E185","I01",1,1,1,0,0,0
"E185","I02",2,1,1,0,0,0
"E185","I03",3,1,1,0,0,0
"E185","I04",4,1,1,0,0,0
"E185","I05",5,1,1,0,0,0
"E185","I06",6,0,0,0,0,0
"E185","I07",7,1,1,0,0,0
"E185","I08",8,0,0,0,0,0
"E185","I09",9,1,1,0,0,0
"E185","I10",10,1,0,1,0,1
"E185","I11",11,0,0,0,0,0
"E185","I12",12,0,0,0,0,0
"E185","I13",13,0,0,0,0,0
"E185","I14",14,1,1,0,0,0
"E185","I15",15,0,0,0,0,0
"E185","I16",16,1,1,0,0,0
"E185","I17",17,1,1,0,0,0
"E185","I18",18,0,0,0,0,0
"E185","I19",19,1,1,0,0,0
"E185","I20",20,0,0,0,0,0
"E185","I21",21,1,1,0,0,0
"E185","I22",22,0,0,0,0,0
"E185","I23",23,0,0,0,0,0
"E185","I24",24,1,1,0,0,0
"E185","I25",25,1,1,0,0,0
"E185","I26",26,1,1,0,0,0
"E185","I27",27,0,0,0,0,0
"E185","I28",28,1,1,0,0,0
"E185","I29",29,0,0,0,0,0
"E185","I30",30,1,1,0,0,0
"E185","I31",31,0,0,0,0,0
"E185","I32",32,1,1,0,0,0
"E185","I33",33,0,0,0,0,0
"E185","I34",34,0,0,0,0,0
"E185","I35",35,0,0,0,0,0
"E185","I36",36,1,1,0,0,0
"E185","I37",37,0,0,0,0,0
"E185","I38",38,1,1,0,0,0
"E185","I39",39,0,0,0,0,0
"E185","I40",40,0,0,0,0,0
"E186","I01",1,1,1,0,0,0
"E186","I02",2,0,0,0,0,0
"E186","I03",3,0,0,0,0,0
"E186","I04",4,1,1,0,0,0
"E186","I05",5,1,1,0,0,0
"E186","I06",6,0,0,0,0,0
"E186","I07",7,1,1,0,0,0
"E186","I08",8,0,1,1,1,0
"E186","I09",9,1,1,0,0,0
"E186","I10",10,0,0,0,0,0
"E186","I11",11,0,0,0,0,0
"E186","I12",12,0,0,0,0,0
"E186","I13",13,1,1,0,0,0
"E186","I14",14,0,0,0,0,0
"E186","I15",15,0,0,0,0,0
"E186","I16",16,1,1,0,0,0
"E186","I17",17,0,0,0,0,0
"E186","I18",18,0,0,0,0,0
"E186","I19",19,1,1,0,0,0
"E186","I20",20,0,1,1,1,0
"E186","I21",21,0,0,0,0,0
"E186","I22",22,0,0,0,0,0
"E186","I23",23,1,1,0,0,0
"E186","I24",24,0,0,0,0,0
"E186","I25",25,1,1,0,0,0
"E186","I26",26,1,1,0,0,0
"E186","I27",27,1,1,0,0,0
"E186","I28",28,1,1,0,0,0
"E186","I29",29,0,0,0,0,0
"E186","I30",30,0,0,0,0,0
"E186","I31",31,0,0,0,0,0
"E186","I32",32,1,1,0,0,0
"E186","I33",33,1,1,0,0,0
"E186","I34",34,1,1,0,0,0
"E186","I35",35,1,1,0,0,0
"E186","I36",36,0,1,1,1,0
"E186","I37",37,1,1,0,0,0
"E186","I38",38,1,1,0,0,0
"E186","I39",39,1,1,0,0,0
"E186","I40",40,0,0,0,0,0
"E187","I01",1,1,1,0,0,0
"E187","I02",2,0,0,0,0,0
"E187","I03",3,1,1,0,0,0
"E187","I04",4,1,1,0,0,0
"E187","I05",5,1,1,0,0,0
"E187","I06",6,1,1,0,0,0
"E187","I07",7,1,1,0,0,0
"E187","I08",8,1,1,0,0,0
"E187","I09",9,1,1,0,0,0
"E187","I10",10,1,1,0,0,0
"E187","I11",11,1,0,1,0,1
"E187","I12",12,1,1,0,0,0
"E187","I13",13,1,1,0,0,0
"E187","I14",14,1,1,0,0,0
"E187","I15",15,0,0,0,0,0
"E187","I16",16,1,1,0,0,0
"E187","I17",17,1,1,0,0,0
"E187","I18",18,1,1,0,0,0
"E187","I19",19,1,1,0,0,0
"E187","I20",20,1,1,0,0,0
"E187","I21",21,0,0,0,0,0
"E187","I22",22,0,0,0,0,0
"E187","I23",23,1,1,0,0,0
"E187","I24",24,0,0,0,0,0
"E187","I25",25,1,1,0,0,0
"E187","I26",26,1,1,0,0,0
"E187","I27",27,1,1,0,0,0
"E187","I28",28,1,1,0,0,0
"E187","I29",29,1,1,0,0,0
"E187","I30",30,1,1,0,0,0
"E187","I31",31,1,1,0,0,0
"E187","I32",32,0,1,1,1,0
"E187","I33",33,0,0,0,0,0
"E187","I34",34,0,0,0,0,0
"E187","I35",35,0,1,1,1,0
"E187","I36",36,1,1,0,0,0
"E187","I37",37,1,1,0,0,0
"E187","I38",38,1,1,0,0,0
"E187","I39",39,1,1,0,0,0
"E187","I40",40,0,0,0,0,0
"E188","I01",1,1,1,0,0,0
"E188","I02",2,1,1,0,0,0
"E188","I03",3,1,1,0,0,0
"E188","I04",4,1,1,0,0,0
"E188","I05",5,1,1,0,0,0
"E188","I06",6,1,1,0,0,0
"E188","I07",7,0,1,1,1,0
"E188","I08",8,1,1,0,0,0
"E188","I09",9,1,1,0,0,0
"E188","I10",10,0,0,0,0,0
"E188","I11",11,1,1,0,0,0
"E188","I12",12,1,1,0,0,0
"E188","I13",13,0,0,0,0,0
"E188","I14",14,1,1,0,0,0
"E188","I15",15,1,1,0,0,0
"E188","I16",16,1,1,0,0,0
"E188","I17",17,1,1,0,0,0
"E188","I18",18,0,0,0,0,0
"E188","I19",19,1,1,0,0,0
"E188","I20",20,0,1,1,1,0
"E188","I21",21,0,0,0,0,0
"E188","I22",22,1,1,0,0,0
"E188","I23",23,1,1,0,0,0
"E188","I24",24,1,1,0,0,0
"E188","I25",25,1,1,0,0,0
"E188","I26",26,1,1,0,0,0
"E188","I27",27,1,1,0,0,0
"E188","I28",28,1,1,0,0,0
"E188","I29",29,0,0,0,0,0
"E188","I30",30,0,0,0,0,0
"E188","I31",31,1,1,0,0,0
"E188","I32",32,1,1,0,0,0
"E188","I33",33,1,1,0,0,0
"E188","I34",34,1,1,0,0,0
"E188","I35",35,0,0,0,0,0
"E188","I36",36,0,0,0,0,0
"E188","I37",37,1,1,0,0,0
"E188","I38",38,1,1,0,0,0
"E188","I39",39,1,1,0,0,0
"E188","I40",40,1,1,0,0,0
"E189","I01",1,1,1,0,0,0
"E189","I02",2,0,0,0,0,0
"E189","I03",3,0,0,0,0,0
"E189","I04",4,0,0,0,0,0
"E189","I05",5,1,1,0,0,0
"E189","I06",6,1,1,0,0,0
"E189","I07",7,1,1,0,0,0
"E189","I08",8,1,1,0,0,0
"E189","I09",9,1,1,0,0,0
"E189","I10",10,0,0,0,0,0
"E189","I11",11,0,0,0,0,0
"E189","I12",12,1,1,0,0,0
"E189","I13",13,0,0,0,0,0
"E189","I14",14,1,1,0,0,0
"E189","I15",15,0,0,0,0,0
"E189","I16",16,1,1,0,0,0
"E189","I17",17,1,1,0,0,0
"E189","I18",18,0,0,0,0,0
"E189","I19",19,1,1,0,0,0
"E189","I20",20,1,1,0,0,0
"E189","I21",21,0,0,0,0,0
"E189","I22",22,0,0,0,0,0
"E189","I23",23,1,1,0,0,0
"E189","I24",24,1,1,0,0,0
"E189","I25",25,0,0,0,0,0
"E189","I26",26,1,1,0,0,0
"E189","I27",27,1,1,0,0,0
"E189","I28",28,0,0,0,0,0
"E189","I29",29,1,1,0,0,0
"E189","I30",30,1,1,0,0,0
"E189","I31",31,1,1,0,0,0
"E189","I32",32,1,1,0,0,0
"E189","I33",33,0,0,0,0,0
"E189","I34",34,0,0,0,0,0
"E189","I35",35,1,1,0,0,0
"E189","I36",36,0,0,0,0,0
"E189","I37",37,1,1,0,0,0
"E189","I38",38,0,1,1,1,0
"E189","I39",39,0,0,0,0,0
"E189","I40",40,0,0,0,0,0
"E190","I01",1,1,1,0,0,0
"E190","I02",2,0,0,0,0,0
"E190","I03",3,0,0,0,0,0
"E190","I04",4,1,1,0,0,0
"E190","I05",5,0,0,0,0,0
"E190","I06",6,0,0,0,0,0
"E190","I07",7,0,0,0,0,0
"E190","I08",8,0,0,0,0,0
"E190","I09",9,0,0,0,0,0
"E190","I10",10,0,0,0,0,0
"E190","I11",11,0,0,0,0,0
"E190","I12",12,1,1,0,0,0
"E190","I13",13,0,0,0,0,0
"E190","I14",14,0,0,0,0,0
"E190","I15",15,0,0,0,0,0
"E190","I16",16,1,1,0,0,0
"E190","I17",17,1,0,1,0,1
"E190","I18",18,0,0,0,0,0
"E190","I19",19,1,1,0,0,0
"E190","I20",20,0,0,0,0,0
"E190","I21",21,0,0,0,0,0
"E190","I22",22,0,0,0,0,0
"E190","I23",23,1,1,0,0,0
"E190","I24",24,0,0,0,0,0
"E190","I25",25,1,1,0,0,0
"E190","I26",26,0,0,0,0,0
"E190","I27",27,0,0,0,0,0
"E190","I28",28,0,0,0,0,0
"E190","I29",29,0,0,0,0,0
"E190","I30",30,0,0,0,0,0
"E190","I31",31,0,0,0,0,0
"E190","I32",32,1,1,0,0,0
"E190","I33",33,1,1,0,0,0
"E190","I34",34,1,1,0,0,0
"E190","I35",35,1,1,0,0,0
"E190","I36",36,0,0,0,0,0
"E190","I37",37,1,1,0,0,0
"E190","I38",38,0,0,0,0,0
"E190","I39",39,1,1,0,0,0
"E190","I40",40,0,0,0,0,0
"E191","I01",1,1,1,0,0,0
"E191","I02",2,1,1,0,0,0
"E191","I03",3,0,1,1,1,0
"E191","I04",4,1,1,0,0,0
"E191","I05",5,1,1,0,0,0
"E191","I06",6,1,1,0,0,0
"E191","I07",7,1,1,0,0,0
"E191","I08",8,0,1,1,1,0
"E191","I09",9,1,1,0,0,0
"E191","I10",10,1,1,0,0,0
"E191","I11",11,1,1,0,0,0
"E191","I12",12,1,1,0,0,0
"E191","I13",13,1,1,0,0,0
"E191","I14",14,1,1,0,0,0
"E191","I15",15,1,1,0,0,0
"E191","I16",16,1,1,0,0,0
"E191","I17",17,1,1,0,0,0
"E191","I18",18,1,1,0,0,0
"E191","I19",19,1,1,0,0,0
"E191","I20",20,1,1,0,0,0
"E191","I21",21,1,1,0,0,0
"E191","I22",22,1,1,0,0,0
"E191","I23",23,1,1,0,0,0
"E191","I24",24,1,1,0,0,0
"E191","I25",25,1,1,0,0,0
"E191","I26",26,1,1,0,0,0
"E191","I27",27,1,1,0,0,0
"E191","I28",28,1,1,0,0,0
"E191","I29",29,1,1,0,0,0
"E191","I30",30,1,1,0,0,0
"E191","I31",31,0,0,0,0,0
"E191","I32",32,1,1,0,0,0
"E191","I33",33,1,1,0,0,0
"E191","I34",34,1,1,0,0,0
"E191","I35",35,1,1,0,0,0
"E191","I36",36,1,1,0,0,0
"E191","I37",37,1,1,0,0,0
"E191","I38",38,0,1,1,1,0
"E191","I39",39,0,0,0,0,0
"E191","I40",40,0,0,0,0,0
"E192","I01",1,1,1,0,0,0
"E192","I02",2,0,0,0,0,0
"E192","I03",3,1,1,0,0,0
"E192","I04",4,1,1,0,0,0
"E192","I05",5,0,0,0,0,0
"E192","I06",6,1,1,0,0,0
"E192","I07",7,1,1,0,0,0
"E192","I08",8,0,0,0,0,0
"E192","I09",9,0,0,0,0,0
"E192","I10",10,0,0,0,0,0
"E192","I11",11,0,0,0,0,0
"E192","I12",12,1,1,0,0,0
"E192","I13",13,1,1,0,0,0
"E192","I14",14,0,0,0,0,0
"E192","I15",15,0,0,0,0,0
"E192","I16",16,1,1,0,0,0
"E192","I17",17,1,1,0,0,0
"E192","I18",18,0,0,0,0,0
"E192","I19",19,0,0,0,0,0
"E192","I20",20,1,1,0,0,0
"E192","I21",21,0,0,0,0,0
"E192","I22",22,0,0,0,0,0
"E192","I23",23,0,0,0,0,0
"E192","I24",24,0,0,0,0,0
"E192","I25",25,0,0,0,0,0
"E192","I26",26,0,0,0,0,0
"E192","I27",27,0,0,0,0,0
"E192","I28",28,0,0,0,0,0
"E192","I29",29,1,1,0,0,0
"E192","I30",30,0,0,0,0,0
"E192","I31",31,1,0,1,0,1
"E192","I32",32,0,1,1,1,0
"E192","I33",33,0,0,0,0,0
"E192","I34",34,0,0,0,0,0
"E192","I35",35,0,0,0,0,0
"E192","I36",36,1,1,0,0,0
"E192","I37",37,1,1,0,0,0
"E192","I38",38,1,1,0,0,0
"E192","I39",39,0,0,0,0,0
"E192","I40",40,0,0,0,0,0
"E193","I01",1,1,1,0,0,0
"E193","I02",2,1,1,0,0,0
"E193","I03",3,1,1,0,0,0
"E193","I04",4,1,1,0,0,0
"E193","I05",5,1,1,0,0,0
"E193","I06",6,1,1,0,0,0
"E193","I07",7,1,1,0,0,0
"E193","I08",8,1,1,0,0,0
"E193","I09",9,0,0,0,0,0
"E193","I10",10,1,0,1,0,1
"E193","I11",11,0,0,0,0,0
"E193","I12",12,1,1,0,0,0
"E193","I13",13,0,0,0,0,0
"E193","I14",14,1,1,0,0,0
"E193","I15",15,0,0,0,0,0
"E193","I16",16,1,1,0,0,0
"E193","I17",17,1,1,0,0,0
"E193","I18",18,1,1,0,0,0
"E193","I19",19,0,0,0,0,0
"E193","I20",20,0,0,0,0,0
"E193","I21",21,0,0,0,0,0
"E193","I22",22,1,1,0,0,0
"E193","I23",23,1,1,0,0,0
"E193","I24",24,1,1,0,0,0
"E193","I25",25,1,1,0,0,0
"E193","I26",26,0,0,0,0,0
"E193","I27",27,1,1,0,0,0
"E193","I28",28,1,1,0,0,0
"E193","I29",29,1,1,0,0,0
"E193","I30",30,1,1,0,0,0
"E193","I31",31,0,0,0,0,0
"E193","I32",32,1,1,0,0,0
"E193","I33",33,1,1,0,0,0
"E193","I34",34,1,1,0,0,0
"E193","I35",35,1,1,0,0,0
"E193","I36",36,1,1,0,0,0
"E193","I37",37,1,1,0,0,0
"E193","I38",38,1,1,0,0,0
"E193","I39",39,1,1,0,0,0
"E193","I40",40,1,0,1,0,1
"E194","I01",1,1,1,0,0,0
"E194","I02",2,1,1,0,0,0
"E194","I03",3,0,0,0,0,0
"E194","I04",4,1,1,0,0,0
"E194","I05",5,1,1,0,0,0
"E194","I06",6,1,1,0,0,0
"E194","I07",7,1,1,0,0,0
"E194","I08",8,1,1,0,0,0
"E194","I09",9,1,1,0,0,0
"E194","I10",10,1,1,0,0,0
"E194","I11",11,0,0,0,0,0
"E194","I12",12,0,0,0,0,0
"E194","I13",13,0,0,0,0,0
"E194","I14",14,1,1,0,0,0
"E194","I15",15,0,0,0,0,0
"E194","I16",16,1,1,0,0,0
"E194","I17",17,1,1,0,0,0
"E194","I18",18,1,1,0,0,0
"E194","I19",19,1,1,0,0,0
"E194","I20",20,1,1,0,0,0
"E194","I21",21,0,0,0,0,0
"E194","I22",22,1,1,0,0,0
"E194","I23",23,1,1,0,0,0
"E194","I24",24,1,1,0,0,0
"E194","I25",25,1,1,0,0,0
"E194","I26",26,1,1,0,0,0
"E194","I27",27,0,0,0,0,0
"E194","I28",28,0,0,0,0,0
"E194","I29",29,1,1,0,0,0
"E194","I30",30,1,1,0,0,0
"E194","I31",31,1,1,0,0,0
"E194","I32",32,1,1,0,0,0
"E194","I33",33,0,0,0,0,0
"E194","I34",34,0,0,0,0,0
"E194","I35",35,1,1,0,0,0
"E194","I36",36,1,1,0,0,0
"E194","I37",37,1,1,0,0,0
"E194","I38",38,1,1,0,0,0
"E194","I39",39,1,1,0,0,0
"E194","I40",40,0,0,0,0,0
"E195","I01",1,0,1,1,1,0
"E195","I02",2,0,0,0,0,0
"E195","I03",3,0,0,0,0,0
"E195","I04",4,1,1,0,0,0
"E195","I05",5,1,1,0,0,0
"E195","I06",6,0,1,1,1,0
"E195","I07",7,1,1,0,0,0
"E195","I08",8,0,1,1,1,0
"E195","I09",9,0,0,0,0,0
"E195","I10",10,0,1,1,1,0
"E195","I11",11,0,0,0,0,0
"E195","I12",12,0,0,0,0,0
"E195","I13",13,1,1,0,0,0
"E195","I14",14,0,0,0,0,0
"E195","I15",15,0,0,0,0,0
"E195","I16",16,0,1,1,1,0
"E195","I17",17,0,0,0,0,0
"E195","I18",18,1,1,0,0,0
"E195","I19",19,1,1,0,0,0
"E195","I20",20,0,0,0,0,0
"E195","I21",21,0,0,0,0,0
"E195","I22",22,0,1,1,1,0
"E195","I23",23,1,1,0,0,0
"E195","I24",24,0,0,0,0,0
"E195","I25",25,0,0,0,0,0
"E195","I26",26,0,0,0,0,0
"E195","I27",27,0,0,0,0,0
"E195","I28",28,1,1,0,0,0
"E195","I29",29,0,0,0,0,0
"E195","I30",30,0,0,0,0,0
"E195","I31",31,0,0,0,0,0
"E195","I32",32,1,1,0,0,0
"E195","I33",33,0,0,0,0,0
"E195","I34",34,0,0,0,0,0
"E195","I35",35,0,1,1,1,0
"E195","I36",36,1,1,0,0,0
"E195","I37",37,0,1,1,1,0
"E195","I38",38,0,0,0,0,0
"E195","I39",39,1,1,0,0,0
"E195","I40",40,0,0,0,0,0
"E196","I01",1,1,1,0,0,0
"E196","I02",2,0,0,0,0,0
"E196","I03",3,1,1,0,0,0
"E196","I04",4,1,1,0,0,0
"E196","I05",5,1,1,0,0,0
"E196","I06",6,1,1,0,0,0
"E196","I07",7,0,1,1,1,0
"E196","I08",8,1,1,0,0,0
"E196","I09",9,0,0,0,0,0
"E196","I10",10,1,1,0,0,0
"E196","I11",11,1,1,0,0,0
"E196","I12",12,1,1,0,0,0
"E196","I13",13,0,0,0,0,0
"E196","I14",14,1,1,0,0,0
"E196","I15",15,0,0,0,0,0
"E196","I16",16,1,1,0,0,0
"E196","I17",17,1,1,0,0,0
"E196","I18",18,1,1,0,0,0
"E196","I19",19,1,1,0,0,0
"E196","I20",20,1,1,0,0,0
"E196","I21",21,0,0,0,0,0
"E196","I22",22,1,1,0,0,0
"E196","I23",23,1,1,0,0,0
"E196","I24",24,1,1,0,0,0
"E196","I25",25,1,1,0,0,0
"E196","I26",26,0,0,0,0,0
"E196","I27",27,1,0,1,0,1
"E196","I28",28,1,1,0,0,0
"E196","I29",29,1,1,0,0,0
"E196","I30",30,1,1,0,0,0
"E196","I31",31,1,1,0,0,0
"E196","I32",32,0,0,0,0,0
"E196","I33",33,0,0,0,0,0
"E196","I34",34,0,0,0,0,0
"E196","I35",35,1,1,0,0,0
"E196","I36",36,1,1,0,0,0
"E196","I37",37,1,1,0,0,0
"E196","I38",38,1,1,0,0,0
"E196","I39",39,0,0,0,0,0
"E196","I40",40,1,1,0,0,0
"E197","I01",1,1,1,0,0,0
"E197","I02",2,1,0,1,0,1
"E197","I03",3,1,1,0,0,0
"E197","I04",4,0,0,0,0,0
"E197","I05",5,0,0,0,0,0
"E197","I06",6,0,0,0,0,0
"E197","I07",7,0,0,0,0,0
"E197","I08",8,1,1,0,0,0
"E197","I09",9,0,1,1,1,0
"E197","I10",10,0,0,0,0,0
"E197","I11",11,0,0,0,0,0
"E197","I12",12,0,0,0,0,0
"E197","I13",13,0,0,0,0,0
"E197","I14",14,0,0,0,0,0
"E197","I15",15,0,0,0,0,0
"E197","I16",16,1,1,0,0,0
"E197","I17",17,0,0,0,0,0
"E197","I18",18,0,0,0,0,0
"E197","I19",19,1,1,0,0,0
"E197","I20",20,1,1,0,0,0
"E197","I21",21,0,0,0,0,0
"E197","I22",22,0,0,0,0,0
"E197","I23",23,1,1,0,0,0
"E197","I24",24,1,0,1,0,1
"E197","I25",25,0,0,0,0,0
"E197","I26",26,1,1,0,0,0
"E197","I27",27,0,0,0,0,0
"E197","I28",28,1,1,0,0,0
"E197","I29",29,1,1,0,0,0
"E197","I30",30,0,0,0,0,0
"E197","I31",31,0,0,0,0,0
"E197","I32",32,1,1,0,0,0
"E197","I33",33,0,0,0,0,0
"E197","I34",34,0,0,0,0,0
"E197","I35",35,0,0,0,0,0
"E197","I36",36,0,0,0,0,0
"E197","I37",37,0,0,0,0,0
"E197","I38",38,1,1,0,0,0
"E197","I39",39,0,0,0,0,0
"E197","I40",40,0,0,0,0,0
"E198","I01",1,1,1,0,0,0
"E198","I02",2,0,0,0,0,0
"E198","I03",3,0,0,0,0,0
"E198","I04",4,1,1,0,0,0
"E198","I05",5,1,1,0,0,0
"E198","I06",6,1,1,0,0,0
"E198","I07",7,0,0,0,0,0
"E198","I08",8,0,0,0,0,0
"E198","I09",9,1,1,0,0,0
"E198","I10",10,0,0,0,0,0
"E198","I11",11,0,0,0,0,0
"E198","I12",12,0,0,0,0,0
"E198","I13",13,0,0,0,0,0
"E198","I14",14,1,1,0,0,0
"E198","I15",15,0,1,1,1,0
"E198","I16",16,1,1,0,0,0
"E198","I17",17,1,1,0,0,0
"E198","I18",18,0,0,0,0,0
"E198","I19",19,0,0,0,0,0
"E198","I20",20,1,1,0,0,0
"E198","I21",21,0,0,0,0,0
"E198","I22",22,1,1,0,0,0
"E198","I23",23,0,0,0,0,0
"E198","I24",24,0,0,0,0,0
"E198","I25",25,0,0,0,0,0
"E198","I26",26,1,1,0,0,0
"E198","I27",27,1,1,0,0,0
"E198","I28",28,1,1,0,0,0
"E198","I29",29,1,1,0,0,0
"E198","I30",30,0,0,0,0,0
"E198","I31",31,0,0,0,0,0
"E198","I32",32,1,1,0,0,0
"E198","I33",33,0,0,0,0,0
"E198","I34",34,0,0,0,0,0
"E198","I35",35,0,0,0,0,0
"E198","I36",36,1,1,0,0,0
"E198","I37",37,0,1,1,1,0
"E198","I38",38,1,1,0,0,0
"E198","I39",39,0,0,0,0,0
"E198","I40",40,1,1,0,0,0
"E199","I01",1,1,1,0,0,0
"E199","I02",2,0,0,0,0,0
"E199","I03",3,1,1,0,0,0
"E199","I04",4,0,0,0,0,0
"E199","I05",5,0,0,0,0,0
"E199","I06",6,1,1,0,0,0
"E199","I07",7,0,0,0,0,0
"E199","I08",8,0,0,0,0,0
"E199","I09",9,0,0,0,0,0
"E199","I10",10,1,1,0,0,0
"E199","I11",11,0,0,0,0,0
"E199","I12",12,0,0,0,0,0
"E199","I13",13,0,0,0,0,0
"E199","I14",14,0,0,0,0,0
"E199","I15",15,0,0,0,0,0
"E199","I16",16,0,0,0,0,0
"E199","I17",17,0,0,0,0,0
"E199","I18",18,1,1,0,0,0
"E199","I19",19,0,0,0,0,0
"E199","I20",20,0,0,0,0,0
"E199","I21",21,0,0,0,0,0
"E199","I22",22,0,0,0,0,0
"E199","I23",23,0,0,0,0,0
"E199","I24",24,1,1,0,0,0
"E199","I25",25,0,0,0,0,0
"E199","I26",26,0,0,0,0,0
"E199","I27",27,0,0,0,0,0
"E199","I28",28,0,0,0,0,0
"E199","I29",29,0,0,0,0,0
"E199","I30",30,0,0,0,0,0
"E199","I31",31,0,0,0,0,0
"E199","I32",32,0,0,0,0,0
"E199","I33",33,0,0,0,0,0
"E199","I34",34,0,0,0,0,0
"E199","I35",35,0,0,0,0,0
"E199","I36",36,0,0,0,0,0
"E199","I37",37,1,1,0,0,0
"E199","I38",38,1,1,0,0,0
"E199","I39",39,0,0,0,0,0
"E199","I40",40,0,0,0,0,0
"E200","I01",1,1,1,0,0,0
"E200","I02",2,0,0,0,0,0
"E200","I03",3,1,1,0,0,0
"E200","I04",4,1,1,0,0,0
"E200","I05",5,0,0,0,0,0
"E200","I06",6,1,1,0,0,0
"E200","I07",7,0,0,0,0,0
"E200","I08",8,1,1,0,0,0
"E200","I09",9,1,1,0,0,0
"E200","I10",10,0,0,0,0,0
"E200","I11",11,1,1,0,0,0
"E200","I12",12,0,0,0,0,0
"E200","I13",13,0,0,0,0,0
"E200","I14",14,0,0,0,0,0
"E200","I15",15,1,1,0,0,0
"E200","I16",16,1,1,0,0,0
"E200","I17",17,1,1,0,0,0
"E200","I18",18,0,0,0,0,0
"E200","I19",19,1,1,0,0,0
"E200","I20",20,1,1,0,0,0
"E200","I21",21,0,0,0,0,0
"E200","I22",22,0,0,0,0,0
"E200","I23",23,0,0,0,0,0
"E200","I24",24,0,0,0,0,0
"E200","I25",25,1,1,0,0,0
"E200","I26",26,0,0,0,0,0
"E200","I27",27,1,1,0,0,0
"E200","I28",28,1,1,0,0,0
"E200","I29",29,0,0,0,0,0
"E200","I30",30,0,1,1,1,0
"E200","I31",31,1,0,1,0,1
"E200","I32",32,1,1,0,0,0
"E200","I33",33,0,0,0,0,0
"E200","I34",34,0,0,0,0,0
"E200","I35",35,0,0,0,0,0
"E200","I36",36,1,1,0,0,0
"E200","I37",37,1,1,0,0,0
"E200","I38",38,1,1,0,0,0
"E200","I39",39,1,1,0,0,0
"E200","I40",40,0,0,0,0,0
"E201","I01",1,0,0,0,0,0
"E201","I02",2,0,0,0,0,0
"E201","I03",3,1,1,0,0,0
"E201","I04",4,1,1,0,0,0
"E201","I05",5,0,0,0,0,0
"E201","I06",6,1,1,0,0,0
"E201","I07",7,1,1,0,0,0
"E201","I08",8,1,1,0,0,0
"E201","I09",9,0,0,0,0,0
"E201","I10",10,1,1,0,0,0
"E201","I11",11,0,0,0,0,0
"E201","I12",12,1,1,0,0,0
"E201","I13",13,0,0,0,0,0
"E201","I14",14,0,0,0,0,0
"E201","I15",15,0,0,0,0,0
"E201","I16",16,1,1,0,0,0
"E201","I17",17,1,1,0,0,0
"E201","I18",18,0,0,0,0,0
"E201","I19",19,1,1,0,0,0
"E201","I20",20,0,0,0,0,0
"E201","I21",21,0,0,0,0,0
"E201","I22",22,0,0,0,0,0
"E201","I23",23,0,0,0,0,0
"E201","I24",24,0,0,0,0,0
"E201","I25",25,0,0,0,0,0
"E201","I26",26,0,0,0,0,0
"E201","I27",27,0,0,0,0,0
"E201","I28",28,1,1,0,0,0
"E201","I29",29,0,0,0,0,0
"E201","I30",30,1,1,0,0,0
"E201","I31",31,0,0,0,0,0
"E201","I32",32,1,1,0,0,0
"E201","I33",33,0,0,0,0,0
"E201","I34",34,0,0,0,0,0
"E201","I35",35,0,0,0,0,0
"E201","I36",36,1,1,0,0,0
"E201","I37",37,1,1,0,0,0
"E201","I38",38,0,0,0,0,0
"E201","I39",39,1,0,1,0,1
"E201","I40",40,0,0,0,0,0
"E202","I01",1,1,1,0,0,0
"E202","I02",2,0,0,0,0,0
"E202","I03",3,1,1,0,0,0
"E202","I04",4,1,1,0,0,0
"E202","I05",5,1,1,0,0,0
"E202","I06",6,1,1,0,0,0
"E202","I07",7,1,1,0,0,0
"E202","I08",8,1,1,0,0,0
"E202","I09",9,1,1,0,0,0
"E202","I10",10,0,0,0,0,0
"E202","I11",11,1,1,0,0,0
"E202","I12",12,0,0,0,0,0
"E202","I13",13,0,0,0,0,0
"E202","I14",14,1,1,0,0,0
"E202","I15",15,1,1,0,0,0
"E202","I16",16,1,1,0,0,0
"E202","I17",17,1,1,0,0,0
"E202","I18",18,1,1,0,0,0
"E202","I19",19,1,1,0,0,0
"E202","I20",20,1,1,0,0,0
"E202","I21",21,0,0,0,0,0
"E202","I22",22,1,1,0,0,0
"E202","I23",23,1,1,0,0,0
"E202","I24",24,0,0,0,0,0
"E202","I25",25,1,1,0,0,0
"E202","I26",26,1,1,0,0,0
"E202","I27",27,1,1,0,0,0
"E202","I28",28,1,1,0,0,0
"E202","I29",29,1,1,0,0,0
"E202","I30",30,0,0,0,0,0
"E202","I31",31,0,0,0,0,0
"E202","I32",32,0,0,0,0,0
"E202","I33",33,0,0,0,0,0
"E202","I34",34,0,0,0,0,0
"E202","I35",35,0,0,0,0,0
"E202","I36",36,1,1,0,0,0
"E202","I37",37,1,1,0,0,0
"E202","I38",38,1,1,0,0,0
"E202","I39",39,1,1,0,0,0
"E202","I40",40,0,0,0,0,0
"E203","I01",1,1,1,0,0,0
"E203","I02",2,0,0,0,0,0
"E203","I03",3,0,0,0,0,0
"E203","I04",4,1,1,0,0,0
"E203","I05",5,1,1,0,0,0
"E203","I06",6,0,0,0,0,0
"E203","I07",7,1,1,0,0,0
"E203","I08",8,0,0,0,0,0
"E203","I09",9,1,1,0,0,0
"E203","I10",10,0,0,0,0,0
"E203","I11",11,0,0,0,0,0
"E203","I12",12,0,0,0,0,0
"E203","I13",13,0,0,0,0,0
"E203","I14",14,0,0,0,0,0
"E203","I15",15,0,0,0,0,0
"E203","I16",16,1,1,0,0,0
"E203","I17",17,0,0,0,0,0
"E203","I18",18,0,0,0,0,0
"E203","I19",19,1,1,0,0,0
"E203","I20",20,0,0,0,0,0
"E203","I21",21,1,1,0,0,0
"E203","I22",22,1,1,0,0,0
"E203","I23",23,0,0,0,0,0
"E203","I24",24,1,0,1,0,1
"E203","I25",25,1,1,0,0,0
"E203","I26",26,1,1,0,0,0
"E203","I27",27,0,0,0,0,0
"E203","I28",28,0,0,0,0,0
"E203","I29",29,0,0,0,0,0
"E203","I30",30,1,1,0,0,0
"E203","I31",31,0,0,0,0,0
"E203","I32",32,1,1,0,0,0
"E203","I33",33,0,0,0,0,0
"E203","I34",34,1,1,0,0,0
"E203","I35",35,1,1,0,0,0
"E203","I36",36,0,0,0,0,0
"E203","I37",37,0,0,0,0,0
"E203","I38",38,1,1,0,0,0
"E203","I39",39,0,0,0,0,0
"E203","I40",40,0,0,0,0,0
"E204","I01",1,1,1,0,0,0
"E204","I02",2,0,0,0,0,0
"E204","I03",3,0,0,0,0,0
"E204","I04",4,0,0,0,0,0
"E204","I05",5,0,0,0,0,0
"E204","I06",6,0,0,0,0,0
"E204","I07",7,1,1,0,0,0
"E204","I08",8,0,0,0,0,0
"E204","I09",9,0,0,0,0,0
"E204","I10",10,0,0,0,0,0
"E204","I11",11,0,0,0,0,0
"E204","I12",12,1,1,0,0,0
"E204","I13",13,1,1,0,0,0
"E204","I14",14,0,0,0,0,0
"E204","I15",15,0,0,0,0,0
"E204","I16",16,1,1,0,0,0
"E204","I17",17,0,0,0,0,0
"E204","I18",18,1,1,0,0,0
"E204","I19",19,0,0,0,0,0
"E204","I20",20,1,1,0,0,0
"E204","I21",21,0,0,0,0,0
"E204","I22",22,0,0,0,0,0
"E204","I23",23,0,0,0,0,0
"E204","I24",24,0,0,0,0,0
"E204","I25",25,1,1,0,0,0
"E204","I26",26,0,0,0,0,0
"E204","I27",27,0,0,0,0,0
"E204","I28",28,0,0,0,0,0
"E204","I29",29,0,0,0,0,0
"E204","I30",30,0,0,0,0,0
"E204","I31",31,0,0,0,0,0
"E204","I32",32,0,0,0,0,0
"E204","I33",33,0,0,0,0,0
"E204","I34",34,0,0,0,0,0
"E204","I35",35,0,0,0,0,0
"E204","I36",36,0,0,0,0,0
"E204","I37",37,1,0,1,0,1
"E204","I38",38,1,1,0,0,0
"E204","I39",39,1,1,0,0,0
"E204","I40",40,0,0,0,0,0
"E205","I01",1,1,1,0,0,0
"E205","I02",2,1,1,0,0,0
"E205","I03",3,0,1,1,1,0
"E205","I04",4,1,1,0,0,0
"E205","I05",5,0,0,0,0,0
"E205","I06",6,1,1,0,0,0
"E205","I07",7,0,1,1,1,0
"E205","I08",8,1,1,0,0,0
"E205","I09",9,0,0,0,0,0
"E205","I10",10,0,0,0,0,0
"E205","I11",11,0,0,0,0,0
"E205","I12",12,0,0,0,0,0
"E205","I13",13,1,1,0,0,0
"E205","I14",14,0,0,0,0,0
"E205","I15",15,0,0,0,0,0
"E205","I16",16,0,0,0,0,0
"E205","I17",17,1,1,0,0,0
"E205","I18",18,1,1,0,0,0
"E205","I19",19,1,1,0,0,0
"E205","I20",20,0,0,0,0,0
"E205","I21",21,1,1,0,0,0
"E205","I22",22,0,0,0,0,0
"E205","I23",23,1,1,0,0,0
"E205","I24",24,0,0,0,0,0
"E205","I25",25,1,1,0,0,0
"E205","I26",26,0,0,0,0,0
"E205","I27",27,0,0,0,0,0
"E205","I28",28,1,1,0,0,0
"E205","I29",29,1,1,0,0,0
"E205","I30",30,1,1,0,0,0
"E205","I31",31,0,0,0,0,0
"E205","I32",32,0,0,0,0,0
"E205","I33",33,0,0,0,0,0
"E205","I34",34,0,0,0,0,0
"E205","I35",35,0,0,0,0,0
"E205","I36",36,1,0,1,0,1
"E205","I37",37,0,0,0,0,0
"E205","I38",38,1,1,0,0,0
"E205","I39",39,1,1,0,0,0
"E205","I40",40,0,0,0,0,0
"E206","I01",1,1,1,0,0,0
"E206","I02",2,1,1,0,0,0
"E206","I03",3,1,1,0,0,0
"E206","I04",4,1,1,0,0,0
"E206","I05",5,1,1,0,0,0
"E206","I06",6,1,1,0,0,0
"E206","I07",7,1,1,0,0,0
"E206","I08",8,1,1,0,0,0
"E206","I09",9,1,1,0,0,0
"E206","I10",10,1,1,0,0,0
"E206","I11",11,1,1,0,0,0
"E206","I12",12,1,1,0,0,0
"E206","I13",13,1,1,0,0,0
"E206","I14",14,1,1,0,0,0
"E206","I15",15,1,1,0,0,0
"E206","I16",16,1,1,0,0,0
"E206","I17",17,1,1,0,0,0
"E206","I18",18,1,1,0,0,0
"E206","I19",19,0,0,0,0,0
"E206","I20",20,1,1,0,0,0
"E206","I21",21,0,0,0,0,0
"E206","I22",22,1,1,0,0,0
"E206","I23",23,1,1,0,0,0
"E206","I24",24,1,1,0,0,0
"E206","I25",25,1,1,0,0,0
"E206","I26",26,1,1,0,0,0
"E206","I27",27,1,1,0,0,0
"E206","I28",28,1,1,0,0,0
"E206","I29",29,1,1,0,0,0
"E206","I30",30,1,1,0,0,0
"E206","I31",31,0,0,0,0,0
"E206","I32",32,1,1,0,0,0
"E206","I33",33,1,1,0,0,0
"E206","I34",34,0,0,0,0,0
"E206","I35",35,1,1,0,0,0
"E206","I36",36,1,1,0,0,0
"E206","I37",37,1,1,0,0,0
"E206","I38",38,1,1,0,0,0
"E206","I39",39,1,1,0,0,0
"E206","I40",40,0,1,1,1,0
"E207","I01",1,1,1,0,0,0
"E207","I02",2,1,0,1,0,1
"E207","I03",3,0,0,0,0,0
"E207","I04",4,0,0,0,0,0
"E207","I05",5,0,0,0,0,0
"E207","I06",6,1,1,0,0,0
"E207","I07",7,0,0,0,0,0
"E207","I08",8,0,0,0,0,0
"E207","I09",9,0,0,0,0,0
"E207","I10",10,0,0,0,0,0
"E207","I11",11,1,1,0,0,0
"E207","I12",12,1,1,0,0,0
"E207","I13",13,0,0,0,0,0
"E207","I14",14,0,0,0,0,0
"E207","I15",15,0,0,0,0,0
"E207","I16",16,1,1,0,0,0
"E207","I17",17,0,0,0,0,0
"E207","I18",18,0,0,0,0,0
"E207","I19",19,1,1,0,0,0
"E207","I20",20,0,0,0,0,0
"E207","I21",21,0,0,0,0,0
"E207","I22",22,1,1,0,0,0
"E207","I23",23,0,0,0,0,0
"E207","I24",24,0,0,0,0,0
"E207","I25",25,1,1,0,0,0
"E207","I26",26,1,1,0,0,0
"E207","I27",27,0,0,0,0,0
"E207","I28",28,1,1,0,0,0
"E207","I29",29,0,0,0,0,0
"E207","I30",30,0,0,0,0,0
"E207","I31",31,1,0,1,0,1
"E207","I32",32,1,0,1,0,1
"E207","I33",33,0,0,0,0,0
"E207","I34",34,0,0,0,0,0
"E207","I35",35,0,0,0,0,0
"E207","I36",36,1,1,0,0,0
"E207","I37",37,1,1,0,0,0
"E207","I38",38,1,1,0,0,0
"E207","I39",39,0,0,0,0,0
"E207","I40",40,1,1,0,0,0
"E208","I01",1,1,1,0,0,0
"E208","I02",2,0,0,0,0,0
"E208","I03",3,0,0,0,0,0
"E208","I04",4,0,1,1,1,0
"E208","I05",5,1,1,0,0,0
"E208","I06",6,1,1,0,0,0
"E208","I07",7,1,1,0,0,0
"E208","I08",8,0,0,0,0,0
"E208","I09",9,0,0,0,0,0
"E208","I10",10,0,0,0,0,0
"E208","I11",11,0,0,0,0,0
"E208","I12",12,0,0,0,0,0
"E208","I13",13,0,0,0,0,0
"E208","I14",14,0,0,0,0,0
"E208","I15",15,0,0,0,0,0
"E208","I16",16,0,0,0,0,0
"E208","I17",17,0,0,0,0,0
"E208","I18",18,1,1,0,0,0
"E208","I19",19,1,1,0,0,0
"E208","I20",20,1,1,0,0,0
"E208","I21",21,0,0,0,0,0
"E208","I22",22,0,0,0,0,0
"E208","I23",23,1,1,0,0,0
"E208","I24",24,1,1,0,0,0
"E208","I25",25,0,0,0,0,0
"E208","I26",26,1,1,0,0,0
"E208","I27",27,0,1,1,1,0
"E208","I28",28,0,0,0,0,0
"E208","I29",29,1,1,0,0,0
"E208","I30",30,0,0,0,0,0
"E208","I31",31,0,0,0,0,0
"E208","I32",32,0,0,0,0,0
"E208","I33",33,1,0,1,0,1
"E208","I34",34,0,0,0,0,0
"E208","I35",35,0,0,0,0,0
"E208","I36",36,1,1,0,0,0
"E208","I37",37,0,0,0,0,0
"E208","I38",38,0,0,0,0,0
"E208","I39",39,1,1,0,0,0
"E208","I40",40,1,1,0,0,0
"E209","I01",1,1,1,0,0,0
"E209","I02",2,1,1,0,0,0
"E209","I03",3,1,1,0,0,0
"E209","I04",4,1,1,0,0,0
"E209","I05",5,1,1,0,0,0
"E209","I06",6,1,1,0,0,0
"E209","I07",7,1,1,0,0,0
"E209","I08",8,1,1,0,0,0
"E209","I09",9,1,1,0,0,0
"E209","I10",10,1,1,0,0,0
"E209","I11",11,0,0,0,0,0
"E209","I12",12,1,1,0,0,0
"E209","I13",13,1,1,0,0,0
"E209","I14",14,1,1,0,0,0
"E209","I15",15,1,1,0,0,0
"E209","I16",16,1,1,0,0,0
"E209","I17",17,1,1,0,0,0
"E209","I18",18,1,1,0,0,0
"E209","I19",19,1,1,0,0,0
"E209","I20",20,1,1,0,0,0
"E209","I21",21,1,1,0,0,0
"E209","I22",22,0,0,0,0,0
"E209","I23",23,1,1,0,0,0
"E209","I24",24,0,0,0,0,0
"E209","I25",25,0,0,0,0,0
"E209","I26",26,1,1,0,0,0
"E209","I27",27,1,1,0,0,0
"E209","I28",28,1,1,0,0,0
"E209","I29",29,1,1,0,0,0
"E209","I30",30,1,1,0,0,0
"E209","I31",31,1,1,0,0,0
"E209","I32",32,1,1,0,0,0
"E209","I33",33,0,0,0,0,0
"E209","I34",34,1,1,0,0,0
"E209","I35",35,1,1,0,0,0
"E209","I36",36,1,1,0,0,0
"E209","I37",37,1,1,0,0,0
"E209","I38",38,1,1,0,0,0
"E209","I39",39,1,1,0,0,0
"E209","I40",40,0,0,0,0,0
"E210","I01",1,1,1,0,0,0
"E210","I02",2,1,1,0,0,0
"E210","I03",3,1,1,0,0,0
"E210","I04",4,1,1,0,0,0
"E210","I05",5,1,1,0,0,0
"E210","I06",6,1,1,0,0,0
"E210","I07",7,1,1,0,0,0
"E210","I08",8,1,1,0,0,0
"E210","I09",9,0,1,1,1,0
"E210","I10",10,0,0,0,0,0
"E210","I11",11,1,1,0,0,0
"E210","I12",12,1,1,0,0,0
"E210","I13",13,1,1,0,0,0
"E210","I14",14,0,0,0,0,0
"E210","I15",15,1,1,0,0,0
"E210","I16",16,1,1,0,0,0
"E210","I17",17,1,1,0,0,0
"E210","I18",18,1,1,0,0,0
"E210","I19",19,1,1,0,0,0
"E210","I20",20,1,1,0,0,0
"E210","I21",21,0,0,0,0,0
"E210","I22",22,0,0,0,0,0
"E210","I23",23,1,1,0,0,0
"E210","I24",24,1,1,0,0,0
"E210","I25",25,1,1,0,0,0
"E210","I26",26,1,1,0,0,0
"E210","I27",27,1,1,0,0,0
"E210","I28",28,1,1,0,0,0
"E210","I29",29,1,1,0,0,0
"E210","I30",30,1,1,0,0,0
"E210","I31",31,1,1,0,0,0
"E210","I32",32,1,1,0,0,0
"E210","I33",33,1,1,0,0,0
"E210","I34",34,0,0,0,0,0
"E210","I35",35,0,0,0,0,0
"E210","I36",36,0,1,1,1,0
"E210","I37",37,1,1,0,0,0
"E210","I38",38,1,1,0,0,0
"E210","I39",39,0,0,0,0,0
"E210","I40",40,1,1,0,0,0
"E211","I01",1,1,1,0,0,0
"E211","I02",2,1,0,1,0,1
"E211","I03",3,0,0,0,0,0
"E211","I04",4,1,1,0,0,0
"E211","I05",5,0,0,0,0,0
"E211","I06",6,0,0,0,0,0
"E211","I07",7,1,1,0,0,0
"E211","I08",8,0,0,0,0,0
"E211","I09",9,1,1,0,0,0
"E211","I10",10,0,0,0,0,0
"E211","I11",11,0,0,0,0,0
"E211","I12",12,0,0,0,0,0
"E211","I13",13,0,0,0,0,0
"E211","I14",14,0,0,0,0,0
"E211","I15",15,0,0,0,0,0
"E211","I16",16,0,0,0,0,0
"E211","I17",17,0,0,0,0,0
"E211","I18",18,0,0,0,0,0
"E211","I19",19,1,1,0,0,0
"E211","I20",20,0,0,0,0,0
"E211","I21",21,0,0,0,0,0
"E211","I22",22,0,0,0,0,0
"E211","I23",23,0,0,0,0,0
"E211","I24",24,1,1,0,0,0
"E211","I25",25,0,1,1,1,0
"E211","I26",26,0,0,0,0,0
"E211","I27",27,1,1,0,0,0
"E211","I28",28,0,0,0,0,0
"E211","I29",29,0,0,0,0,0
"E211","I30",30,0,0,0,0,0
"E211","I31",31,0,0,0,0,0
"E211","I32",32,0,0,0,0,0
"E211","I33",33,0,0,0,0,0
"E211","I34",34,0,0,0,0,0
"E211","I35",35,0,0,0,0,0
"E211","I36",36,0,0,0,0,0
"E211","I37",37,1,1,0,0,0
"E211","I38",38,1,1,0,0,0
"E211","I39",39,0,0,0,0,0
"E211","I40",40,0,0,0,0,0
"E212","I01",1,1,1,0,0,0
"E212","I02",2,1,1,0,0,0
"E212","I03",3,1,1,0,0,0
"E212","I04",4,1,1,0,0,0
"E212","I05",5,1,1,0,0,0
"E212","I06",6,1,1,0,0,0
"E212","I07",7,1,1,0,0,0
"E212","I08",8,1,1,0,0,0
"E212","I09",9,0,0,0,0,0
"E212","I10",10,0,1,1,1,0
"E212","I11",11,0,0,0,0,0
"E212","I12",12,1,1,0,0,0
"E212","I13",13,0,0,0,0,0
"E212","I14",14,1,1,0,0,0
"E212","I15",15,0,0,0,0,0
"E212","I16",16,1,1,0,0,0
"E212","I17",17,0,0,0,0,0
"E212","I18",18,1,1,0,0,0
"E212","I19",19,1,1,0,0,0
"E212","I20",20,0,0,0,0,0
"E212","I21",21,1,1,0,0,0
"E212","I22",22,0,0,0,0,0
"E212","I23",23,0,0,0,0,0
"E212","I24",24,1,1,0,0,0
"E212","I25",25,1,0,1,0,1
"E212","I26",26,0,0,0,0,0
"E212","I27",27,1,1,0,0,0
"E212","I28",28,1,1,0,0,0
"E212","I29",29,1,1,0,0,0
"E212","I30",30,1,1,0,0,0
"E212","I31",31,0,0,0,0,0
"E212","I32",32,1,1,0,0,0
"E212","I33",33,0,0,0,0,0
"E212","I34",34,0,0,0,0,0
"E212","I35",35,0,0,0,0,0
"E212","I36",36,1,1,0,0,0
"E212","I37",37,1,1,0,0,0
"E212","I38",38,1,1,0,0,0
"E212","I39",39,1,1,0,0,0
"E212","I40",40,0,0,0,0,0
"E213","I01",1,1,1,0,0,0
"E213","I02",2,0,0,0,0,0
"E213","I03",3,1,1,0,0,0
"E213","I04",4,0,0,0,0,0
"E213","I05",5,1,1,0,0,0
"E213","I06",6,1,1,0,0,0
"E213","I07",7,0,0,0,0,0
"E213","I08",8,1,1,0,0,0
"E213","I09",9,0,0,0,0,0
"E213","I10",10,1,1,0,0,0
"E213","I11",11,0,0,0,0,0
"E213","I12",12,0,0,0,0,0
"E213","I13",13,1,1,0,0,0
"E213","I14",14,0,0,0,0,0
"E213","I15",15,0,1,1,1,0
"E213","I16",16,1,1,0,0,0
"E213","I17",17,1,1,0,0,0
"E213","I18",18,0,0,0,0,0
"E213","I19",19,1,1,0,0,0
"E213","I20",20,0,0,0,0,0
"E213","I21",21,0,1,1,1,0
"E213","I22",22,0,0,0,0,0
"E213","I23",23,0,0,0,0,0
"E213","I24",24,1,1,0,0,0
"E213","I25",25,0,0,0,0,0
"E213","I26",26,1,1,0,0,0
"E213","I27",27,0,0,0,0,0
"E213","I28",28,1,1,0,0,0
"E213","I29",29,1,1,0,0,0
"E213","I30",30,0,0,0,0,0
"E213","I31",31,0,0,0,0,0
"E213","I32",32,0,1,1,1,0
"E213","I33",33,0,0,0,0,0
"E213","I34",34,0,0,0,0,0
"E213","I35",35,0,0,0,0,0
"E213","I36",36,0,0,0,0,0
"E213","I37",37,0,0,0,0,0
"E213","I38",38,1,1,0,0,0
"E213","I39",39,0,0,0,0,0
"E213","I40",40,0,0,0,0,0
"E214","I01",1,1,1,0,0,0
"E214","I02",2,0,0,0,0,0
"E214","I03",3,0,0,0,0,0
"E214","I04",4,1,1,0,0,0
"E214","I05",5,0,0,0,0,0
"E214","I06",6,1,1,0,0,0
"E214","I07",7,1,1,0,0,0
"E214","I08",8,0,0,0,0,0
"E214","I09",9,0,0,0,0,0
"E214","I10",10,0,0,0,0,0
"E214","I11",11,1,1,0,0,0
"E214","I12",12,0,0,0,0,0
"E214","I13",13,0,0,0,0,0
"E214","I14",14,0,0,0,0,0
"E214","I15",15,0,0,0,0,0
"E214","I16",16,1,1,0,0,0
"E214","I17",17,1,1,0,0,0
"E214","I18",18,0,0,0,0,0
"E214","I19",19,0,0,0,0,0
"E214","I20",20,0,0,0,0,0
"E214","I21",21,0,0,0,0,0
"E214","I22",22,0,0,0,0,0
"E214","I23",23,1,1,0,0,0
"E214","I24",24,1,0,1,0,1
"E214","I25",25,1,1,0,0,0
"E214","I26",26,0,0,0,0,0
"E214","I27",27,0,0,0,0,0
"E214","I28",28,1,1,0,0,0
"E214","I29",29,0,0,0,0,0
"E214","I30",30,1,1,0,0,0
"E214","I31",31,0,0,0,0,0
"E214","I32",32,1,1,0,0,0
"E214","I33",33,0,0,0,0,0
"E214","I34",34,0,0,0,0,0
"E214","I35",35,0,0,0,0,0
"E214","I36",36,1,1,0,0,0
"E214","I37",37,1,1,0,0,0
"E214","I38",38,1,1,0,0,0
"E214","I39",39,1,1,0,0,0
"E214","I40",40,0,0,0,0,0
"E215","I01",1,1,1,0,0,0
"E215","I02",2,0,0,0,0,0
"E215","I03",3,0,0,0,0,0
"E215","I04",4,1,1,0,0,0
"E215","I05",5,0,0,0,0,0
"E215","I06",6,1,1,0,0,0
"E215","I07",7,1,1,0,0,0
"E215","I08",8,1,1,0,0,0
"E215","I09",9,0,0,0,0,0
"E215","I10",10,1,1,0,0,0
"E215","I11",11,0,0,0,0,0
"E215","I12",12,0,0,0,0,0
"E215","I13",13,0,0,0,0,0
"E215","I14",14,0,0,0,0,0
"E215","I15",15,1,1,0,0,0
"E215","I16",16,0,0,0,0,0
"E215","I17",17,0,0,0,0,0
"E215","I18",18,0,0,0,0,0
"E215","I19",19,0,0,0,0,0
"E215","I20",20,1,1,0,0,0
"E215","I21",21,0,0,0,0,0
"E215","I22",22,0,0,0,0,0
"E215","I23",23,1,1,0,0,0
"E215","I24",24,0,0,0,0,0
"E215","I25",25,0,0,0,0,0
"E215","I26",26,0,0,0,0,0
"E215","I27",27,0,0,0,0,0
"E215","I28",28,1,1,0,0,0
"E215","I29",29,1,1,0,0,0
"E215","I30",30,1,1,0,0,0
"E215","I31",31,1,1,0,0,0
"E215","I32",32,1,1,0,0,0
"E215","I33",33,0,0,0,0,0
"E215","I34",34,0,0,0,0,0
"E215","I35",35,1,1,0,0,0
"E215","I36",36,1,1,0,0,0
"E215","I37",37,1,1,0,0,0
"E215","I38",38,1,1,0,0,0
"E215","I39",39,0,0,0,0,0
"E215","I40",40,0,0,0,0,0
"E216","I01",1,1,1,0,0,0
"E216","I02",2,0,0,0,0,0
"E216","I03",3,0,0,0,0,0
"E216","I04",4,1,1,0,0,0
"E216","I05",5,0,0,0,0,0
"E216","I06",6,0,1,1,1,0
"E216","I07",7,1,1,0,0,0
"E216","I08",8,1,1,0,0,0
"E216","I09",9,1,1,0,0,0
"E216","I10",10,1,1,0,0,0
"E216","I11",11,1,1,0,0,0
"E216","I12",12,1,1,0,0,0
"E216","I13",13,1,1,0,0,0
"E216","I14",14,0,0,0,0,0
"E216","I15",15,0,0,0,0,0
"E216","I16",16,1,1,0,0,0
"E216","I17",17,1,1,0,0,0
"E216","I18",18,1,1,0,0,0
"E216","I19",19,0,0,0,0,0
"E216","I20",20,0,0,0,0,0
"E216","I21",21,0,0,0,0,0
"E216","I22",22,1,1,0,0,0
"E216","I23",23,1,1,0,0,0
"E216","I24",24,1,1,0,0,0
"E216","I25",25,1,1,0,0,0
"E216","I26",26,1,1,0,0,0
"E216","I27",27,0,0,0,0,0
"E216","I28",28,1,1,0,0,0
"E216","I29",29,1,1,0,0,0
"E216","I30",30,1,1,0,0,0
"E216","I31",31,0,0,0,0,0
"E216","I32",32,1,1,0,0,0
"E216","I33",33,0,0,0,0,0
"E216","I34",34,0,0,0,0,0
"E216","I35",35,1,1,0,0,0
"E216","I36",36,0,1,1,1,0
"E216","I37",37,0,0,0,0,0
"E216","I38",38,1,1,0,0,0
"E216","I39",39,1,1,0,0,0
"E216","I40",40,0,0,0,0,0
"E217","I01",1,1,1,0,0,0
"E217","I02",2,0,0,0,0,0
"E217","I03",3,0,0,0,0,0
"E217","I04",4,1,1,0,0,0
"E217","I05",5,0,0,0,0,0
"E217","I06",6,1,1,0,0,0
"E217","I07",7,1,1,0,0,0
"E217","I08",8,0,0,0,0,0
"E217","I09",9,1,1,0,0,0
"E217","I10",10,1,1,0,0,0
"E217","I11",11,0,0,0,0,0
"E217","I12",12,1,1,0,0,0
"E217","I13",13,1,1,0,0,0
"E217","I14",14,1,1,0,0,0
"E217","I15",15,0,0,0,0,0
"E217","I16",16,1,1,0,0,0
"E217","I17",17,0,0,0,0,0
"E217","I18",18,0,0,0,0,0
"E217","I19",19,1,1,0,0,0
"E217","I20",20,1,1,0,0,0
"E217","I21",21,1,1,0,0,0
"E217","I22",22,0,0,0,0,0
"E217","I23",23,1,1,0,0,0
"E217","I24",24,0,0,0,0,0
"E217","I25",25,0,0,0,0,0
"E217","I26",26,1,1,0,0,0
"E217","I27",27,0,0,0,0,0
"E217","I28",28,1,1,0,0,0
"E217","I29",29,1,1,0,0,0
"E217","I30",30,0,0,0,0,0
"E217","I31",31,1,1,0,0,0
"E217","I32",32,0,0,0,0,0
"E217","I33",33,0,0,0,0,0
"E217","I34",34,0,0,0,0,0
"E217","I35",35,0,0,0,0,0
"E217","I36",36,1,1,0,0,0
"E217","I37",37,1,1,0,0,0
"E217","I38",38,1,1,0,0,0
"E217","I39",39,1,1,0,0,0
"E217","I40",40,1,1,0,0,0
"E218","I01",1,1,1,0,0,0
"E218","I02",2,0,0,0,0,0
"E218","I03",3,1,1,0,0,0
"E218","I04",4,1,1,0,0,0
"E218","I05",5,1,1,0,0,0
"E218","I06",6,1,1,0,0,0
"E218","I07",7,1,1,0,0,0
"E218","I08",8,1,1,0,0,0
"E218","I09",9,1,1,0,0,0
"E218","I10",10,1,1,0,0,0
"E218","I11",11,1,1,0,0,0
"E218","I12",12,1,1,0,0,0
"E218","I13",13,1,1,0,0,0
"E218","I14",14,0,0,0,0,0
"E218","I15",15,1,1,0,0,0
"E218","I16",16,0,0,0,0,0
"E218","I17",17,1,1,0,0,0
"E218","I18",18,0,0,0,0,0
"E218","I19",19,1,1,0,0,0
"E218","I20",20,1,1,0,0,0
"E218","I21",21,0,0,0,0,0
"E218","I22",22,0,0,0,0,0
"E218","I23",23,1,1,0,0,0
"E218","I24",24,1,1,0,0,0
"E218","I25",25,0,0,0,0,0
"E218","I26",26,1,1,0,0,0
"E218","I27",27,1,1,0,0,0
"E218","I28",28,1,1,0,0,0
"E218","I29",29,1,1,0,0,0
"E218","I30",30,0,0,0,0,0
"E218","I31",31,0,0,0,0,0
"E218","I32",32,1,1,0,0,0
"E218","I33",33,1,1,0,0,0
"E218","I34",34,0,0,0,0,0
"E218","I35",35,1,1,0,0,0
"E218","I36",36,1,1,0,0,0
"E218","I37",37,1,1,0,0,0
"E218","I38",38,1,1,0,0,0
"E218","I39",39,1,1,0,0,0
"E218","I40",40,0,0,0,0,0
"E219","I01",1,1,1,0,0,0
"E219","I02",2,1,1,0,0,0
"E219","I03",3,1,1,0,0,0
"E219","I04",4,1,1,0,0,0
"E219","I05",5,1,1,0,0,0
"E219","I06",6,1,1,0,0,0
"E219","I07",7,1,1,0,0,0
"E219","I08",8,1,1,0,0,0
"E219","I09",9,1,1,0,0,0
"E219","I10",10,1,1,0,0,0
"E219","I11",11,0,0,0,0,0
"E219","I12",12,0,0,0,0,0
"E219","I13",13,1,1,0,0,0
"E219","I14",14,0,0,0,0,0
"E219","I15",15,1,1,0,0,0
"E219","I16",16,1,1,0,0,0
"E219","I17",17,1,1,0,0,0
"E219","I18",18,0,0,0,0,0
"E219","I19",19,1,1,0,0,0
"E219","I20",20,1,1,0,0,0
"E219","I21",21,0,0,0,0,0
"E219","I22",22,0,0,0,0,0
"E219","I23",23,0,0,0,0,0
"E219","I24",24,0,0,0,0,0
"E219","I25",25,1,1,0,0,0
"E219","I26",26,1,1,0,0,0
"E219","I27",27,1,1,0,0,0
"E219","I28",28,0,1,1,1,0
"E219","I29",29,0,0,0,0,0
"E219","I30",30,0,0,0,0,0
"E219","I31",31,0,0,0,0,0
"E219","I32",32,1,1,0,0,0
"E219","I33",33,1,1,0,0,0
"E219","I34",34,1,1,0,0,0
"E219","I35",35,0,0,0,0,0
"E219","I36",36,1,1,0,0,0
"E219","I37",37,1,1,0,0,0
"E219","I38",38,1,1,0,0,0
"E219","I39",39,0,0,0,0,0
"E219","I40",40,0,0,0,0,0
"E220","I01",1,1,1,0,0,0
"E220","I02",2,0,1,1,1,0
"E220","I03",3,1,1,0,0,0
"E220","I04",4,1,1,0,0,0
"E220","I05",5,1,1,0,0,0
"E220","I06",6,1,1,0,0,0
"E220","I07",7,1,1,0,0,0
"E220","I08",8,1,1,0,0,0
"E220","I09",9,1,1,0,0,0
"E220","I10",10,1,1,0,0,0
"E220","I11",11,0,1,1,1,0
"E220","I12",12,1,1,0,0,0
"E220","I13",13,1,1,0,0,0
"E220","I14",14,1,1,0,0,0
"E220","I15",15,0,0,0,0,0
"E220","I16",16,1,1,0,0,0
"E220","I17",17,1,1,0,0,0
"E220","I18",18,1,1,0,0,0
"E220","I19",19,1,1,0,0,0
"E220","I20",20,1,1,0,0,0
"E220","I21",21,0,0,0,0,0
"E220","I22",22,0,0,0,0,0
"E220","I23",23,1,1,0,0,0
"E220","I24",24,1,1,0,0,0
"E220","I25",25,1,1,0,0,0
"E220","I26",26,1,1,0,0,0
"E220","I27",27,1,1,0,0,0
"E220","I28",28,1,1,0,0,0
"E220","I29",29,0,1,1,1,0
"E220","I30",30,1,1,0,0,0
"E220","I31",31,1,1,0,0,0
"E220","I32",32,1,1,0,0,0
"E220","I33",33,1,1,0,0,0
"E220","I34",34,0,0,0,0,0
"E220","I35",35,1,1,0,0,0
"E220","I36",36,1,1,0,0,0
"E220","I37",37,1,1,0,0,0
"E220","I38",38,1,1,0,0,0
"E220","I39",39,1,1,0,0,0
"E220","I40",40,1,1,0,0,0
"E221","I01",1,1,1,0,0,0
"E221","I02",2,0,0,0,0,0
"E221","I03",3,0,0,0,0,0
"E221","I04",4,1,1,0,0,0
"E221","I05",5,0,0,0,0,0
"E221","I06",6,0,0,0,0,0
"E221","I07",7,1,1,0,0,0
"E221","I08",8,0,0,0,0,0
"E221","I09",9,0,0,0,0,0
"E221","I10",10,0,0,0,0,0
"E221","I11",11,0,0,0,0,0
"E221","I12",12,1,1,0,0,0
"E221","I13",13,0,0,0,0,0
"E221","I14",14,0,1,1,1,0
"E221","I15",15,1,1,0,0,0
"E221","I16",16,0,0,0,0,0
"E221","I17",17,0,0,0,0,0
"E221","I18",18,1,1,0,0,0
"E221","I19",19,1,1,0,0,0
"E221","I20",20,1,1,0,0,0
"E221","I21",21,0,0,0,0,0
"E221","I22",22,0,0,0,0,0
"E221","I23",23,0,0,0,0,0
"E221","I24",24,1,1,0,0,0
"E221","I25",25,1,1,0,0,0
"E221","I26",26,1,1,0,0,0
"E221","I27",27,1,0,1,0,1
"E221","I28",28,1,1,0,0,0
"E221","I29",29,0,0,0,0,0
"E221","I30",30,0,0,0,0,0
"E221","I31",31,0,0,0,0,0
"E221","I32",32,1,1,0,0,0
"E221","I33",33,0,0,0,0,0
"E221","I34",34,0,0,0,0,0
"E221","I35",35,0,0,0,0,0
"E221","I36",36,1,1,0,0,0
"E221","I37",37,1,1,0,0,0
"E221","I38",38,1,1,0,0,0
"E221","I39",39,0,0,0,0,0
"E221","I40",40,0,0,0,0,0
"E222","I01",1,1,1,0,0,0
"E222","I02",2,0,0,0,0,0
"E222","I03",3,0,0,0,0,0
"E222","I04",4,1,1,0,0,0
"E222","I05",5,0,0,0,0,0
"E222","I06",6,1,1,0,0,0
"E222","I07",7,0,0,0,0,0
"E222","I08",8,0,0,0,0,0
"E222","I09",9,0,0,0,0,0
"E222","I10",10,0,0,0,0,0
"E222","I11",11,0,0,0,0,0
"E222","I12",12,0,0,0,0,0
"E222","I13",13,0,0,0,0,0
"E222","I14",14,0,0,0,0,0
"E222","I15",15,0,0,0,0,0
"E222","I16",16,0,0,0,0,0
"E222","I17",17,0,0,0,0,0
"E222","I18",18,0,0,0,0,0
"E222","I19",19,0,0,0,0,0
"E222","I20",20,0,0,0,0,0
"E222","I21",21,0,0,0,0,0
"E222","I22",22,0,0,0,0,0
"E222","I23",23,0,0,0,0,0
"E222","I24",24,0,0,0,0,0
"E222","I25",25,0,0,0,0,0
"E222","I26",26,0,0,0,0,0
"E222","I27",27,0,0,0,0,0
"E222","I28",28,1,1,0,0,0
"E222","I29",29,0,0,0,0,0
"E222","I30",30,0,0,0,0,0
"E222","I31",31,0,0,0,0,0
"E222","I32",32,1,1,0,0,0
"E222","I33",33,0,0,0,0,0
"E222","I34",34,0,0,0,0,0
"E222","I35",35,0,0,0,0,0
"E222","I36",36,1,0,1,0,1
"E222","I37",37,0,0,0,0,0
"E222","I38",38,0,0,0,0,0
"E222","I39",39,0,0,0,0,0
"E222","I40",40,0,0,0,0,0
"E223","I01",1,1,1,0,0,0
"E223","I02",2,0,0,0,0,0
"E223","I03",3,0,0,0,0,0
"E223","I04",4,1,1,0,0,0
"E223","I05",5,0,0,0,0,0
"E223","I06",6,0,0,0,0,0
"E223","I07",7,1,1,0,0,0
"E223","I08",8,0,0,0,0,0
"E223","I09",9,1,1,0,0,0
"E223","I10",10,0,0,0,0,0
"E223","I11",11,0,0,0,0,0
"E223","I12",12,1,1,0,0,0
"E223","I13",13,0,0,0,0,0
"E223","I14",14,0,0,0,0,0
"E223","I15",15,0,0,0,0,0
"E223","I16",16,1,1,0,0,0
"E223","I17",17,1,1,0,0,0
"E223","I18",18,1,1,0,0,0
"E223","I19",19,0,0,0,0,0
"E223","I20",20,1,1,0,0,0
"E223","I21",21,0,0,0,0,0
"E223","I22",22,0,0,0,0,0
"E223","I23",23,0,0,0,0,0
"E223","I24",24,1,1,0,0,0
"E223","I25",25,0,0,0,0,0
"E223","I26",26,1,1,0,0,0
"E223","I27",27,0,0,0,0,0
"E223","I28",28,1,1,0,0,0
"E223","I29",29,0,0,0,0,0
"E223","I30",30,0,0,0,0,0
"E223","I31",31,1,1,0,0,0
"E223","I32",32,1,1,0,0,0
"E223","I33",33,0,0,0,0,0
"E223","I34",34,0,0,0,0,0
"E223","I35",35,0,0,0,0,0
"E223","I36",36,0,0,0,0,0
"E223","I37",37,1,1,0,0,0
"E223","I38",38,1,1,0,0,0
"E223","I39",39,1,1,0,0,0
"E223","I40",40,0,0,0,0,0
"E224","I01",1,1,1,0,0,0
"E224","I02",2,1,1,0,0,0
"E224","I03",3,0,0,0,0,0
"E224","I04",4,0,0,0,0,0
"E224","I05",5,0,0,0,0,0
"E224","I06",6,0,0,0,0,0
"E224","I07",7,1,1,0,0,0
"E224","I08",8,0,0,0,0,0
"E224","I09",9,1,1,0,0,0
"E224","I10",10,1,1,0,0,0
"E224","I11",11,0,0,0,0,0
"E224","I12",12,0,0,0,0,0
"E224","I13",13,0,0,0,0,0
"E224","I14",14,0,0,0,0,0
"E224","I15",15,0,0,0,0,0
"E224","I16",16,0,0,0,0,0
"E224","I17",17,1,1,0,0,0
"E224","I18",18,0,0,0,0,0
"E224","I19",19,0,0,0,0,0
"E224","I20",20,1,1,0,0,0
"E224","I21",21,0,0,0,0,0
"E224","I22",22,0,0,0,0,0
"E224","I23",23,0,0,0,0,0
"E224","I24",24,1,1,0,0,0
"E224","I25",25,0,0,0,0,0
"E224","I26",26,1,1,0,0,0
"E224","I27",27,0,0,0,0,0
"E224","I28",28,1,0,1,0,1
"E224","I29",29,0,0,0,0,0
"E224","I30",30,0,0,0,0,0
"E224","I31",31,0,0,0,0,0
"E224","I32",32,0,0,0,0,0
"E224","I33",33,1,0,1,0,1
"E224","I34",34,0,0,0,0,0
"E224","I35",35,1,1,0,0,0
"E224","I36",36,1,1,0,0,0
"E224","I37",37,1,1,0,0,0
"E224","I38",38,1,1,0,0,0
"E224","I39",39,0,0,0,0,0
"E224","I40",40,0,0,0,0,0
"E225","I01",1,1,1,0,0,0
"E225","I02",2,0,0,0,0,0
"E225","I03",3,1,1,0,0,0
"E225","I04",4,1,1,0,0,0
"E225","I05",5,0,0,0,0,0
"E225","I06",6,1,1,0,0,0
"E225","I07",7,1,1,0,0,0
"E225","I08",8,0,0,0,0,0
"E225","I09",9,0,0,0,0,0
"E225","I10",10,0,0,0,0,0
"E225","I11",11,0,0,0,0,0
"E225","I12",12,0,0,0,0,0
"E225","I13",13,0,0,0,0,0
"E225","I14",14,0,0,0,0,0
"E225","I15",15,0,0,0,0,0
"E225","I16",16,1,1,0,0,0
"E225","I17",17,0,0,0,0,0
"E225","I18",18,1,1,0,0,0
"E225","I19",19,0,1,1,1,0
"E225","I20",20,1,1,0,0,0
"E225","I21",21,0,0,0,0,0
"E225","I22",22,1,1,0,0,0
"E225","I23",23,0,0,0,0,0
"E225","I24",24,0,0,0,0,0
"E225","I25",25,1,1,0,0,0
"E225","I26",26,1,1,0,0,0
"E225","I27",27,0,0,0,0,0
"E225","I28",28,0,0,0,0,0
"E225","I29",29,0,0,0,0,0
"E225","I30",30,1,1,0,0,0
"E225","I31",31,0,0,0,0,0
"E225","I32",32,0,0,0,0,0
"E225","I33",33,0,1,1,1,0
"E225","I34",34,0,0,0,0,0
"E225","I35",35,0,0,0,0,0
"E225","I36",36,1,1,0,0,0
"E225","I37",37,1,1,0,0,0
"E225","I38",38,1,1,0,0,0
"E225","I39",39,0,0,0,0,0
"E225","I40",40,0,0,0,0,0
"E226","I01",1,1,1,0,0,0
"E226","I02",2,1,1,0,0,0
"E226","I03",3,1,1,0,0,0
"E226","I04",4,1,1,0,0,0
"E226","I05",5,1,1,0,0,0
"E226","I06",6,1,1,0,0,0
"E226","I07",7,1,1,0,0,0
"E226","I08",8,0,1,1,1,0
"E226","I09",9,1,1,0,0,0
"E226","I10",10,1,1,0,0,0
"E226","I11",11,0,0,0,0,0
"E226","I12",12,1,1,0,0,0
"E226","I13",13,1,1,0,0,0
"E226","I14",14,1,0,1,0,1
"E226","I15",15,1,1,0,0,0
"E226","I16",16,1,1,0,0,0
"E226","I17",17,0,0,0,0,0
"E226","I18",18,0,0,0,0,0
"E226","I19",19,1,1,0,0,0
"E226","I20",20,1,1,0,0,0
"E226","I21",21,0,1,1,1,0
"E226","I22",22,1,1,0,0,0
"E226","I23",23,1,1,0,0,0
"E226","I24",24,0,0,0,0,0
"E226","I25",25,0,0,0,0,0
"E226","I26",26,1,1,0,0,0
"E226","I27",27,0,0,0,0,0
"E226","I28",28,1,1,0,0,0
"E226","I29",29,1,1,0,0,0
"E226","I30",30,1,1,0,0,0
"E226","I31",31,0,0,0,0,0
"E226","I32",32,1,1,0,0,0
"E226","I33",33,1,1,0,0,0
"E226","I34",34,0,0,0,0,0
"E226","I35",35,1,1,0,0,0
"E226","I36",36,1,1,0,0,0
"E226","I37",37,1,1,0,0,0
"E226","I38",38,1,1,0,0,0
"E226","I39",39,0,0,0,0,0
"E226","I40",40,0,0,0,0,0
"E227","I01",1,1,1,0,0,0
"E227","I02",2,1,1,0,0,0
"E227","I03",3,0,0,0,0,0
"E227","I04",4,1,1,0,0,0
"E227","I05",5,0,0,0,0,0
"E227","I06",6,0,0,0,0,0
"E227","I07",7,1,1,0,0,0
"E227","I08",8,1,1,0,0,0
"E227","I09",9,0,0,0,0,0
"E227","I10",10,0,0,0,0,0
"E227","I11",11,1,1,0,0,0
"E227","I12",12,1,0,1,0,1
"E227","I13",13,1,1,0,0,0
"E227","I14",14,0,0,0,0,0
"E227","I15",15,0,0,0,0,0
"E227","I16",16,1,1,0,0,0
"E227","I17",17,0,0,0,0,0
"E227","I18",18,1,1,0,0,0
"E227","I19",19,0,0,0,0,0
"E227","I20",20,0,0,0,0,0
"E227","I21",21,0,0,0,0,0
"E227","I22",22,1,1,0,0,0
"E227","I23",23,1,1,0,0,0
"E227","I24",24,1,1,0,0,0
"E227","I25",25,1,1,0,0,0
"E227","I26",26,0,0,0,0,0
"E227","I27",27,0,0,0,0,0
"E227","I28",28,1,1,0,0,0
"E227","I29",29,1,1,0,0,0
"E227","I30",30,0,0,0,0,0
"E227","I31",31,0,0,0,0,0
"E227","I32",32,1,1,0,0,0
"E227","I33",33,0,0,0,0,0
"E227","I34",34,0,0,0,0,0
"E227","I35",35,1,1,0,0,0
"E227","I36",36,1,1,0,0,0
"E227","I37",37,1,1,0,0,0
"E227","I38",38,0,0,0,0,0
"E227","I39",39,0,0,0,0,0
"E227","I40",40,0,0,0,0,0
"E228","I01",1,1,1,0,0,0
"E228","I02",2,0,0,0,0,0
"E228","I03",3,0,0,0,0,0
"E228","I04",4,1,1,0,0,0
"E228","I05",5,0,0,0,0,0
"E228","I06",6,0,0,0,0,0
"E228","I07",7,0,0,0,0,0
"E228","I08",8,0,0,0,0,0
"E228","I09",9,1,1,0,0,0
"E228","I10",10,0,0,0,0,0
"E228","I11",11,0,0,0,0,0
"E228","I12",12,1,1,0,0,0
"E228","I13",13,0,0,0,0,0
"E228","I14",14,0,0,0,0,0
"E228","I15",15,0,0,0,0,0
"E228","I16",16,0,0,0,0,0
"E228","I17",17,0,0,0,0,0
"E228","I18",18,0,0,0,0,0
"E228","I19",19,1,1,0,0,0
"E228","I20",20,0,0,0,0,0
"E228","I21",21,1,0,1,0,1
"E228","I22",22,0,0,0,0,0
"E228","I23",23,1,1,0,0,0
"E228","I24",24,0,0,0,0,0
"E228","I25",25,0,0,0,0,0
"E228","I26",26,1,1,0,0,0
"E228","I27",27,0,0,0,0,0
"E228","I28",28,1,1,0,0,0
"E228","I29",29,1,1,0,0,0
"E228","I30",30,1,0,1,0,1
"E228","I31",31,0,0,0,0,0
"E228","I32",32,1,1,0,0,0
"E228","I33",33,0,0,0,0,0
"E228","I34",34,0,0,0,0,0
"E228","I35",35,0,0,0,0,0
"E228","I36",36,1,1,0,0,0
"E228","I37",37,0,0,0,0,0
"E228","I38",38,0,0,0,0,0
"E228","I39",39,0,0,0,0,0
"E228","I40",40,0,0,0,0,0
"E229","I01",1,1,1,0,0,0
"E229","I02",2,1,1,0,0,0
"E229","I03",3,1,1,0,0,0
"E229","I04",4,1,1,0,0,0
"E229","I05",5,1,1,0,0,0
"E229","I06",6,1,1,0,0,0
"E229","I07",7,1,1,0,0,0
"E229","I08",8,1,1,0,0,0
"E229","I09",9,0,0,0,0,0
"E229","I10",10,1,1,0,0,0
"E229","I11",11,1,1,0,0,0
"E229","I12",12,1,1,0,0,0
"E229","I13",13,1,1,0,0,0
"E229","I14",14,1,1,0,0,0
"E229","I15",15,0,0,0,0,0
"E229","I16",16,1,1,0,0,0
"E229","I17",17,0,0,0,0,0
"E229","I18",18,0,0,0,0,0
"E229","I19",19,1,1,0,0,0
"E229","I20",20,1,1,0,0,0
"E229","I21",21,0,0,0,0,0
"E229","I22",22,0,0,0,0,0
"E229","I23",23,1,1,0,0,0
"E229","I24",24,1,1,0,0,0
"E229","I25",25,0,0,0,0,0
"E229","I26",26,1,1,0,0,0
"E229","I27",27,0,0,0,0,0
"E229","I28",28,1,1,0,0,0
"E229","I29",29,0,0,0,0,0
"E229","I30",30,1,0,1,0,1
"E229","I31",31,0,0,0,0,0
"E229","I32",32,1,1,0,0,0
"E229","I33",33,0,0,0,0,0
"E229","I34",34,1,0,1,0,1
"E229","I35",35,1,1,0,0,0
"E229","I36",36,0,0,0,0,0
"E229","I37",37,1,1,0,0,0
"E229","I38",38,1,1,0,0,0
"E229","I39",39,1,1,0,0,0
"E229","I40",40,0,0,0,0,0
"E230","I01",1,1,1,0,0,0
"E230","I02",2,1,1,0,0,0
"E230","I03",3,1,1,0,0,0
"E230","I04",4,1,1,0,0,0
"E230","I05",5,0,0,0,0,0
"E230","I06",6,1,1,0,0,0
"E230","I07",7,1,1,0,0,0
"E230","I08",8,0,0,0,0,0
"E230","I09",9,1,1,0,0,0
"E230","I10",10,1,1,0,0,0
"E230","I11",11,1,1,0,0,0
"E230","I12",12,0,0,0,0,0
"E230","I13",13,1,1,0,0,0
"E230","I14",14,0,0,0,0,0
"E230","I15",15,0,0,0,0,0
"E230","I16",16,1,1,0,0,0
"E230","I17",17,1,1,0,0,0
"E230","I18",18,1,1,0,0,0
"E230","I19",19,1,1,0,0,0
"E230","I20",20,1,1,0,0,0
"E230","I21",21,0,0,0,0,0
"E230","I22",22,0,0,0,0,0
"E230","I23",23,1,1,0,0,0
"E230","I24",24,0,0,0,0,0
"E230","I25",25,0,0,0,0,0
"E230","I26",26,1,1,0,0,0
"E230","I27",27,1,1,0,0,0
"E230","I28",28,0,1,1,1,0
"E230","I29",29,1,1,0,0,0
"E230","I30",30,0,0,0,0,0
"E230","I31",31,1,1,0,0,0
"E230","I32",32,0,0,0,0,0
"E230","I33",33,1,1,0,0,0
"E230","I34",34,1,1,0,0,0
"E230","I35",35,1,0,1,0,1
"E230","I36",36,0,0,0,0,0
"E230","I37",37,1,1,0,0,0
"E230","I38",38,1,1,0,0,0
"E230","I39",39,1,1,0,0,0
"E230","I40",40,0,0,0,0,0
"E231","I01",1,0,0,0,0,0
"E231","I02",2,0,0,0,0,0
"E231","I03",3,0,0,0,0,0
"E231","I04",4,1,1,0,0,0
"E231","I05",5,0,0,0,0,0
"E231","I06",6,1,1,0,0,0
"E231","I07",7,1,1,0,0,0
"E231","I08",8,0,0,0,0,0
"E231","I09",9,0,0,0,0,0
"E231","I10",10,0,0,0,0,0
"E231","I11",11,0,0,0,0,0
"E231","I12",12,1,1,0,0,0
"E231","I13",13,0,0,0,0,0
"E231","I14",14,0,0,0,0,0
"E231","I15",15,0,0,0,0,0
"E231","I16",16,1,1,0,0,0
"E231","I17",17,0,0,0,0,0
"E231","I18",18,1,1,0,0,0
"E231","I19",19,1,1,0,0,0
"E231","I20",20,0,0,0,0,0
"E231","I21",21,0,0,0,0,0
"E231","I22",22,1,0,1,0,1
"E231","I23",23,1,1,0,0,0
"E231","I24",24,0,0,0,0,0
"E231","I25",25,0,0,0,0,0
"E231","I26",26,1,1,0,0,0
"E231","I27",27,0,0,0,0,0
"E231","I28",28,1,1,0,0,0
"E231","I29",29,1,1,0,0,0
"E231","I30",30,1,1,0,0,0
"E231","I31",31,0,0,0,0,0
"E231","I32",32,1,1,0,0,0
"E231","I33",33,0,0,0,0,0
"E231","I34",34,0,0,0,0,0
"E231","I35",35,0,0,0,0,0
"E231","I36",36,0,0,0,0,0
"E231","I37",37,1,1,0,0,0
"E231","I38",38,0,0,0,0,0
"E231","I39",39,0,0,0,0,0
"E231","I40",40,0,0,0,0,0
"E232","I01",1,1,1,0,0,0
"E232","I02",2,0,0,0,0,0
"E232","I03",3,0,0,0,0,0
"E232","I04",4,1,1,0,0,0
"E232","I05",5,1,1,0,0,0
"E232","I06",6,1,1,0,0,0
"E232","I07",7,0,0,0,0,0
"E232","I08",8,0,0,0,0,0
"E232","I09",9,0,0,0,0,0
"E232","I10",10,1,1,0,0,0
"E232","I11",11,0,0,0,0,0
"E232","I12",12,0,0,0,0,0
"E232","I13",13,1,1,0,0,0
"E232","I14",14,0,0,0,0,0
"E232","I15",15,0,0,0,0,0
"E232","I16",16,1,1,0,0,0
"E232","I17",17,0,0,0,0,0
"E232","I18",18,0,0,0,0,0
"E232","I19",19,1,1,0,0,0
"E232","I20",20,1,1,0,0,0
"E232","I21",21,1,1,0,0,0
"E232","I22",22,1,1,0,0,0
"E232","I23",23,0,0,0,0,0
"E232","I24",24,0,0,0,0,0
"E232","I25",25,1,1,0,0,0
"E232","I26",26,0,0,0,0,0
"E232","I27",27,0,0,0,0,0
"E232","I28",28,1,1,0,0,0
"E232","I29",29,0,0,0,0,0
"E232","I30",30,0,0,0,0,0
"E232","I31",31,1,1,0,0,0
"E232","I32",32,0,0,0,0,0
"E232","I33",33,0,0,0,0,0
"E232","I34",34,1,1,0,0,0
"E232","I35",35,1,1,0,0,0
"E232","I36",36,1,1,0,0,0
"E232","I37",37,1,1,0,0,0
"E232","I38",38,1,1,0,0,0
"E232","I39",39,0,0,0,0,0
"E232","I40",40,0,0,0,0,0
"E233","I01",1,1,1,0,0,0
"E233","I02",2,1,1,0,0,0
"E233","I03",3,0,0,0,0,0
"E233","I04",4,1,1,0,0,0
"E233","I05",5,1,1,0,0,0
"E233","I06",6,0,0,0,0,0
"E233","I07",7,1,1,0,0,0
"E233","I08",8,1,1,0,0,0
"E233","I09",9,1,1,0,0,0
"E233","I10",10,1,1,0,0,0
"E233","I11",11,1,1,0,0,0
"E233","I12",12,0,0,0,0,0
"E233","I13",13,1,1,0,0,0
"E233","I14",14,0,0,0,0,0
"E233","I15",15,0,0,0,0,0
"E233","I16",16,1,1,0,0,0
"E233","I17",17,0,1,1,1,0
"E233","I18",18,0,0,0,0,0
"E233","I19",19,1,1,0,0,0
"E233","I20",20,0,1,1,1,0
"E233","I21",21,1,1,0,0,0
"E233","I22",22,0,0,0,0,0
"E233","I23",23,1,1,0,0,0
"E233","I24",24,0,0,0,0,0
"E233","I25",25,1,1,0,0,0
"E233","I26",26,1,1,0,0,0
"E233","I27",27,1,1,0,0,0
"E233","I28",28,0,0,0,0,0
"E233","I29",29,1,1,0,0,0
"E233","I30",30,0,0,0,0,0
"E233","I31",31,0,0,0,0,0
"E233","I32",32,1,1,0,0,0
"E233","I33",33,0,0,0,0,0
"E233","I34",34,0,0,0,0,0
"E233","I35",35,0,0,0,0,0
"E233","I36",36,1,1,0,0,0
"E233","I37",37,0,0,0,0,0
"E233","I38",38,1,1,0,0,0
"E233","I39",39,0,0,0,0,0
"E233","I40",40,0,0,0,0,0
"E234","I01",1,1,1,0,0,0
"E234","I02",2,0,0,0,0,0
"E234","I03",3,0,0,0,0,0
"E234","I04",4,1,1,0,0,0
"E234","I05",5,1,1,0,0,0
"E234","I06",6,0,0,0,0,0
"E234","I07",7,0,0,0,0,0
"E234","I08",8,1,1,0,0,0
"E234","I09",9,0,0,0,0,0
"E234","I10",10,1,1,0,0,0
"E234","I11",11,0,0,0,0,0
"E234","I12",12,1,1,0,0,0
"E234","I13",13,0,0,0,0,0
"E234","I14",14,1,1,0,0,0
"E234","I15",15,0,0,0,0,0
"E234","I16",16,1,1,0,0,0
"E234","I17",17,0,0,0,0,0
"E234","I18",18,0,0,0,0,0
"E234","I19",19,0,0,0,0,0
"E234","I20",20,0,0,0,0,0
"E234","I21",21,1,1,0,0,0
"E234","I22",22,0,0,0,0,0
"E234","I23",23,0,0,0,0,0
"E234","I24",24,0,0,0,0,0
"E234","I25",25,0,0,0,0,0
"E234","I26",26,1,1,0,0,0
"E234","I27",27,0,0,0,0,0
"E234","I28",28,0,0,0,0,0
"E234","I29",29,0,0,0,0,0
"E234","I30",30,1,1,0,0,0
"E234","I31",31,0,0,0,0,0
"E234","I32",32,1,1,0,0,0
"E234","I33",33,1,0,1,0,1
"E234","I34",34,0,0,0,0,0
"E234","I35",35,0,0,0,0,0
"E234","I36",36,1,1,0,0,0
"E234","I37",37,1,1,0,0,0
"E234","I38",38,0,0,0,0,0
"E234","I39",39,1,1,0,0,0
"E234","I40",40,0,0,0,0,0
"E235","I01",1,1,1,0,0,0
"E235","I02",2,1,1,0,0,0
"E235","I03",3,1,1,0,0,0
"E235","I04",4,1,1,0,0,0
"E235","I05",5,0,0,0,0,0
"E235","I06",6,0,0,0,0,0
"E235","I07",7,0,0,0,0,0
"E235","I08",8,0,0,0,0,0
"E235","I09",9,0,0,0,0,0
"E235","I10",10,0,0,0,0,0
"E235","I11",11,1,1,0,0,0
"E235","I12",12,0,0,0,0,0
"E235","I13",13,0,0,0,0,0
"E235","I14",14,0,0,0,0,0
"E235","I15",15,1,1,0,0,0
"E235","I16",16,0,0,0,0,0
"E235","I17",17,1,1,0,0,0
"E235","I18",18,0,0,0,0,0
"E235","I19",19,0,0,0,0,0
"E235","I20",20,1,1,0,0,0
"E235","I21",21,0,0,0,0,0
"E235","I22",22,0,0,0,0,0
"E235","I23",23,1,1,0,0,0
"E235","I24",24,0,0,0,0,0
"E235","I25",25,1,1,0,0,0
"E235","I26",26,1,1,0,0,0
"E235","I27",27,0,0,0,0,0
"E235","I28",28,1,1,0,0,0
"E235","I29",29,0,0,0,0,0
"E235","I30",30,0,0,0,0,0
"E235","I31",31,0,0,0,0,0
"E235","I32",32,1,1,0,0,0
"E235","I33",33,0,0,0,0,0
"E235","I34",34,0,0,0,0,0
"E235","I35",35,1,1,0,0,0
"E235","I36",36,0,0,0,0,0
"E235","I37",37,1,1,0,0,0
"E235","I38",38,0,0,0,0,0
"E235","I39",39,0,0,0,0,0
"E235","I40",40,0,0,0,0,0
"E236","I01",1,1,1,0,0,0
"E236","I02",2,1,1,0,0,0
"E236","I03",3,1,1,0,0,0
"E236","I04",4,0,1,1,1,0
"E236","I05",5,0,0,0,0,0
"E236","I06",6,0,1,1,1,0
"E236","I07",7,1,1,0,0,0
"E236","I08",8,0,0,0,0,0
"E236","I09",9,1,1,0,0,0
"E236","I10",10,0,0,0,0,0
"E236","I11",11,0,0,0,0,0
"E236","I12",12,1,1,0,0,0
"E236","I13",13,0,0,0,0,0
"E236","I14",14,0,1,1,1,0
"E236","I15",15,1,1,0,0,0
"E236","I16",16,0,1,1,1,0
"E236","I17",17,1,1,0,0,0
"E236","I18",18,0,1,1,1,0
"E236","I19",19,1,1,0,0,0
"E236","I20",20,1,1,0,0,0
"E236","I21",21,1,1,0,0,0
"E236","I22",22,0,1,1,1,0
"E236","I23",23,1,1,0,0,0
"E236","I24",24,0,1,1,1,0
"E236","I25",25,1,1,0,0,0
"E236","I26",26,1,1,0,0,0
"E236","I27",27,0,1,1,1,0
"E236","I28",28,1,1,0,0,0
"E236","I29",29,1,1,0,0,0
"E236","I30",30,0,0,0,0,0
"E236","I31",31,1,1,0,0,0
"E236","I32",32,0,1,1,1,0
"E236","I33",33,0,0,0,0,0
"E236","I34",34,0,1,1,1,0
"E236","I35",35,0,0,0,0,0
"E236","I36",36,1,1,0,0,0
"E236","I37",37,1,1,0,0,0
"E236","I38",38,1,1,0,0,0
"E236","I39",39,1,1,0,0,0
"E236","I40",40,1,1,0,0,0
"E237","I01",1,0,0,0,0,0
"E237","I02",2,0,0,0,0,0
"E237","I03",3,0,0,0,0,0
"E237","I04",4,1,1,0,0,0
"E237","I05",5,0,0,0,0,0
"E237","I06",6,0,0,0,0,0
"E237","I07",7,0,0,0,0,0
"E237","I08",8,0,0,0,0,0
"E237","I09",9,0,0,0,0,0
"E237","I10",10,0,0,0,0,0
"E237","I11",11,0,0,0,0,0
"E237","I12",12,0,0,0,0,0
"E237","I13",13,0,0,0,0,0
"E237","I14",14,0,0,0,0,0
"E237","I15",15,0,0,0,0,0
"E237","I16",16,0,0,0,0,0
"E237","I17",17,0,0,0,0,0
"E237","I18",18,1,1,0,0,0
"E237","I19",19,1,1,0,0,0
"E237","I20",20,1,1,0,0,0
"E237","I21",21,0,0,0,0,0
"E237","I22",22,0,0,0,0,0
"E237","I23",23,0,0,0,0,0
"E237","I24",24,0,0,0,0,0
"E237","I25",25,0,0,0,0,0
"E237","I26",26,0,0,0,0,0
"E237","I27",27,0,0,0,0,0
"E237","I28",28,0,0,0,0,0
"E237","I29",29,0,0,0,0,0
"E237","I30",30,0,0,0,0,0
"E237","I31",31,1,0,1,0,1
"E237","I32",32,0,0,0,0,0
"E237","I33",33,0,0,0,0,0
"E237","I34",34,0,0,0,0,0
"E237","I35",35,0,0,0,0,0
"E237","I36",36,0,0,0,0,0
"E237","I37",37,0,0,0,0,0
"E237","I38",38,0,0,0,0,0
"E237","I39",39,0,0,0,0,0
"E237","I40",40,0,0,0,0,0
"E238","I01",1,1,1,0,0,0
"E238","I02",2,1,1,0,0,0
"E238","I03",3,1,1,0,0,0
"E238","I04",4,1,1,0,0,0
"E238","I05",5,1,1,0,0,0
"E238","I06",6,1,1,0,0,0
"E238","I07",7,1,1,0,0,0
"E238","I08",8,1,1,0,0,0
"E238","I09",9,1,1,0,0,0
"E238","I10",10,0,0,0,0,0
"E238","I11",11,0,0,0,0,0
"E238","I12",12,1,1,0,0,0
"E238","I13",13,1,1,0,0,0
"E238","I14",14,1,1,0,0,0
"E238","I15",15,1,1,0,0,0
"E238","I16",16,1,1,0,0,0
"E238","I17",17,0,0,0,0,0
"E238","I18",18,0,0,0,0,0
"E238","I19",19,1,1,0,0,0
"E238","I20",20,1,1,0,0,0
"E238","I21",21,1,1,0,0,0
"E238","I22",22,0,0,0,0,0
"E238","I23",23,1,1,0,0,0
"E238","I24",24,0,0,0,0,0
"E238","I25",25,0,0,0,0,0
"E238","I26",26,0,1,1,1,0
"E238","I27",27,0,0,0,0,0
"E238","I28",28,1,1,0,0,0
"E238","I29",29,0,0,0,0,0
"E238","I30",30,1,1,0,0,0
"E238","I31",31,0,0,0,0,0
"E238","I32",32,0,0,0,0,0
"E238","I33",33,1,1,0,0,0
"E238","I34",34,0,0,0,0,0
"E238","I35",35,1,1,0,0,0
"E238","I36",36,1,1,0,0,0
"E238","I37",37,1,1,0,0,0
"E238","I38",38,1,1,0,0,0
"E238","I39",39,1,1,0,0,0
"E238","I40",40,0,0,0,0,0
"E239","I01",1,1,1,0,0,0
"E239","I02",2,0,0,0,0,0
"E239","I03",3,1,1,0,0,0
"E239","I04",4,0,0,0,0,0
"E239","I05",5,0,0,0,0,0
"E239","I06",6,0,0,0,0,0
"E239","I07",7,1,1,0,0,0
"E239","I08",8,0,1,1,1,0
"E239","I09",9,1,1,0,0,0
"E239","I10",10,1,1,0,0,0
"E239","I11",11,0,0,0,0,0
"E239","I12",12,0,0,0,0,0
"E239","I13",13,1,1,0,0,0
"E239","I14",14,1,1,0,0,0
"E239","I15",15,1,1,0,0,0
"E239","I16",16,0,0,0,0,0
"E239","I17",17,0,0,0,0,0
"E239","I18",18,0,0,0,0,0
"E239","I19",19,1,1,0,0,0
"E239","I20",20,0,0,0,0,0
"E239","I21",21,0,0,0,0,0
"E239","I22",22,0,0,0,0,0
"E239","I23",23,1,1,0,0,0
"E239","I24",24,1,1,0,0,0
"E239","I25",25,0,1,1,1,0
"E239","I26",26,1,1,0,0,0
"E239","I27",27,1,1,0,0,0
"E239","I28",28,0,0,0,0,0
"E239","I29",29,0,0,0,0,0
"E239","I30",30,1,1,0,0,0
"E239","I31",31,0,0,0,0,0
"E239","I32",32,0,0,0,0,0
"E239","I33",33,1,1,0,0,0
"E239","I34",34,0,0,0,0,0
"E239","I35",35,1,1,0,0,0
"E239","I36",36,1,1,0,0,0
"E239","I37",37,1,1,0,0,0
"E239","I38",38,1,1,0,0,0
"E239","I39",39,1,1,0,0,0
"E239","I40",40,0,0,0,0,0
"E240","I01",1,1,1,0,0,0
"E240","I02",2,1,1,0,0,0
"E240","I03",3,1,1,0,0,0
"E240","I04",4,1,1,0,0,0
"E240","I05",5,1,1,0,0,0
"E240","I06",6,1,1,0,0,0
"E240","I07",7,1,1,0,0,0
"E240","I08",8,0,0,0,0,0
"E240","I09",9,1,1,0,0,0
"E240","I10",10,1,1,0,0,0
"E240","I11",11,0,0,0,0,0
"E240","I12",12,0,0,0,0,0
"E240","I13",13,1,1,0,0,0
"E240","I14",14,0,0,0,0,0
"E240","I15",15,0,0,0,0,0
"E240","I16",16,1,1,0,0,0
"E240","I17",17,0,0,0,0,0
"E240","I18",18,1,1,0,0,0
"E240","I19",19,0,0,0,0,0
"E240","I20",20,1,1,0,0,0
"E240","I21",21,1,1,0,0,0
"E240","I22",22,1,1,0,0,0
"E240","I23",23,1,1,0,0,0
"E240","I24",24,0,0,0,0,0
"E240","I25",25,1,1,0,0,0
"E240","I26",26,1,1,0,0,0
"E240","I27",27,1,1,0,0,0
"E240","I28",28,0,0,0,0,0
"E240","I29",29,1,1,0,0,0
"E240","I30",30,1,1,0,0,0
"E240","I31",31,0,0,0,0,0
"E240","I32",32,1,1,0,0,0
"E240","I33",33,1,1,0,0,0
"E240","I34",34,1,1,0,0,0
"E240","I35",35,0,0,0,0,0
"E240","I36",36,1,1,0,0,0
"E240","I37",37,1,1,0,0,0
"E240","I38",38,1,1,0,0,0
"E240","I39",39,0,0,0,0,0
"E240","I40",40,1,1,0,0,0
"E241","I01",1,1,1,0,0,0
"E241","I02",2,0,0,0,0,0
"E241","I03",3,0,0,0,0,0
"E241","I04",4,0,0,0,0,0
"E241","I05",5,0,0,0,0,0
"E241","I06",6,1,1,0,0,0
"E241","I07",7,1,1,0,0,0
"E241","I08",8,0,0,0,0,0
"E241","I09",9,1,1,0,0,0
"E241","I10",10,0,0,0,0,0
"E241","I11",11,1,1,0,0,0
"E241","I12",12,1,1,0,0,0
"E241","I13",13,1,1,0,0,0
"E241","I14",14,0,0,0,0,0
"E241","I15",15,0,0,0,0,0
"E241","I16",16,0,0,0,0,0
"E241","I17",17,1,1,0,0,0
"E241","I18",18,1,1,0,0,0
"E241","I19",19,1,1,0,0,0
"E241","I20",20,1,1,0,0,0
"E241","I21",21,0,0,0,0,0
"E241","I22",22,0,0,0,0,0
"E241","I23",23,1,1,0,0,0
"E241","I24",24,0,0,0,0,0
"E241","I25",25,1,1,0,0,0
"E241","I26",26,1,1,0,0,0
"E241","I27",27,0,0,0,0,0
"E241","I28",28,1,1,0,0,0
"E241","I29",29,1,1,0,0,0
"E241","I30",30,0,0,0,0,0
"E241","I31",31,0,0,0,0,0
"E241","I32",32,1,1,0,0,0
"E241","I33",33,0,0,0,0,0
"E241","I34",34,0,0,0,0,0
"E241","I35",35,0,0,0,0,0
"E241","I36",36,0,0,0,0,0
"E241","I37",37,0,0,0,0,0
"E241","I38",38,1,1,0,0,0
"E241","I39",39,0,0,0,0,0
"E241","I40",40,0,0,0,0,0
"E242","I01",1,1,1,0,0,0
"E242","I02",2,0,0,0,0,0
"E242","I03",3,0,0,0,0,0
"E242","I04",4,1,1,0,0,0
"E242","I05",5,1,1,0,0,0
"E242","I06",6,1,1,0,0,0
"E242","I07",7,0,0,0,0,0
"E242","I08",8,0,0,0,0,0
"E242","I09",9,1,1,0,0,0
"E242","I10",10,0,0,0,0,0
"E242","I11",11,1,0,1,0,1
"E242","I12",12,0,0,0,0,0
"E242","I13",13,0,0,0,0,0
"E242","I14",14,1,1,0,0,0
"E242","I15",15,1,1,0,0,0
"E242","I16",16,1,1,0,0,0
"E242","I17",17,1,1,0,0,0
"E242","I18",18,1,1,0,0,0
"E242","I19",19,1,1,0,0,0
"E242","I20",20,1,1,0,0,0
"E242","I21",21,0,0,0,0,0
"E242","I22",22,0,0,0,0,0
"E242","I23",23,1,1,0,0,0
"E242","I24",24,0,0,0,0,0
"E242","I25",25,0,0,0,0,0
"E242","I26",26,1,1,0,0,0
"E242","I27",27,0,0,0,0,0
"E242","I28",28,1,1,0,0,0
"E242","I29",29,1,1,0,0,0
"E242","I30",30,1,1,0,0,0
"E242","I31",31,0,0,0,0,0
"E242","I32",32,1,1,0,0,0
"E242","I33",33,0,0,0,0,0
"E242","I34",34,1,1,0,0,0
"E242","I35",35,1,1,0,0,0
"E242","I36",36,0,0,0,0,0
"E242","I37",37,1,1,0,0,0
"E242","I38",38,1,1,0,0,0
"E242","I39",39,1,1,0,0,0
"E242","I40",40,0,0,0,0,0
"E243","I01",1,1,1,0,0,0
"E243","I02",2,0,0,0,0,0
"E243","I03",3,0,0,0,0,0
"E243","I04",4,1,1,0,0,0
"E243","I05",5,0,1,1,1,0
"E243","I06",6,1,1,0,0,0
"E243","I07",7,1,1,0,0,0
"E243","I08",8,1,1,0,0,0
"E243","I09",9,1,1,0,0,0
"E243","I10",10,1,1,0,0,0
"E243","I11",11,1,1,0,0,0
"E243","I12",12,1,1,0,0,0
"E243","I13",13,0,0,0,0,0
"E243","I14",14,0,0,0,0,0
"E243","I15",15,1,1,0,0,0
"E243","I16",16,1,1,0,0,0
"E243","I17",17,1,1,0,0,0
"E243","I18",18,1,1,0,0,0
"E243","I19",19,1,1,0,0,0
"E243","I20",20,1,1,0,0,0
"E243","I21",21,0,0,0,0,0
"E243","I22",22,1,1,0,0,0
"E243","I23",23,1,1,0,0,0
"E243","I24",24,1,1,0,0,0
"E243","I25",25,0,0,0,0,0
"E243","I26",26,1,0,1,0,1
"E243","I27",27,0,0,0,0,0
"E243","I28",28,1,1,0,0,0
"E243","I29",29,0,0,0,0,0
"E243","I30",30,1,1,0,0,0
"E243","I31",31,1,1,0,0,0
"E243","I32",32,1,1,0,0,0
"E243","I33",33,0,0,0,0,0
"E243","I34",34,0,0,0,0,0
"E243","I35",35,1,1,0,0,0
"E243","I36",36,1,1,0,0,0
"E243","I37",37,1,1,0,0,0
"E243","I38",38,1,1,0,0,0
"E243","I39",39,1,0,1,0,1
"E243","I40",40,1,1,0,0,0
"E244","I01",1,1,1,0,0,0
"E244","I02",2,1,1,0,0,0
"E244","I03",3,1,1,0,0,0
"E244","I04",4,1,1,0,0,0
"E244","I05",5,0,0,0,0,0
"E244","I06",6,1,1,0,0,0
"E244","I07",7,1,1,0,0,0
"E244","I08",8,1,1,0,0,0
"E244","I09",9,0,0,0,0,0
"E244","I10",10,1,1,0,0,0
"E244","I11",11,0,0,0,0,0
"E244","I12",12,1,1,0,0,0
"E244","I13",13,1,1,0,0,0
"E244","I14",14,1,1,0,0,0
"E244","I15",15,1,1,0,0,0
"E244","I16",16,0,0,0,0,0
"E244","I17",17,1,1,0,0,0
"E244","I18",18,0,0,0,0,0
"E244","I19",19,1,1,0,0,0
"E244","I20",20,1,1,0,0,0
"E244","I21",21,0,0,0,0,0
"E244","I22",22,1,1,0,0,0
"E244","I23",23,0,0,0,0,0
"E244","I24",24,0,0,0,0,0
"E244","I25",25,1,1,0,0,0
"E244","I26",26,1,1,0,0,0
"E244","I27",27,1,1,0,0,0
"E244","I28",28,1,1,0,0,0
"E244","I29",29,1,1,0,0,0
"E244","I30",30,1,1,0,0,0
"E244","I31",31,1,1,0,0,0
"E244","I32",32,0,1,1,1,0
"E244","I33",33,1,1,0,0,0
"E244","I34",34,0,0,0,0,0
"E244","I35",35,1,1,0,0,0
"E244","I36",36,1,1,0,0,0
"E244","I37",37,1,1,0,0,0
"E244","I38",38,0,0,0,0,0
"E244","I39",39,1,1,0,0,0
"E244","I40",40,0,0,0,0,0
"E245","I01",1,1,1,0,0,0
"E245","I02",2,1,1,0,0,0
"E245","I03",3,0,0,0,0,0
"E245","I04",4,1,1,0,0,0
"E245","I05",5,0,0,0,0,0
"E245","I06",6,1,1,0,0,0
"E245","I07",7,1,1,0,0,0
"E245","I08",8,0,0,0,0,0
"E245","I09",9,0,0,0,0,0
"E245","I10",10,1,1,0,0,0
"E245","I11",11,0,0,0,0,0
"E245","I12",12,1,1,0,0,0
"E245","I13",13,0,0,0,0,0
"E245","I14",14,0,0,0,0,0
"E245","I15",15,0,0,0,0,0
"E245","I16",16,0,0,0,0,0
"E245","I17",17,0,0,0,0,0
"E245","I18",18,0,0,0,0,0
"E245","I19",19,1,1,0,0,0
"E245","I20",20,0,0,0,0,0
"E245","I21",21,0,0,0,0,0
"E245","I22",22,1,1,0,0,0
"E245","I23",23,0,0,0,0,0
"E245","I24",24,1,1,0,0,0
"E245","I25",25,0,0,0,0,0
"E245","I26",26,1,1,0,0,0
"E245","I27",27,0,0,0,0,0
"E245","I28",28,1,1,0,0,0
"E245","I29",29,0,0,0,0,0
"E245","I30",30,0,0,0,0,0
"E245","I31",31,0,0,0,0,0
"E245","I32",32,1,1,0,0,0
"E245","I33",33,0,0,0,0,0
"E245","I34",34,0,0,0,0,0
"E245","I35",35,1,1,0,0,0
"E245","I36",36,0,0,0,0,0
"E245","I37",37,1,1,0,0,0
"E245","I38",38,0,0,0,0,0
"E245","I39",39,0,0,0,0,0
"E245","I40",40,1,1,0,0,0
"E246","I01",1,1,1,0,0,0
"E246","I02",2,0,0,0,0,0
"E246","I03",3,1,1,0,0,0
"E246","I04",4,1,1,0,0,0
"E246","I05",5,1,1,0,0,0
"E246","I06",6,1,1,0,0,0
"E246","I07",7,1,1,0,0,0
"E246","I08",8,0,0,0,0,0
"E246","I09",9,0,0,0,0,0
"E246","I10",10,0,0,0,0,0
"E246","I11",11,0,0,0,0,0
"E246","I12",12,0,0,0,0,0
"E246","I13",13,1,1,0,0,0
"E246","I14",14,0,0,0,0,0
"E246","I15",15,0,0,0,0,0
"E246","I16",16,1,1,0,0,0
"E246","I17",17,0,0,0,0,0
"E246","I18",18,0,0,0,0,0
"E246","I19",19,1,1,0,0,0
"E246","I20",20,1,1,0,0,0
"E246","I21",21,0,0,0,0,0
"E246","I22",22,0,0,0,0,0
"E246","I23",23,1,1,0,0,0
"E246","I24",24,1,1,0,0,0
"E246","I25",25,0,0,0,0,0
"E246","I26",26,0,0,0,0,0
"E246","I27",27,0,0,0,0,0
"E246","I28",28,0,0,0,0,0
"E246","I29",29,0,0,0,0,0
"E246","I30",30,0,0,0,0,0
"E246","I31",31,0,0,0,0,0
"E246","I32",32,1,1,0,0,0
"E246","I33",33,0,0,0,0,0
"E246","I34",34,0,0,0,0,0
"E246","I35",35,1,1,0,0,0
"E246","I36",36,1,1,0,0,0
"E246","I37",37,0,0,0,0,0
"E246","I38",38,1,1,0,0,0
"E246","I39",39,1,1,0,0,0
"E246","I40",40,0,0,0,0,0
"E247","I01",1,1,1,0,0,0
"E247","I02",2,0,0,0,0,0
"E247","I03",3,0,1,1,1,0
"E247","I04",4,1,1,0,0,0
"E247","I05",5,1,1,0,0,0
"E247","I06",6,1,1,0,0,0
"E247","I07",7,0,0,0,0,0
"E247","I08",8,0,0,0,0,0
"E247","I09",9,0,0,0,0,0
"E247","I10",10,0,0,0,0,0
"E247","I11",11,0,0,0,0,0
"E247","I12",12,0,0,0,0,0
"E247","I13",13,0,0,0,0,0
"E247","I14",14,1,1,0,0,0
"E247","I15",15,0,0,0,0,0
"E247","I16",16,1,1,0,0,0
"E247","I17",17,0,0,0,0,0
"E247","I18",18,0,0,0,0,0
"E247","I19",19,1,1,0,0,0
"E247","I20",20,1,1,0,0,0
"E247","I21",21,1,1,0,0,0
"E247","I22",22,1,1,0,0,0
"E247","I23",23,1,1,0,0,0
"E247","I24",24,1,1,0,0,0
"E247","I25",25,0,0,0,0,0
"E247","I26",26,0,0,0,0,0
"E247","I27",27,1,1,0,0,0
"E247","I28",28,1,1,0,0,0
"E247","I29",29,0,0,0,0,0
"E247","I30",30,1,1,0,0,0
"E247","I31",31,1,1,0,0,0
"E247","I32",32,1,1,0,0,0
"E247","I33",33,0,0,0,0,0
"E247","I34",34,1,1,0,0,0
"E247","I35",35,1,1,0,0,0
"E247","I36",36,0,0,0,0,0
"E247","I37",37,0,0,0,0,0
"E247","I38",38,1,1,0,0,0
"E247","I39",39,0,0,0,0,0
"E247","I40",40,0,0,0,0,0
"E248","I01",1,1,1,0,0,0
"E248","I02",2,1,1,0,0,0
"E248","I03",3,0,0,0,0,0
"E248","I04",4,0,0,0,0,0
"E248","I05",5,1,1,0,0,0
"E248","I06",6,0,0,0,0,0
"E248","I07",7,1,1,0,0,0
"E248","I08",8,0,0,0,0,0
"E248","I09",9,1,0,1,0,1
"E248","I10",10,0,0,0,0,0
"E248","I11",11,0,0,0,0,0
"E248","I12",12,0,0,0,0,0
"E248","I13",13,1,1,0,0,0
"E248","I14",14,1,0,1,0,1
"E248","I15",15,0,0,0,0,0
"E248","I16",16,1,1,0,0,0
"E248","I17",17,0,0,0,0,0
"E248","I18",18,0,0,0,0,0
"E248","I19",19,1,1,0,0,0
"E248","I20",20,1,1,0,0,0
"E248","I21",21,0,0,0,0,0
"E248","I22",22,0,0,0,0,0
"E248","I23",23,0,0,0,0,0
"E248","I24",24,1,1,0,0,0
"E248","I25",25,0,0,0,0,0
"E248","I26",26,1,1,0,0,0
"E248","I27",27,1,1,0,0,0
"E248","I28",28,1,1,0,0,0
"E248","I29",29,1,1,0,0,0
"E248","I30",30,0,0,0,0,0
"E248","I31",31,0,0,0,0,0
"E248","I32",32,0,0,0,0,0
"E248","I33",33,0,0,0,0,0
"E248","I34",34,0,0,0,0,0
"E248","I35",35,1,1,0,0,0
"E248","I36",36,0,0,0,0,0
"E248","I37",37,0,0,0,0,0
"E248","I38",38,0,0,0,0,0
"E248","I39",39,1,0,1,0,1
"E248","I40",40,0,0,0,0,0
"E249","I01",1,0,1,1,1,0
"E249","I02",2,1,1,0,0,0
"E249","I03",3,0,0,0,0,0
"E249","I04",4,1,1,0,0,0
"E249","I05",5,0,1,1,1,0
"E249","I06",6,1,1,0,0,0
"E249","I07",7,1,1,0,0,0
"E249","I08",8,1,1,0,0,0
"E249","I09",9,1,1,0,0,0
"E249","I10",10,1,1,0,0,0
"E249","I11",11,0,0,0,0,0
"E249","I12",12,1,1,0,0,0
"E249","I13",13,1,1,0,0,0
"E249","I14",14,0,0,0,0,0
"E249","I15",15,0,0,0,0,0
"E249","I16",16,1,1,0,0,0
"E249","I17",17,1,1,0,0,0
"E249","I18",18,1,1,0,0,0
"E249","I19",19,1,1,0,0,0
"E249","I20",20,1,1,0,0,0
"E249","I21",21,1,1,0,0,0
"E249","I22",22,0,0,0,0,0
"E249","I23",23,1,1,0,0,0
"E249","I24",24,1,1,0,0,0
"E249","I25",25,0,0,0,0,0
"E249","I26",26,1,1,0,0,0
"E249","I27",27,0,1,1,1,0
"E249","I28",28,1,1,0,0,0
"E249","I29",29,1,1,0,0,0
"E249","I30",30,1,1,0,0,0
"E249","I31",31,1,1,0,0,0
"E249","I32",32,0,0,0,0,0
"E249","I33",33,1,1,0,0,0
"E249","I34",34,1,1,0,0,0
"E249","I35",35,1,1,0,0,0
"E249","I36",36,1,1,0,0,0
"E249","I37",37,1,1,0,0,0
"E249","I38",38,1,1,0,0,0
"E249","I39",39,0,0,0,0,0
"E249","I40",40,1,1,0,0,0
"E250","I01",1,1,1,0,0,0
"E250","I02",2,0,0,0,0,0
"E250","I03",3,0,0,0,0,0
"E250","I04",4,0,0,0,0,0
"E250","I05",5,1,1,0,0,0
"E250","I06",6,1,1,0,0,0
"E250","I07",7,1,1,0,0,0
"E250","I08",8,0,0,0,0,0
"E250","I09",9,0,0,0,0,0
"E250","I10",10,0,0,0,0,0
"E250","I11",11,0,0,0,0,0
"E250","I12",12,1,1,0,0,0
"E250","I13",13,0,0,0,0,0
"E250","I14",14,1,1,0,0,0
"E250","I15",15,1,1,0,0,0
"E250","I16",16,0,0,0,0,0
"E250","I17",17,0,0,0,0,0
"E250","I18",18,0,0,0,0,0
"E250","I19",19,1,1,0,0,0
"E250","I20",20,1,1,0,0,0
"E250","I21",21,0,0,0,0,0
"E250","I22",22,1,1,0,0,0
"E250","I23",23,0,0,0,0,0
"E250","I24",24,1,1,0,0,0
"E250","I25",25,0,0,0,0,0
"E250","I26",26,0,0,0,0,0
"E250","I27",27,0,0,0,0,0
"E250","I28",28,1,1,0,0,0
"E250","I29",29,0,0,0,0,0
"E250","I30",30,0,0,0,0,0
"E250","I31",31,0,0,0,0,0
"E250","I32",32,0,0,0,0,0
"E250","I33",33,0,0,0,0,0
"E250","I34",34,0,0,0,0,0
"E250","I35",35,1,1,0,0,0
"E250","I36",36,0,0,0,0,0
"E250","I37",37,1,1,0,0,0
"E250","I38",38,1,1,0,0,0
"E250","I39",39,0,0,0,0,0
"E250","I40",40,0,0,0,0,0
"E251","I01",1,0,1,1,1,0
"E251","I02",2,0,0,0,0,0
"E251","I03",3,1,1,0,0,0
"E251","I04",4,1,1,0,0,0
"E251","I05",5,0,0,0,0,0
"E251","I06",6,0,0,0,0,0
"E251","I07",7,1,1,0,0,0
"E251","I08",8,1,1,0,0,0
"E251","I09",9,0,0,0,0,0
"E251","I10",10,0,0,0,0,0
"E251","I11",11,1,1,0,0,0
"E251","I12",12,0,0,0,0,0
"E251","I13",13,1,1,0,0,0
"E251","I14",14,1,1,0,0,0
"E251","I15",15,1,1,0,0,0
"E251","I16",16,1,1,0,0,0
"E251","I17",17,0,0,0,0,0
"E251","I18",18,1,1,0,0,0
"E251","I19",19,1,1,0,0,0
"E251","I20",20,1,1,0,0,0
"E251","I21",21,0,0,0,0,0
"E251","I22",22,0,0,0,0,0
"E251","I23",23,0,0,0,0,0
"E251","I24",24,0,0,0,0,0
"E251","I25",25,0,0,0,0,0
"E251","I26",26,1,1,0,0,0
"E251","I27",27,0,0,0,0,0
"E251","I28",28,1,1,0,0,0
"E251","I29",29,1,1,0,0,0
"E251","I30",30,0,0,0,0,0
"E251","I31",31,0,0,0,0,0
"E251","I32",32,1,1,0,0,0
"E251","I33",33,0,0,0,0,0
"E251","I34",34,0,0,0,0,0
"E251","I35",35,0,0,0,0,0
"E251","I36",36,0,1,1,1,0
"E251","I37",37,1,1,0,0,0
"E251","I38",38,1,1,0,0,0
"E251","I39",39,1,1,0,0,0
"E251","I40",40,0,0,0,0,0
"E252","I01",1,1,1,0,0,0
"E252","I02",2,0,0,0,0,0
"E252","I03",3,1,1,0,0,0
"E252","I04",4,1,1,0,0,0
"E252","I05",5,1,1,0,0,0
"E252","I06",6,1,1,0,0,0
"E252","I07",7,1,1,0,0,0
"E252","I08",8,1,1,0,0,0
"E252","I09",9,0,1,1,1,0
"E252","I10",10,1,1,0,0,0
"E252","I11",11,1,1,0,0,0
"E252","I12",12,0,1,1,1,0
"E252","I13",13,1,1,0,0,0
"E252","I14",14,0,0,0,0,0
"E252","I15",15,0,0,0,0,0
"E252","I16",16,1,1,0,0,0
"E252","I17",17,0,0,0,0,0
"E252","I18",18,1,1,0,0,0
"E252","I19",19,1,1,0,0,0
"E252","I20",20,1,1,0,0,0
"E252","I21",21,0,0,0,0,0
"E252","I22",22,1,1,0,0,0
"E252","I23",23,1,1,0,0,0
"E252","I24",24,0,0,0,0,0
"E252","I25",25,1,1,0,0,0
"E252","I26",26,1,1,0,0,0
"E252","I27",27,1,1,0,0,0
"E252","I28",28,1,1,0,0,0
"E252","I29",29,1,1,0,0,0
"E252","I30",30,1,1,0,0,0
"E252","I31",31,1,1,0,0,0
"E252","I32",32,0,0,0,0,0
"E252","I33",33,0,0,0,0,0
"E252","I34",34,0,0,0,0,0
"E252","I35",35,0,1,1,1,0
"E252","I36",36,1,1,0,0,0
"E252","I37",37,0,0,0,0,0
"E252","I38",38,1,1,0,0,0
"E252","I39",39,1,1,0,0,0
"E252","I40",40,0,0,0,0,0
"E253","I01",1,1,1,0,0,0
"E253","I02",2,1,1,0,0,0
"E253","I03",3,0,1,1,1,0
"E253","I04",4,1,1,0,0,0
"E253","I05",5,0,0,0,0,0
"E253","I06",6,1,1,0,0,0
"E253","I07",7,1,1,0,0,0
"E253","I08",8,0,0,0,0,0
"E253","I09",9,1,1,0,0,0
"E253","I10",10,1,1,0,0,0
"E253","I11",11,0,0,0,0,0
"E253","I12",12,1,1,0,0,0
"E253","I13",13,0,0,0,0,0
"E253","I14",14,1,1,0,0,0
"E253","I15",15,1,1,0,0,0
"E253","I16",16,1,1,0,0,0
"E253","I17",17,0,0,0,0,0
"E253","I18",18,0,0,0,0,0
"E253","I19",19,1,1,0,0,0
"E253","I20",20,0,0,0,0,0
"E253","I21",21,1,1,0,0,0
"E253","I22",22,1,1,0,0,0
"E253","I23",23,1,1,0,0,0
"E253","I24",24,0,0,0,0,0
"E253","I25",25,1,1,0,0,0
"E253","I26",26,1,1,0,0,0
"E253","I27",27,0,0,0,0,0
"E253","I28",28,1,1,0,0,0
"E253","I29",29,1,1,0,0,0
"E253","I30",30,1,1,0,0,0
"E253","I31",31,1,1,0,0,0
"E253","I32",32,1,1,0,0,0
"E253","I33",33,1,1,0,0,0
"E253","I34",34,0,0,0,0,0
"E253","I35",35,0,1,1,1,0
"E253","I36",36,0,0,0,0,0
"E253","I37",37,0,0,0,0,0
"E253","I38",38,1,1,0,0,0
"E253","I39",39,0,0,0,0,0
"E253","I40",40,1,1,0,0,0
"E254","I01",1,1,1,0,0,0
"E254","I02",2,1,1,0,0,0
"E254","I03",3,0,0,0,0,0
"E254","I04",4,0,0,0,0,0
"E254","I05",5,1,1,0,0,0
"E254","I06",6,1,1,0,0,0
"E254","I07",7,1,1,0,0,0
"E254","I08",8,0,0,0,0,0
"E254","I09",9,0,0,0,0,0
"E254","I10",10,1,1,0,0,0
"E254","I11",11,1,1,0,0,0
"E254","I12",12,1,1,0,0,0
"E254","I13",13,0,0,0,0,0
"E254","I14",14,0,0,0,0,0
"E254","I15",15,1,1,0,0,0
"E254","I16",16,1,1,0,0,0
"E254","I17",17,0,0,0,0,0
"E254","I18",18,1,1,0,0,0
"E254","I19",19,0,0,0,0,0
"E254","I20",20,1,1,0,0,0
"E254","I21",21,0,0,0,0,0
"E254","I22",22,1,1,0,0,0
"E254","I23",23,1,1,0,0,0
"E254","I24",24,0,0,0,0,0
"E254","I25",25,1,0,1,0,1
"E254","I26",26,1,1,0,0,0
"E254","I27",27,0,0,0,0,0
"E254","I28",28,1,1,0,0,0
"E254","I29",29,0,0,0,0,0
"E254","I30",30,0,0,0,0,0
"E254","I31",31,1,1,0,0,0
"E254","I32",32,1,1,0,0,0
"E254","I33",33,0,0,0,0,0
"E254","I34",34,0,0,0,0,0
"E254","I35",35,0,0,0,0,0
"E254","I36",36,0,1,1,1,0
"E254","I37",37,1,1,0,0,0
"E254","I38",38,1,1,0,0,0
"E254","I39",39,0,0,0,0,0
"E254","I40",40,1,1,0,0,0
"E255","I01",1,1,1,0,0,0
"E255","I02",2,1,1,0,0,0
"E255","I03",3,1,1,0,0,0
"E255","I04",4,1,1,0,0,0
"E255","I05",5,1,1,0,0,0
"E255","I06",6,1,1,0,0,0
"E255","I07",7,1,1,0,0,0
"E255","I08",8,1,1,0,0,0
"E255","I09",9,1,1,0,0,0
"E255","I10",10,1,1,0,0,0
"E255","I11",11,1,1,0,0,0
"E255","I12",12,1,1,0,0,0
"E255","I13",13,1,1,0,0,0
"E255","I14",14,0,0,0,0,0
"E255","I15",15,1,1,0,0,0
"E255","I16",16,1,1,0,0,0
"E255","I17",17,1,1,0,0,0
"E255","I18",18,0,0,0,0,0
"E255","I19",19,1,1,0,0,0
"E255","I20",20,1,1,0,0,0
"E255","I21",21,0,0,0,0,0
"E255","I22",22,1,1,0,0,0
"E255","I23",23,1,1,0,0,0
"E255","I24",24,1,1,0,0,0
"E255","I25",25,1,1,0,0,0
"E255","I26",26,1,1,0,0,0
"E255","I27",27,1,1,0,0,0
"E255","I28",28,1,1,0,0,0
"E255","I29",29,1,1,0,0,0
"E255","I30",30,1,1,0,0,0
"E255","I31",31,1,1,0,0,0
"E255","I32",32,1,1,0,0,0
"E255","I33",33,1,1,0,0,0
"E255","I34",34,0,0,0,0,0
"E255","I35",35,1,1,0,0,0
"E255","I36",36,1,1,0,0,0
"E255","I37",37,1,1,0,0,0
"E255","I38",38,1,1,0,0,0
"E255","I39",39,1,1,0,0,0
"E255","I40",40,1,1,0,0,0
"E256","I01",1,1,1,0,0,0
"E256","I02",2,0,0,0,0,0
"E256","I03",3,1,1,0,0,0
"E256","I04",4,1,1,0,0,0
"E256","I05",5,0,0,0,0,0
"E256","I06",6,1,1,0,0,0
"E256","I07",7,0,0,0,0,0
"E256","I08",8,1,1,0,0,0
"E256","I09",9,1,1,0,0,0
"E256","I10",10,1,1,0,0,0
"E256","I11",11,0,0,0,0,0
"E256","I12",12,1,1,0,0,0
"E256","I13",13,0,0,0,0,0
"E256","I14",14,1,1,0,0,0
"E256","I15",15,0,0,0,0,0
"E256","I16",16,1,1,0,0,0
"E256","I17",17,0,1,1,1,0
"E256","I18",18,0,0,0,0,0
"E256","I19",19,0,0,0,0,0
"E256","I20",20,0,0,0,0,0
"E256","I21",21,1,1,0,0,0
"E256","I22",22,1,1,0,0,0
"E256","I23",23,1,1,0,0,0
"E256","I24",24,1,1,0,0,0
"E256","I25",25,1,1,0,0,0
"E256","I26",26,1,1,0,0,0
"E256","I27",27,1,1,0,0,0
"E256","I28",28,1,1,0,0,0
"E256","I29",29,0,1,1,1,0
"E256","I30",30,1,1,0,0,0
"E256","I31",31,1,1,0,0,0
"E256","I32",32,1,1,0,0,0
"E256","I33",33,0,0,0,0,0
"E256","I34",34,0,0,0,0,0
"E256","I35",35,1,1,0,0,0
"E256","I36",36,0,0,0,0,0
"E256","I37",37,1,1,0,0,0
"E256","I38",38,1,1,0,0,0
"E256","I39",39,1,1,0,0,0
"E256","I40",40,0,0,0,0,0
"E257","I01",1,1,1,0,0,0
"E257","I02",2,0,0,0,0,0
"E257","I03",3,0,0,0,0,0
"E257","I04",4,0,1,1,1,0
"E257","I05",5,1,1,0,0,0
"E257","I06",6,1,1,0,0,0
"E257","I07",7,1,1,0,0,0
"E257","I08",8,0,0,0,0,0
"E257","I09",9,1,1,0,0,0
"E257","I10",10,1,1,0,0,0
"E257","I11",11,0,0,0,0,0
"E257","I12",12,0,0,0,0,0
"E257","I13",13,0,0,0,0,0
"E257","I14",14,0,0,0,0,0
"E257","I15",15,0,0,0,0,0
"E257","I16",16,0,0,0,0,0
"E257","I17",17,0,0,0,0,0
"E257","I18",18,0,0,0,0,0
"E257","I19",19,1,1,0,0,0
"E257","I20",20,0,0,0,0,0
"E257","I21",21,0,0,0,0,0
"E257","I22",22,0,0,0,0,0
"E257","I23",23,1,1,0,0,0
"E257","I24",24,1,1,0,0,0
"E257","I25",25,0,0,0,0,0
"E257","I26",26,0,0,0,0,0
"E257","I27",27,0,0,0,0,0
"E257","I28",28,1,1,0,0,0
"E257","I29",29,0,0,0,0,0
"E257","I30",30,0,0,0,0,0
"E257","I31",31,0,0,0,0,0
"E257","I32",32,1,1,0,0,0
"E257","I33",33,1,0,1,0,1
"E257","I34",34,0,0,0,0,0
"E257","I35",35,0,0,0,0,0
"E257","I36",36,0,1,1,1,0
"E257","I37",37,1,1,0,0,0
"E257","I38",38,0,0,0,0,0
"E257","I39",39,0,0,0,0,0
"E257","I40",40,0,0,0,0,0
"E258","I01",1,1,1,0,0,0
"E258","I02",2,1,1,0,0,0
"E258","I03",3,0,0,0,0,0
"E258","I04",4,1,1,0,0,0
"E258","I05",5,1,1,0,0,0
"E258","I06",6,0,0,0,0,0
"E258","I07",7,1,1,0,0,0
"E258","I08",8,1,1,0,0,0
"E258","I09",9,1,1,0,0,0
"E258","I10",10,1,1,0,0,0
"E258","I11",11,1,1,0,0,0
"E258","I12",12,1,1,0,0,0
"E258","I13",13,1,1,0,0,0
"E258","I14",14,1,1,0,0,0
"E258","I15",15,1,1,0,0,0
"E258","I16",16,1,1,0,0,0
"E258","I17",17,1,1,0,0,0
"E258","I18",18,1,1,0,0,0
"E258","I19",19,0,0,0,0,0
"E258","I20",20,1,1,0,0,0
"E258","I21",21,1,1,0,0,0
"E258","I22",22,1,1,0,0,0
"E258","I23",23,1,1,0,0,0
"E258","I24",24,1,1,0,0,0
"E258","I25",25,1,1,0,0,0
"E258","I26",26,0,0,0,0,0
"E258","I27",27,0,0,0,0,0
"E258","I28",28,0,0,0,0,0
"E258","I29",29,1,1,0,0,0
"E258","I30",30,1,1,0,0,0
"E258","I31",31,1,1,0,0,0
"E258","I32",32,1,1,0,0,0
"E258","I33",33,0,0,0,0,0
"E258","I34",34,0,0,0,0,0
"E258","I35",35,1,1,0,0,0
"E258","I36",36,1,1,0,0,0
"E258","I37",37,1,1,0,0,0
"E258","I38",38,1,1,0,0,0
"E258","I39",39,1,1,0,0,0
"E258","I40",40,1,1,0,0,0
"E259","I01",1,1,1,0,0,0
"E259","I02",2,0,0,0,0,0
"E259","I03",3,1,1,0,0,0
"E259","I04",4,1,1,0,0,0
"E259","I05",5,1,1,0,0,0
"E259","I06",6,0,0,0,0,0
"E259","I07",7,1,1,0,0,0
"E259","I08",8,0,0,0,0,0
"E259","I09",9,0,0,0,0,0
"E259","I10",10,0,0,0,0,0
"E259","I11",11,0,0,0,0,0
"E259","I12",12,1,1,0,0,0
"E259","I13",13,1,1,0,0,0
"E259","I14",14,0,0,0,0,0
"E259","I15",15,0,0,0,0,0
"E259","I16",16,1,1,0,0,0
"E259","I17",17,0,0,0,0,0
"E259","I18",18,1,1,0,0,0
"E259","I19",19,1,1,0,0,0
"E259","I20",20,0,0,0,0,0
"E259","I21",21,0,0,0,0,0
"E259","I22",22,0,0,0,0,0
"E259","I23",23,1,1,0,0,0
"E259","I24",24,1,1,0,0,0
"E259","I25",25,1,1,0,0,0
"E259","I26",26,0,0,0,0,0
"E259","I27",27,0,0,0,0,0
"E259","I28",28,1,1,0,0,0
"E259","I29",29,1,1,0,0,0
"E259","I30",30,0,0,0,0,0
"E259","I31",31,0,0,0,0,0
"E259","I32",32,0,0,0,0,0
"E259","I33",33,0,0,0,0,0
"E259","I34",34,0,0,0,0,0
"E259","I35",35,1,1,0,0,0
"E259","I36",36,1,1,0,0,0
"E259","I37",37,0,0,0,0,0
"E259","I38",38,0,0,0,0,0
"E259","I39",39,0,0,0,0,0
"E259","I40",40,0,0,0,0,0
"E260","I01",1,1,1,0,0,0
"E260","I02",2,0,0,0,0,0
"E260","I03",3,0,0,0,0,0
"E260","I04",4,1,1,0,0,0
"E260","I05",5,1,0,1,0,1
"E260","I06",6,0,0,0,0,0
"E260","I07",7,0,0,0,0,0
"E260","I08",8,1,1,0,0,0
"E260","I09",9,1,1,0,0,0
"E260","I10",10,1,1,0,0,0
"E260","I11",11,0,0,0,0,0
"E260","I12",12,0,1,1,1,0
"E260","I13",13,0,0,0,0,0
"E260","I14",14,0,0,0,0,0
"E260","I15",15,0,0,0,0,0
"E260","I16",16,1,1,0,0,0
"E260","I17",17,0,0,0,0,0
"E260","I18",18,0,0,0,0,0
"E260","I19",19,0,0,0,0,0
"E260","I20",20,1,1,0,0,0
"E260","I21",21,0,0,0,0,0
"E260","I22",22,0,0,0,0,0
"E260","I23",23,1,1,0,0,0
"E260","I24",24,0,0,0,0,0
"E260","I25",25,0,0,0,0,0
"E260","I26",26,0,0,0,0,0
"E260","I27",27,0,0,0,0,0
"E260","I28",28,1,1,0,0,0
"E260","I29",29,1,0,1,0,1
"E260","I30",30,1,1,0,0,0
"E260","I31",31,1,1,0,0,0
"E260","I32",32,0,0,0,0,0
"E260","I33",33,0,0,0,0,0
"E260","I34",34,0,0,0,0,0
"E260","I35",35,1,1,0,0,0
"E260","I36",36,1,1,0,0,0
"E260","I37",37,0,0,0,0,0
"E260","I38",38,1,1,0,0,0
"E260","I39",39,0,0,0,0,0
"E260","I40",40,0,0,0,0,0
"E261","I01",1,1,1,0,0,0
"E261","I02",2,1,1,0,0,0
"E261","I03",3,0,0,0,0,0
"E261","I04",4,1,1,0,0,0
"E261","I05",5,0,0,0,0,0
"E261","I06",6,1,1,0,0,0
"E261","I07",7,1,1,0,0,0
"E261","I08",8,1,1,0,0,0
"E261","I09",9,1,1,0,0,0
"E261","I10",10,0,0,0,0,0
"E261","I11",11,0,0,0,0,0
"E261","I12",12,0,0,0,0,0
"E261","I13",13,1,0,1,0,1
"E261","I14",14,1,1,0,0,0
"E261","I15",15,1,1,0,0,0
"E261","I16",16,0,0,0,0,0
"E261","I17",17,1,1,0,0,0
"E261","I18",18,1,1,0,0,0
"E261","I19",19,1,1,0,0,0
"E261","I20",20,1,1,0,0,0
"E261","I21",21,0,0,0,0,0
"E261","I22",22,1,1,0,0,0
"E261","I23",23,1,1,0,0,0
"E261","I24",24,1,1,0,0,0
"E261","I25",25,0,0,0,0,0
"E261","I26",26,1,1,0,0,0
"E261","I27",27,1,1,0,0,0
"E261","I28",28,1,1,0,0,0
"E261","I29",29,1,1,0,0,0
"E261","I30",30,1,1,0,0,0
"E261","I31",31,1,1,0,0,0
"E261","I32",32,1,1,0,0,0
"E261","I33",33,0,0,0,0,0
"E261","I34",34,1,1,0,0,0
"E261","I35",35,1,1,0,0,0
"E261","I36",36,1,1,0,0,0
"E261","I37",37,1,1,0,0,0
"E261","I38",38,0,0,0,0,0
"E261","I39",39,0,0,0,0,0
"E261","I40",40,1,1,0,0,0
"E262","I01",1,1,1,0,0,0
"E262","I02",2,0,0,0,0,0
"E262","I03",3,1,1,0,0,0
"E262","I04",4,1,1,0,0,0
"E262","I05",5,1,1,0,0,0
"E262","I06",6,1,1,0,0,0
"E262","I07",7,1,1,0,0,0
"E262","I08",8,1,1,0,0,0
"E262","I09",9,1,1,0,0,0
"E262","I10",10,1,1,0,0,0
"E262","I11",11,0,0,0,0,0
"E262","I12",12,1,1,0,0,0
"E262","I13",13,0,0,0,0,0
"E262","I14",14,1,1,0,0,0
"E262","I15",15,1,1,0,0,0
"E262","I16",16,0,1,1,1,0
"E262","I17",17,0,0,0,0,0
"E262","I18",18,0,0,0,0,0
"E262","I19",19,1,1,0,0,0
"E262","I20",20,1,1,0,0,0
"E262","I21",21,0,0,0,0,0
"E262","I22",22,0,0,0,0,0
"E262","I23",23,1,1,0,0,0
"E262","I24",24,1,0,1,0,1
"E262","I25",25,1,1,0,0,0
"E262","I26",26,1,1,0,0,0
"E262","I27",27,0,0,0,0,0
"E262","I28",28,1,1,0,0,0
"E262","I29",29,0,0,0,0,0
"E262","I30",30,1,1,0,0,0
"E262","I31",31,0,0,0,0,0
"E262","I32",32,1,1,0,0,0
"E262","I33",33,0,0,0,0,0
"E262","I34",34,1,1,0,0,0
"E262","I35",35,1,1,0,0,0
"E262","I36",36,0,1,1,1,0
"E262","I37",37,1,1,0,0,0
"E262","I38",38,1,1,0,0,0
"E262","I39",39,0,0,0,0,0
"E262","I40",40,1,1,0,0,0
"E263","I01",1,1,1,0,0,0
"E263","I02",2,0,0,0,0,0
"E263","I03",3,0,0,0,0,0
"E263","I04",4,1,1,0,0,0
"E263","I05",5,1,1,0,0,0
"E263","I06",6,0,0,0,0,0
"E263","I07",7,0,0,0,0,0
"E263","I08",8,0,0,0,0,0
"E263","I09",9,0,0,0,0,0
"E263","I10",10,0,0,0,0,0
"E263","I11",11,0,0,0,0,0
"E263","I12",12,0,0,0,0,0
"E263","I13",13,0,0,0,0,0
"E263","I14",14,0,0,0,0,0
"E263","I15",15,0,0,0,0,0
"E263","I16",16,0,0,0,0,0
"E263","I17",17,0,0,0,0,0
"E263","I18",18,0,0,0,0,0
"E263","I19",19,1,1,0,0,0
"E263","I20",20,1,1,0,0,0
"E263","I21",21,0,0,0,0,0
"E263","I22",22,1,0,1,0,1
"E263","I23",23,0,1,1,1,0
"E263","I24",24,0,0,0,0,0
"E263","I25",25,0,0,0,0,0
"E263","I26",26,1,1,0,0,0
"E263","I27",27,0,0,0,0,0
"E263","I28",28,0,0,0,0,0
"E263","I29",29,1,1,0,0,0
"E263","I30",30,0,0,0,0,0
"E263","I31",31,0,0,0,0,0
"E263","I32",32,0,0,0,0,0
"E263","I33",33,0,0,0,0,0
"E263","I34",34,0,0,0,0,0
"E263","I35",35,0,0,0,0,0
"E263","I36",36,0,0,0,0,0
"E263","I37",37,1,1,0,0,0
"E263","I38",38,0,0,0,0,0
"E263","I39",39,1,1,0,0,0
"E263","I40",40,0,0,0,0,0
"E264","I01",1,1,1,0,0,0
"E264","I02",2,0,0,0,0,0
"E264","I03",3,1,0,1,0,1
"E264","I04",4,0,1,1,1,0
"E264","I05",5,1,1,0,0,0
"E264","I06",6,1,1,0,0,0
"E264","I07",7,1,1,0,0,0
"E264","I08",8,0,0,0,0,0
"E264","I09",9,1,1,0,0,0
"E264","I10",10,1,1,0,0,0
"E264","I11",11,1,1,0,0,0
"E264","I12",12,1,1,0,0,0
"E264","I13",13,0,0,0,0,0
"E264","I14",14,1,1,0,0,0
"E264","I15",15,0,0,0,0,0
"E264","I16",16,1,1,0,0,0
"E264","I17",17,1,1,0,0,0
"E264","I18",18,1,1,0,0,0
"E264","I19",19,0,0,0,0,0
"E264","I20",20,1,1,0,0,0
"E264","I21",21,0,0,0,0,0
"E264","I22",22,0,0,0,0,0
"E264","I23",23,0,0,0,0,0
"E264","I24",24,1,0,1,0,1
"E264","I25",25,0,0,0,0,0
"E264","I26",26,1,1,0,0,0
"E264","I27",27,0,0,0,0,0
"E264","I28",28,0,0,0,0,0
"E264","I29",29,1,1,0,0,0
"E264","I30",30,0,0,0,0,0
"E264","I31",31,0,0,0,0,0
"E264","I32",32,0,0,0,0,0
"E264","I33",33,0,0,0,0,0
"E264","I34",34,0,0,0,0,0
"E264","I35",35,1,1,0,0,0
"E264","I36",36,0,0,0,0,0
"E264","I37",37,1,1,0,0,0
"E264","I38",38,1,1,0,0,0
"E264","I39",39,0,0,0,0,0
"E264","I40",40,0,0,0,0,0
"E265","I01",1,1,1,0,0,0
"E265","I02",2,0,0,0,0,0
"E265","I03",3,1,1,0,0,0
"E265","I04",4,1,1,0,0,0
"E265","I05",5,0,0,0,0,0
"E265","I06",6,0,0,0,0,0
"E265","I07",7,1,1,0,0,0
"E265","I08",8,1,1,0,0,0
"E265","I09",9,0,0,0,0,0
"E265","I10",10,1,1,0,0,0
"E265","I11",11,0,0,0,0,0
"E265","I12",12,0,0,0,0,0
"E265","I13",13,0,0,0,0,0
"E265","I14",14,0,0,0,0,0
"E265","I15",15,0,0,0,0,0
"E265","I16",16,0,0,0,0,0
"E265","I17",17,1,1,0,0,0
"E265","I18",18,1,1,0,0,0
"E265","I19",19,1,1,0,0,0
"E265","I20",20,0,0,0,0,0
"E265","I21",21,0,0,0,0,0
"E265","I22",22,0,0,0,0,0
"E265","I23",23,0,0,0,0,0
"E265","I24",24,1,1,0,0,0
"E265","I25",25,0,0,0,0,0
"E265","I26",26,0,0,0,0,0
"E265","I27",27,1,1,0,0,0
"E265","I28",28,0,0,0,0,0
"E265","I29",29,1,1,0,0,0
"E265","I30",30,0,0,0,0,0
"E265","I31",31,1,1,0,0,0
"E265","I32",32,1,1,0,0,0
"E265","I33",33,0,0,0,0,0
"E265","I34",34,1,1,0,0,0
"E265","I35",35,1,1,0,0,0
"E265","I36",36,0,1,1,1,0
"E265","I37",37,1,1,0,0,0
"E265","I38",38,1,1,0,0,0
"E265","I39",39,1,1,0,0,0
"E265","I40",40,1,1,0,0,0
"E266","I01",1,1,1,0,0,0
"E266","I02",2,0,0,0,0,0
"E266","I03",3,0,0,0,0,0
"E266","I04",4,1,1,0,0,0
"E266","I05",5,1,1,0,0,0
"E266","I06",6,0,0,0,0,0
"E266","I07",7,1,1,0,0,0
"E266","I08",8,0,0,0,0,0
"E266","I09",9,0,0,0,0,0
"E266","I10",10,0,0,0,0,0
"E266","I11",11,0,0,0,0,0
"E266","I12",12,0,0,0,0,0
"E266","I13",13,0,1,1,1,0
"E266","I14",14,0,0,0,0,0
"E266","I15",15,0,0,0,0,0
"E266","I16",16,0,0,0,0,0
"E266","I17",17,0,1,1,1,0
"E266","I18",18,1,1,0,0,0
"E266","I19",19,0,0,0,0,0
"E266","I20",20,1,1,0,0,0
"E266","I21",21,0,0,0,0,0
"E266","I22",22,0,0,0,0,0
"E266","I23",23,1,1,0,0,0
"E266","I24",24,0,0,0,0,0
"E266","I25",25,1,1,0,0,0
"E266","I26",26,0,0,0,0,0
"E266","I27",27,0,0,0,0,0
"E266","I28",28,1,0,1,0,1
"E266","I29",29,0,0,0,0,0
"E266","I30",30,0,0,0,0,0
"E266","I31",31,0,0,0,0,0
"E266","I32",32,0,0,0,0,0
"E266","I33",33,0,0,0,0,0
"E266","I34",34,0,0,0,0,0
"E266","I35",35,0,0,0,0,0
"E266","I36",36,0,0,0,0,0
"E266","I37",37,0,0,0,0,0
"E266","I38",38,0,0,0,0,0
"E266","I39",39,0,0,0,0,0
"E266","I40",40,0,0,0,0,0
"E267","I01",1,1,1,0,0,0
"E267","I02",2,0,0,0,0,0
"E267","I03",3,1,1,0,0,0
"E267","I04",4,1,1,0,0,0
"E267","I05",5,1,1,0,0,0
"E267","I06",6,0,0,0,0,0
"E267","I07",7,0,0,0,0,0
"E267","I08",8,1,1,0,0,0
"E267","I09",9,0,0,0,0,0
"E267","I10",10,1,1,0,0,0
"E267","I11",11,0,0,0,0,0
"E267","I12",12,1,1,0,0,0
"E267","I13",13,1,1,0,0,0
"E267","I14",14,0,0,0,0,0
"E267","I15",15,0,0,0,0,0
"E267","I16",16,1,1,0,0,0
"E267","I17",17,0,0,0,0,0
"E267","I18",18,1,1,0,0,0
"E267","I19",19,1,1,0,0,0
"E267","I20",20,0,0,0,0,0
"E267","I21",21,0,0,0,0,0
"E267","I22",22,0,0,0,0,0
"E267","I23",23,0,0,0,0,0
"E267","I24",24,0,0,0,0,0
"E267","I25",25,0,0,0,0,0
"E267","I26",26,1,1,0,0,0
"E267","I27",27,0,0,0,0,0
"E267","I28",28,1,1,0,0,0
"E267","I29",29,0,0,0,0,0
"E267","I30",30,0,0,0,0,0
"E267","I31",31,0,0,0,0,0
"E267","I32",32,1,1,0,0,0
"E267","I33",33,0,0,0,0,0
"E267","I34",34,0,0,0,0,0
"E267","I35",35,1,1,0,0,0
"E267","I36",36,1,1,0,0,0
"E267","I37",37,0,0,0,0,0
"E267","I38",38,0,0,0,0,0
"E267","I39",39,0,0,0,0,0
"E267","I40",40,0,0,0,0,0
"E268","I01",1,1,1,0,0,0
"E268","I02",2,0,0,0,0,0
"E268","I03",3,1,1,0,0,0
"E268","I04",4,1,1,0,0,0
"E268","I05",5,1,1,0,0,0
"E268","I06",6,1,1,0,0,0
"E268","I07",7,1,1,0,0,0
"E268","I08",8,0,0,0,0,0
"E268","I09",9,0,0,0,0,0
"E268","I10",10,1,1,0,0,0
"E268","I11",11,0,0,0,0,0
"E268","I12",12,0,0,0,0,0
"E268","I13",13,0,0,0,0,0
"E268","I14",14,1,1,0,0,0
"E268","I15",15,1,1,0,0,0
"E268","I16",16,1,1,0,0,0
"E268","I17",17,1,1,0,0,0
"E268","I18",18,1,1,0,0,0
"E268","I19",19,1,1,0,0,0
"E268","I20",20,1,1,0,0,0
"E268","I21",21,0,0,0,0,0
"E268","I22",22,0,0,0,0,0
"E268","I23",23,1,1,0,0,0
"E268","I24",24,1,1,0,0,0
"E268","I25",25,0,0,0,0,0
"E268","I26",26,1,1,0,0,0
"E268","I27",27,1,1,0,0,0
"E268","I28",28,1,1,0,0,0
"E268","I29",29,1,1,0,0,0
"E268","I30",30,0,0,0,0,0
"E268","I31",31,0,0,0,0,0
"E268","I32",32,1,1,0,0,0
"E268","I33",33,0,0,0,0,0
"E268","I34",34,1,1,0,0,0
"E268","I35",35,1,1,0,0,0
"E268","I36",36,1,1,0,0,0
"E268","I37",37,1,1,0,0,0
"E268","I38",38,1,1,0,0,0
"E268","I39",39,1,1,0,0,0
"E268","I40",40,1,1,0,0,0
"E269","I01",1,1,1,0,0,0
"E269","I02",2,1,1,0,0,0
"E269","I03",3,1,1,0,0,0
"E269","I04",4,1,1,0,0,0
"E269","I05",5,1,1,0,0,0
"E269","I06",6,1,1,0,0,0
"E269","I07",7,1,1,0,0,0
"E269","I08",8,1,1,0,0,0
"E269","I09",9,1,1,0,0,0
"E269","I10",10,1,1,0,0,0
"E269","I11",11,1,1,0,0,0
"E269","I12",12,1,1,0,0,0
"E269","I13",13,1,1,0,0,0
"E269","I14",14,1,1,0,0,0
"E269","I15",15,1,1,0,0,0
"E269","I16",16,1,1,0,0,0
"E269","I17",17,1,1,0,0,0
"E269","I18",18,1,1,0,0,0
"E269","I19",19,0,1,1,1,0
"E269","I20",20,1,1,0,0,0
"E269","I21",21,1,1,0,0,0
"E269","I22",22,0,0,0,0,0
"E269","I23",23,0,0,0,0,0
"E269","I24",24,0,0,0,0,0
"E269","I25",25,0,0,0,0,0
"E269","I26",26,1,1,0,0,0
"E269","I27",27,1,1,0,0,0
"E269","I28",28,1,1,0,0,0
"E269","I29",29,1,1,0,0,0
"E269","I30",30,0,0,0,0,0
"E269","I31",31,1,1,0,0,0
"E269","I32",32,1,1,0,0,0
"E269","I33",33,0,0,0,0,0
"E269","I34",34,0,0,0,0,0
"E269","I35",35,1,1,0,0,0
"E269","I36",36,0,0,0,0,0
"E269","I37",37,0,0,0,0,0
"E269","I38",38,1,1,0,0,0
"E269","I39",39,1,1,0,0,0
"E269","I40",40,1,1,0,0,0
"E270","I01",1,0,0,0,0,0
"E270","I02",2,0,0,0,0,0
"E270","I03",3,0,0,0,0,0
"E270","I04",4,0,0,0,0,0
"E270","I05",5,0,0,0,0,0
"E270","I06",6,1,1,0,0,0
"E270","I07",7,1,1,0,0,0
"E270","I08",8,0,0,0,0,0
"E270","I09",9,0,0,0,0,0
"E270","I10",10,0,0,0,0,0
"E270","I11",11,0,0,0,0,0
"E270","I12",12,0,0,0,0,0
"E270","I13",13,0,0,0,0,0
"E270","I14",14,0,0,0,0,0
"E270","I15",15,0,0,0,0,0
"E270","I16",16,1,1,0,0,0
"E270","I17",17,0,0,0,0,0
"E270","I18",18,1,1,0,0,0
"E270","I19",19,1,1,0,0,0
"E270","I20",20,0,0,0,0,0
"E270","I21",21,0,0,0,0,0
"E270","I22",22,0,0,0,0,0
"E270","I23",23,1,1,0,0,0
"E270","I24",24,0,0,0,0,0
"E270","I25",25,0,0,0,0,0
"E270","I26",26,1,1,0,0,0
"E270","I27",27,0,0,0,0,0
"E270","I28",28,1,1,0,0,0
"E270","I29",29,0,1,1,1,0
"E270","I30",30,0,0,0,0,0
"E270","I31",31,0,0,0,0,0
"E270","I32",32,1,1,0,0,0
"E270","I33",33,1,1,0,0,0
"E270","I34",34,0,0,0,0,0
"E270","I35",35,0,0,0,0,0
"E270","I36",36,1,1,0,0,0
"E270","I37",37,0,0,0,0,0
"E270","I38",38,0,0,0,0,0
"E270","I39",39,1,1,0,0,0
"E270","I40",40,0,0,0,0,0
"E271","I01",1,1,1,0,0,0
"E271","I02",2,1,1,0,0,0
"E271","I03",3,1,1,0,0,0
"E271","I04",4,0,1,1,1,0
"E271","I05",5,1,1,0,0,0
"E271","I06",6,1,1,0,0,0
"E271","I07",7,1,1,0,0,0
"E271","I08",8,0,0,0,0,0
"E271","I09",9,0,0,0,0,0
"E271","I10",10,0,0,0,0,0
"E271","I11",11,0,0,0,0,0
"E271","I12",12,1,1,0,0,0
"E271","I13",13,0,0,0,0,0
"E271","I14",14,0,0,0,0,0
"E271","I15",15,0,0,0,0,0
"E271","I16",16,1,1,0,0,0
"E271","I17",17,1,1,0,0,0
"E271","I18",18,0,0,0,0,0
"E271","I19",19,1,1,0,0,0
"E271","I20",20,1,1,0,0,0
"E271","I21",21,0,0,0,0,0
"E271","I22",22,1,1,0,0,0
"E271","I23",23,1,1,0,0,0
"E271","I24",24,1,1,0,0,0
"E271","I25",25,1,1,0,0,0
"E271","I26",26,0,0,0,0,0
"E271","I27",27,0,0,0,0,0
"E271","I28",28,1,1,0,0,0
"E271","I29",29,1,0,1,0,1
"E271","I30",30,0,0,0,0,0
"E271","I31",31,0,0,0,0,0
"E271","I32",32,0,1,1,1,0
"E271","I33",33,1,1,0,0,0
"E271","I34",34,0,0,0,0,0
"E271","I35",35,1,1,0,0,0
"E271","I36",36,1,1,0,0,0
"E271","I37",37,1,1,0,0,0
"E271","I38",38,1,1,0,0,0
"E271","I39",39,0,0,0,0,0
"E271","I40",40,0,0,0,0,0
"E272","I01",1,1,1,0,0,0
"E272","I02",2,1,1,0,0,0
"E272","I03",3,0,0,0,0,0
"E272","I04",4,1,1,0,0,0
"E272","I05",5,1,1,0,0,0
"E272","I06",6,1,1,0,0,0
"E272","I07",7,1,1,0,0,0
"E272","I08",8,0,0,0,0,0
"E272","I09",9,1,1,0,0,0
"E272","I10",10,1,1,0,0,0
"E272","I11",11,0,0,0,0,0
"E272","I12",12,0,0,0,0,0
"E272","I13",13,0,0,0,0,0
"E272","I14",14,1,1,0,0,0
"E272","I15",15,1,1,0,0,0
"E272","I16",16,0,0,0,0,0
"E272","I17",17,0,0,0,0,0
"E272","I18",18,1,1,0,0,0
"E272","I19",19,0,0,0,0,0
"E272","I20",20,0,0,0,0,0
"E272","I21",21,1,0,1,0,1
"E272","I22",22,0,0,0,0,0
"E272","I23",23,1,1,0,0,0
"E272","I24",24,1,1,0,0,0
"E272","I25",25,1,1,0,0,0
"E272","I26",26,0,0,0,0,0
"E272","I27",27,1,1,0,0,0
"E272","I28",28,0,1,1,1,0
"E272","I29",29,1,1,0,0,0
"E272","I30",30,1,1,0,0,0
"E272","I31",31,1,0,1,0,1
"E272","I32",32,0,0,0,0,0
"E272","I33",33,0,0,0,0,0
"E272","I34",34,0,0,0,0,0
"E272","I35",35,0,0,0,0,0
"E272","I36",36,1,1,0,0,0
"E272","I37",37,1,1,0,0,0
"E272","I38",38,0,0,0,0,0
"E272","I39",39,1,1,0,0,0
"E272","I40",40,1,1,0,0,0
"E273","I01",1,1,1,0,0,0
"E273","I02",2,0,0,0,0,0
"E273","I03",3,0,0,0,0,0
"E273","I04",4,1,1,0,0,0
"E273","I05",5,1,1,0,0,0
"E273","I06",6,1,1,0,0,0
"E273","I07",7,1,1,0,0,0
"E273","I08",8,1,1,0,0,0
"E273","I09",9,0,0,0,0,0
"E273","I10",10,1,1,0,0,0
"E273","I11",11,0,0,0,0,0
"E273","I12",12,0,0,0,0,0
"E273","I13",13,0,0,0,0,0
"E273","I14",14,0,0,0,0,0
"E273","I15",15,0,0,0,0,0
"E273","I16",16,1,1,0,0,0
"E273","I17",17,1,1,0,0,0
"E273","I18",18,0,0,0,0,0
"E273","I19",19,1,1,0,0,0
"E273","I20",20,0,0,0,0,0
"E273","I21",21,0,0,0,0,0
"E273","I22",22,1,1,0,0,0
"E273","I23",23,1,1,0,0,0
"E273","I24",24,0,0,0,0,0
"E273","I25",25,0,0,0,0,0
"E273","I26",26,1,1,0,0,0
"E273","I27",27,0,0,0,0,0
"E273","I28",28,1,1,0,0,0
"E273","I29",29,0,0,0,0,0
"E273","I30",30,0,0,0,0,0
"E273","I31",31,0,0,0,0,0
"E273","I32",32,1,1,0,0,0
"E273","I33",33,1,1,0,0,0
"E273","I34",34,0,0,0,0,0
"E273","I35",35,0,0,0,0,0
"E273","I36",36,1,1,0,0,0
"E273","I37",37,1,1,0,0,0
"E273","I38",38,1,1,0,0,0
"E273","I39",39,0,0,0,0,0
"E273","I40",40,0,0,0,0,0
"E274","I01",1,1,1,0,0,0
"E274","I02",2,1,1,0,0,0
"E274","I03",3,1,1,0,0,0
"E274","I04",4,0,0,0,0,0
"E274","I05",5,1,1,0,0,0
"E274","I06",6,1,1,0,0,0
"E274","I07",7,1,1,0,0,0
"E274","I08",8,1,1,0,0,0
"E274","I09",9,1,1,0,0,0
"E274","I10",10,0,0,0,0,0
"E274","I11",11,0,0,0,0,0
"E274","I12",12,0,0,0,0,0
"E274","I13",13,0,0,0,0,0
"E274","I14",14,1,1,0,0,0
"E274","I15",15,1,1,0,0,0
"E274","I16",16,0,0,0,0,0
"E274","I17",17,0,0,0,0,0
"E274","I18",18,1,1,0,0,0
"E274","I19",19,1,1,0,0,0
"E274","I20",20,1,1,0,0,0
"E274","I21",21,1,1,0,0,0
"E274","I22",22,1,1,0,0,0
"E274","I23",23,1,1,0,0,0
"E274","I24",24,1,1,0,0,0
"E274","I25",25,0,0,0,0,0
"E274","I26",26,0,0,0,0,0
"E274","I27",27,1,1,0,0,0
"E274","I28",28,1,1,0,0,0
"E274","I29",29,1,1,0,0,0
"E274","I30",30,1,1,0,0,0
"E274","I31",31,0,0,0,0,0
"E274","I32",32,1,1,0,0,0
"E274","I33",33,0,0,0,0,0
"E274","I34",34,0,0,0,0,0
"E274","I35",35,1,1,0,0,0
"E274","I36",36,1,1,0,0,0
"E274","I37",37,0,1,1,1,0
"E274","I38",38,1,1,0,0,0
"E274","I39",39,0,1,1,1,0
"E274","I40",40,1,1,0,0,0
"E275","I01",1,1,1,0,0,0
"E275","I02",2,0,0,0,0,0
"E275","I03",3,0,0,0,0,0
"E275","I04",4,1,1,0,0,0
"E275","I05",5,1,1,0,0,0
"E275","I06",6,1,1,0,0,0
"E275","I07",7,1,1,0,0,0
"E275","I08",8,1,1,0,0,0
"E275","I09",9,1,1,0,0,0
"E275","I10",10,1,1,0,0,0
"E275","I11",11,0,0,0,0,0
"E275","I12",12,0,1,1,1,0
"E275","I13",13,1,1,0,0,0
"E275","I14",14,0,0,0,0,0
"E275","I15",15,0,0,0,0,0
"E275","I16",16,1,1,0,0,0
"E275","I17",17,1,1,0,0,0
"E275","I18",18,0,0,0,0,0
"E275","I19",19,1,1,0,0,0
"E275","I20",20,1,1,0,0,0
"E275","I21",21,1,1,0,0,0
"E275","I22",22,0,0,0,0,0
"E275","I23",23,1,1,0,0,0
"E275","I24",24,0,0,0,0,0
"E275","I25",25,1,1,0,0,0
"E275","I26",26,1,1,0,0,0
"E275","I27",27,0,0,0,0,0
"E275","I28",28,1,1,0,0,0
"E275","I29",29,1,1,0,0,0
"E275","I30",30,1,1,0,0,0
"E275","I31",31,0,0,0,0,0
"E275","I32",32,1,1,0,0,0
"E275","I33",33,0,0,0,0,0
"E275","I34",34,1,1,0,0,0
"E275","I35",35,0,0,0,0,0
"E275","I36",36,0,0,0,0,0
"E275","I37",37,1,1,0,0,0
"E275","I38",38,1,1,0,0,0
"E275","I39",39,0,0,0,0,0
"E275","I40",40,0,0,0,0,0
"E276","I01",1,1,1,0,0,0
"E276","I02",2,1,1,0,0,0
"E276","I03",3,0,0,0,0,0
"E276","I04",4,0,1,1,1,0
"E276","I05",5,1,1,0,0,0
"E276","I06",6,1,1,0,0,0
"E276","I07",7,1,1,0,0,0
"E276","I08",8,1,1,0,0,0
"E276","I09",9,0,0,0,0,0
"E276","I10",10,0,0,0,0,0
"E276","I11",11,1,1,0,0,0
"E276","I12",12,1,1,0,0,0
"E276","I13",13,0,1,1,1,0
"E276","I14",14,1,0,1,0,1
"E276","I15",15,0,0,0,0,0
"E276","I16",16,1,1,0,0,0
"E276","I17",17,1,1,0,0,0
"E276","I18",18,0,0,0,0,0
"E276","I19",19,1,1,0,0,0
"E276","I20",20,1,1,0,0,0
"E276","I21",21,0,0,0,0,0
"E276","I22",22,0,0,0,0,0
"E276","I23",23,0,0,0,0,0
"E276","I24",24,1,1,0,0,0
"E276","I25",25,1,1,0,0,0
"E276","I26",26,1,1,0,0,0
"E276","I27",27,1,1,0,0,0
"E276","I28",28,1,1,0,0,0
"E276","I29",29,0,0,0,0,0
"E276","I30",30,0,0,0,0,0
"E276","I31",31,0,0,0,0,0
"E276","I32",32,1,1,0,0,0
"E276","I33",33,0,0,0,0,0
"E276","I34",34,0,0,0,0,0
"E276","I35",35,1,1,0,0,0
"E276","I36",36,0,0,0,0,0
"E276","I37",37,1,1,0,0,0
"E276","I38",38,1,1,0,0,0
"E276","I39",39,0,0,0,0,0
"E276","I40",40,0,0,0,0,0
"E277","I01",1,1,1,0,0,0
"E277","I02",2,1,1,0,0,0
"E277","I03",3,0,1,1,1,0
"E277","I04",4,1,1,0,0,0
"E277","I05",5,1,1,0,0,0
"E277","I06",6,1,1,0,0,0
"E277","I07",7,1,1,0,0,0
"E277","I08",8,0,0,0,0,0
"E277","I09",9,1,1,0,0,0
"E277","I10",10,0,0,0,0,0
"E277","I11",11,0,0,0,0,0
"E277","I12",12,1,1,0,0,0
"E277","I13",13,0,0,0,0,0
"E277","I14",14,0,0,0,0,0
"E277","I15",15,0,0,0,0,0
"E277","I16",16,1,1,0,0,0
"E277","I17",17,0,0,0,0,0
"E277","I18",18,1,1,0,0,0
"E277","I19",19,1,1,0,0,0
"E277","I20",20,1,1,0,0,0
"E277","I21",21,1,1,0,0,0
"E277","I22",22,0,0,0,0,0
"E277","I23",23,1,1,0,0,0
"E277","I24",24,1,1,0,0,0
"E277","I25",25,1,1,0,0,0
"E277","I26",26,1,1,0,0,0
"E277","I27",27,0,0,0,0,0
"E277","I28",28,1,1,0,0,0
"E277","I29",29,1,1,0,0,0
"E277","I30",30,1,0,1,0,1
"E277","I31",31,1,1,0,0,0
"E277","I32",32,1,1,0,0,0
"E277","I33",33,0,0,0,0,0
"E277","I34",34,0,0,0,0,0
"E277","I35",35,0,0,0,0,0
"E277","I36",36,1,1,0,0,0
"E277","I37",37,1,1,0,0,0
"E277","I38",38,1,1,0,0,0
"E277","I39",39,0,0,0,0,0
"E277","I40",40,0,0,0,0,0
"E278","I01",1,1,1,0,0,0
"E278","I02",2,0,0,0,0,0
"E278","I03",3,0,0,0,0,0
"E278","I04",4,1,1,0,0,0
"E278","I05",5,1,1,0,0,0
"E278","I06",6,1,1,0,0,0
"E278","I07",7,0,1,1,1,0
"E278","I08",8,0,0,0,0,0
"E278","I09",9,0,0,0,0,0
"E278","I10",10,1,0,1,0,1
"E278","I11",11,1,1,0,0,0
"E278","I12",12,0,0,0,0,0
"E278","I13",13,1,1,0,0,0
"E278","I14",14,0,0,0,0,0
"E278","I15",15,0,0,0,0,0
"E278","I16",16,1,1,0,0,0
"E278","I17",17,0,0,0,0,0
"E278","I18",18,1,1,0,0,0
"E278","I19",19,0,0,0,0,0
"E278","I20",20,1,1,0,0,0
"E278","I21",21,0,0,0,0,0
"E278","I22",22,1,0,1,0,1
"E278","I23",23,1,1,0,0,0
"E278","I24",24,0,0,0,0,0
"E278","I25",25,0,0,0,0,0
"E278","I26",26,0,0,0,0,0
"E278","I27",27,0,0,0,0,0
"E278","I28",28,1,1,0,0,0
"E278","I29",29,0,0,0,0,0
"E278","I30",30,0,0,0,0,0
"E278","I31",31,0,0,0,0,0
"E278","I32",32,0,0,0,0,0
"E278","I33",33,0,0,0,0,0
"E278","I34",34,0,0,0,0,0
"E278","I35",35,0,0,0,0,0
"E278","I36",36,0,0,0,0,0
"E278","I37",37,1,1,0,0,0
"E278","I38",38,1,1,0,0,0
"E278","I39",39,0,0,0,0,0
"E278","I40",40,0,0,0,0,0
"E279","I01",1,1,1,0,0,0
"E279","I02",2,0,0,0,0,0
"E279","I03",3,1,1,0,0,0
"E279","I04",4,1,1,0,0,0
"E279","I05",5,0,0,0,0,0
"E279","I06",6,1,1,0,0,0
"E279","I07",7,1,1,0,0,0
"E279","I08",8,0,0,0,0,0
"E279","I09",9,1,1,0,0,0
"E279","I10",10,0,0,0,0,0
"E279","I11",11,1,1,0,0,0
"E279","I12",12,1,0,1,0,1
"E279","I13",13,1,1,0,0,0
"E279","I14",14,0,0,0,0,0
"E279","I15",15,1,1,0,0,0
"E279","I16",16,1,1,0,0,0
"E279","I17",17,1,0,1,0,1
"E279","I18",18,1,1,0,0,0
"E279","I19",19,1,1,0,0,0
"E279","I20",20,1,1,0,0,0
"E279","I21",21,0,0,0,0,0
"E279","I22",22,0,0,0,0,0
"E279","I23",23,0,0,0,0,0
"E279","I24",24,0,0,0,0,0
"E279","I25",25,0,0,0,0,0
"E279","I26",26,0,0,0,0,0
"E279","I27",27,1,1,0,0,0
"E279","I28",28,1,1,0,0,0
"E279","I29",29,0,0,0,0,0
"E279","I30",30,0,0,0,0,0
"E279","I31",31,1,1,0,0,0
"E279","I32",32,1,1,0,0,0
"E279","I33",33,0,0,0,0,0
"E279","I34",34,1,1,0,0,0
"E279","I35",35,0,0,0,0,0
"E279","I36",36,1,1,0,0,0
"E279","I37",37,0,0,0,0,0
"E279","I38",38,0,0,0,0,0
"E279","I39",39,1,1,0,0,0
"E279","I40",40,0,0,0,0,0
"E280","I01",1,0,0,0,0,0
"E280","I02",2,1,1,0,0,0
"E280","I03",3,0,0,0,0,0
"E280","I04",4,1,1,0,0,0
"E280","I05",5,0,0,0,0,0
"E280","I06",6,0,0,0,0,0
"E280","I07",7,0,0,0,0,0
"E280","I08",8,0,0,0,0,0
"E280","I09",9,0,0,0,0,0
"E280","I10",10,0,0,0,0,0
"E280","I11",11,0,0,0,0,0
"E280","I12",12,0,0,0,0,0
"E280","I13",13,0,0,0,0,0
"E280","I14",14,1,1,0,0,0
"E280","I15",15,0,0,0,0,0
"E280","I16",16,1,1,0,0,0
"E280","I17",17,0,0,0,0,0
"E280","I18",18,0,0,0,0,0
"E280","I19",19,1,1,0,0,0
"E280","I20",20,0,0,0,0,0
"E280","I21",21,1,1,0,0,0
"E280","I22",22,0,0,0,0,0
"E280","I23",23,1,1,0,0,0
"E280","I24",24,0,0,0,0,0
"E280","I25",25,0,0,0,0,0
"E280","I26",26,1,1,0,0,0
"E280","I27",27,0,0,0,0,0
"E280","I28",28,1,1,0,0,0
"E280","I29",29,1,1,0,0,0
"E280","I30",30,1,1,0,0,0
"E280","I31",31,0,0,0,0,0
"E280","I32",32,0,0,0,0,0
"E280","I33",33,0,0,0,0,0
"E280","I34",34,0,0,0,0,0
"E280","I35",35,0,0,0,0,0
"E280","I36",36,1,1,0,0,0
"E280","I37",37,0,1,1,1,0
"E280","I38",38,1,1,0,0,0
"E280","I39",39,0,0,0,0,0
"E280","I40",40,0,0,0,0,0
"E281","I01",1,1,1,0,0,0
"E281","I02",2,0,0,0,0,0
"E281","I03",3,0,0,0,0,0
"E281","I04",4,1,1,0,0,0
"E281","I05",5,1,1,0,0,0
"E281","I06",6,1,1,0,0,0
"E281","I07",7,1,1,0,0,0
"E281","I08",8,1,1,0,0,0
"E281","I09",9,1,1,0,0,0
"E281","I10",10,1,1,0,0,0
"E281","I11",11,1,1,0,0,0
"E281","I12",12,1,1,0,0,0
"E281","I13",13,1,1,0,0,0
"E281","I14",14,0,0,0,0,0
"E281","I15",15,0,0,0,0,0
"E281","I16",16,0,0,0,0,0
"E281","I17",17,1,1,0,0,0
"E281","I18",18,1,1,0,0,0
"E281","I19",19,1,1,0,0,0
"E281","I20",20,1,1,0,0,0
"E281","I21",21,0,0,0,0,0
"E281","I22",22,1,1,0,0,0
"E281","I23",23,0,0,0,0,0
"E281","I24",24,1,1,0,0,0
"E281","I25",25,1,1,0,0,0
"E281","I26",26,1,1,0,0,0
"E281","I27",27,0,0,0,0,0
"E281","I28",28,1,1,0,0,0
"E281","I29",29,1,1,0,0,0
"E281","I30",30,0,0,0,0,0
"E281","I31",31,0,0,0,0,0
"E281","I32",32,1,1,0,0,0
"E281","I33",33,0,0,0,0,0
"E281","I34",34,1,1,0,0,0
"E281","I35",35,1,1,0,0,0
"E281","I36",36,1,1,0,0,0
"E281","I37",37,1,1,0,0,0
"E281","I38",38,1,1,0,0,0
"E281","I39",39,1,1,0,0,0
"E281","I40",40,1,1,0,0,0
"E282","I01",1,1,1,0,0,0
"E282","I02",2,1,1,0,0,0
"E282","I03",3,1,1,0,0,0
"E282","I04",4,1,1,0,0,0
"E282","I05",5,1,1,0,0,0
"E282","I06",6,1,1,0,0,0
"E282","I07",7,0,0,0,0,0
"E282","I08",8,1,1,0,0,0
"E282","I09",9,1,1,0,0,0
"E282","I10",10,1,1,0,0,0
"E282","I11",11,1,1,0,0,0
"E282","I12",12,1,1,0,0,0
"E282","I13",13,1,1,0,0,0
"E282","I14",14,1,1,0,0,0
"E282","I15",15,0,0,0,0,0
"E282","I16",16,1,1,0,0,0
"E282","I17",17,1,1,0,0,0
"E282","I18",18,1,1,0,0,0
"E282","I19",19,1,1,0,0,0
"E282","I20",20,0,0,0,0,0
"E282","I21",21,1,1,0,0,0
"E282","I22",22,0,0,0,0,0
"E282","I23",23,1,1,0,0,0
"E282","I24",24,0,0,0,0,0
"E282","I25",25,1,1,0,0,0
"E282","I26",26,1,1,0,0,0
"E282","I27",27,1,1,0,0,0
"E282","I28",28,1,1,0,0,0
"E282","I29",29,1,1,0,0,0
"E282","I30",30,1,1,0,0,0
"E282","I31",31,0,0,0,0,0
"E282","I32",32,1,1,0,0,0
"E282","I33",33,1,1,0,0,0
"E282","I34",34,0,0,0,0,0
"E282","I35",35,1,1,0,0,0
"E282","I36",36,0,0,0,0,0
"E282","I37",37,1,1,0,0,0
"E282","I38",38,1,1,0,0,0
"E282","I39",39,1,1,0,0,0
"E282","I40",40,1,1,0,0,0
"E283","I01",1,0,0,0,0,0
"E283","I02",2,0,0,0,0,0
"E283","I03",3,0,0,0,0,0
"E283","I04",4,0,0,0,0,0
"E283","I05",5,0,0,0,0,0
"E283","I06",6,0,0,0,0,0
"E283","I07",7,0,0,0,0,0
"E283","I08",8,0,0,0,0,0
"E283","I09",9,0,0,0,0,0
"E283","I10",10,0,0,0,0,0
"E283","I11",11,0,0,0,0,0
"E283","I12",12,1,1,0,0,0
"E283","I13",13,0,0,0,0,0
"E283","I14",14,1,1,0,0,0
"E283","I15",15,0,0,0,0,0
"E283","I16",16,0,1,1,1,0
"E283","I17",17,1,1,0,0,0
"E283","I18",18,0,0,0,0,0
"E283","I19",19,0,0,0,0,0
"E283","I20",20,0,0,0,0,0
"E283","I21",21,0,0,0,0,0
"E283","I22",22,0,0,0,0,0
"E283","I23",23,0,0,0,0,0
"E283","I24",24,0,0,0,0,0
"E283","I25",25,0,0,0,0,0
"E283","I26",26,0,0,0,0,0
"E283","I27",27,0,0,0,0,0
"E283","I28",28,0,0,0,0,0
"E283","I29",29,0,0,0,0,0
"E283","I30",30,1,0,1,0,1
"E283","I31",31,0,0,0,0,0
"E283","I32",32,1,1,0,0,0
"E283","I33",33,0,0,0,0,0
"E283","I34",34,0,0,0,0,0
"E283","I35",35,0,0,0,0,0
"E283","I36",36,0,0,0,0,0
"E283","I37",37,0,0,0,0,0
"E283","I38",38,0,0,0,0,0
"E283","I39",39,0,0,0,0,0
"E283","I40",40,0,1,1,1,0
"E284","I01",1,1,1,0,0,0
"E284","I02",2,0,0,0,0,0
"E284","I03",3,1,1,0,0,0
"E284","I04",4,1,1,0,0,0
"E284","I05",5,1,1,0,0,0
"E284","I06",6,0,1,1,1,0
"E284","I07",7,0,0,0,0,0
"E284","I08",8,1,1,0,0,0
"E284","I09",9,1,1,0,0,0
"E284","I10",10,0,0,0,0,0
"E284","I11",11,0,0,0,0,0
"E284","I12",12,1,1,0,0,0
"E284","I13",13,1,1,0,0,0
"E284","I14",14,0,0,0,0,0
"E284","I15",15,0,0,0,0,0
"E284","I16",16,1,1,0,0,0
"E284","I17",17,0,0,0,0,0
"E284","I18",18,0,0,0,0,0
"E284","I19",19,1,1,0,0,0
"E284","I20",20,1,1,0,0,0
"E284","I21",21,0,0,0,0,0
"E284","I22",22,1,1,0,0,0
"E284","I23",23,1,1,0,0,0
"E284","I24",24,0,0,0,0,0
"E284","I25",25,1,1,0,0,0
"E284","I26",26,0,0,0,0,0
"E284","I27",27,1,1,0,0,0
"E284","I28",28,1,1,0,0,0
"E284","I29",29,0,0,0,0,0
"E284","I30",30,0,0,0,0,0
"E284","I31",31,0,0,0,0,0
"E284","I32",32,0,0,0,0,0
"E284","I33",33,0,0,0,0,0
"E284","I34",34,0,0,0,0,0
"E284","I35",35,0,0,0,0,0
"E284","I36",36,1,1,0,0,0
"E284","I37",37,1,1,0,0,0
"E284","I38",38,1,1,0,0,0
"E284","I39",39,0,1,1,1,0
"E284","I40",40,1,1,0,0,0
"E285","I01",1,1,1,0,0,0
"E285","I02",2,0,0,0,0,0
"E285","I03",3,1,1,0,0,0
"E285","I04",4,1,1,0,0,0
"E285","I05",5,0,0,0,0,0
"E285","I06",6,0,0,0,0,0
"E285","I07",7,1,1,0,0,0
"E285","I08",8,1,1,0,0,0
"E285","I09",9,0,0,0,0,0
"E285","I10",10,0,0,0,0,0
"E285","I11",11,1,1,0,0,0
"E285","I12",12,1,1,0,0,0
"E285","I13",13,1,1,0,0,0
"E285","I14",14,0,0,0,0,0
"E285","I15",15,0,0,0,0,0
"E285","I16",16,1,1,0,0,0
"E285","I17",17,1,1,0,0,0
"E285","I18",18,1,1,0,0,0
"E285","I19",19,0,0,0,0,0
"E285","I20",20,0,1,1,1,0
"E285","I21",21,1,1,0,0,0
"E285","I22",22,0,0,0,0,0
"E285","I23",23,0,0,0,0,0
"E285","I24",24,1,1,0,0,0
"E285","I25",25,0,0,0,0,0
"E285","I26",26,1,1,0,0,0
"E285","I27",27,0,0,0,0,0
"E285","I28",28,1,0,1,0,1
"E285","I29",29,1,1,0,0,0
"E285","I30",30,0,0,0,0,0
"E285","I31",31,1,1,0,0,0
"E285","I32",32,1,1,0,0,0
"E285","I33",33,0,0,0,0,0
"E285","I34",34,1,0,1,0,1
"E285","I35",35,1,1,0,0,0
"E285","I36",36,0,0,0,0,0
"E285","I37",37,1,1,0,0,0
"E285","I38",38,1,1,0,0,0
"E285","I39",39,1,1,0,0,0
"E285","I40",40,0,0,0,0,0
"E286","I01",1,1,1,0,0,0
"E286","I02",2,1,1,0,0,0
"E286","I03",3,0,0,0,0,0
"E286","I04",4,0,0,0,0,0
"E286","I05",5,0,0,0,0,0
"E286","I06",6,0,0,0,0,0
"E286","I07",7,1,1,0,0,0
"E286","I08",8,0,0,0,0,0
"E286","I09",9,1,1,0,0,0
"E286","I10",10,0,0,0,0,0
"E286","I11",11,0,0,0,0,0
"E286","I12",12,1,1,0,0,0
"E286","I13",13,0,0,0,0,0
"E286","I14",14,1,1,0,0,0
"E286","I15",15,0,0,0,0,0
"E286","I16",16,0,0,0,0,0
"E286","I17",17,0,0,0,0,0
"E286","I18",18,0,0,0,0,0
"E286","I19",19,1,1,0,0,0
"E286","I20",20,1,1,0,0,0
"E286","I21",21,0,0,0,0,0
"E286","I22",22,1,1,0,0,0
"E286","I23",23,1,1,0,0,0
"E286","I24",24,1,1,0,0,0
"E286","I25",25,0,0,0,0,0
"E286","I26",26,1,1,0,0,0
"E286","I27",27,0,0,0,0,0
"E286","I28",28,1,1,0,0,0
"E286","I29",29,1,1,0,0,0
"E286","I30",30,0,0,0,0,0
"E286","I31",31,1,1,0,0,0
"E286","I32",32,0,0,0,0,0
"E286","I33",33,0,0,0,0,0
"E286","I34",34,0,0,0,0,0
"E286","I35",35,0,0,0,0,0
"E286","I36",36,1,1,0,0,0
"E286","I37",37,1,1,0,0,0
"E286","I38",38,1,1,0,0,0
"E286","I39",39,0,0,0,0,0
"E286","I40",40,0,0,0,0,0
"E287","I01",1,0,0,0,0,0
"E287","I02",2,0,0,0,0,0
"E287","I03",3,1,1,0,0,0
"E287","I04",4,0,0,0,0,0
"E287","I05",5,1,1,0,0,0
"E287","I06",6,1,1,0,0,0
"E287","I07",7,0,0,0,0,0
"E287","I08",8,1,1,0,0,0
"E287","I09",9,1,1,0,0,0
"E287","I10",10,1,1,0,0,0
"E287","I11",11,0,0,0,0,0
"E287","I12",12,1,1,0,0,0
"E287","I13",13,0,0,0,0,0
"E287","I14",14,1,1,0,0,0
"E287","I15",15,1,1,0,0,0
"E287","I16",16,0,0,0,0,0
"E287","I17",17,0,0,0,0,0
"E287","I18",18,0,0,0,0,0
"E287","I19",19,0,0,0,0,0
"E287","I20",20,0,1,1,1,0
"E287","I21",21,0,0,0,0,0
"E287","I22",22,1,1,0,0,0
"E287","I23",23,1,1,0,0,0
"E287","I24",24,1,1,0,0,0
"E287","I25",25,0,0,0,0,0
"E287","I26",26,1,1,0,0,0
"E287","I27",27,1,1,0,0,0
"E287","I28",28,0,0,0,0,0
"E287","I29",29,1,1,0,0,0
"E287","I30",30,1,1,0,0,0
"E287","I31",31,0,0,0,0,0
"E287","I32",32,1,1,0,0,0
"E287","I33",33,0,0,0,0,0
"E287","I34",34,0,0,0,0,0
"E287","I35",35,1,1,0,0,0
"E287","I36",36,1,1,0,0,0
"E287","I37",37,0,0,0,0,0
"E287","I38",38,1,1,0,0,0
"E287","I39",39,1,1,0,0,0
"E287","I40",40,1,0,1,0,1
"E288","I01",1,1,1,0,0,0
"E288","I02",2,0,0,0,0,0
"E288","I03",3,0,0,0,0,0
"E288","I04",4,1,1,0,0,0
"E288","I05",5,0,0,0,0,0
"E288","I06",6,1,1,0,0,0
"E288","I07",7,0,0,0,0,0
"E288","I08",8,0,0,0,0,0
"E288","I09",9,1,1,0,0,0
"E288","I10",10,1,1,0,0,0
"E288","I11",11,0,0,0,0,0
"E288","I12",12,0,0,0,0,0
"E288","I13",13,0,0,0,0,0
"E288","I14",14,0,0,0,0,0
"E288","I15",15,0,0,0,0,0
"E288","I16",16,1,1,0,0,0
"E288","I17",17,1,1,0,0,0
"E288","I18",18,1,1,0,0,0
"E288","I19",19,1,1,0,0,0
"E288","I20",20,1,1,0,0,0
"E288","I21",21,0,0,0,0,0
"E288","I22",22,0,0,0,0,0
"E288","I23",23,0,0,0,0,0
"E288","I24",24,0,0,0,0,0
"E288","I25",25,1,1,0,0,0
"E288","I26",26,1,1,0,0,0
"E288","I27",27,0,0,0,0,0
"E288","I28",28,1,1,0,0,0
"E288","I29",29,0,0,0,0,0
"E288","I30",30,0,0,0,0,0
"E288","I31",31,0,0,0,0,0
"E288","I32",32,1,1,0,0,0
"E288","I33",33,1,1,0,0,0
"E288","I34",34,0,0,0,0,0
"E288","I35",35,0,0,0,0,0
"E288","I36",36,1,1,0,0,0
"E288","I37",37,1,1,0,0,0
"E288","I38",38,1,1,0,0,0
"E288","I39",39,0,0,0,0,0
"E288","I40",40,1,1,0,0,0
"E289","I01",1,1,1,0,0,0
"E289","I02",2,1,1,0,0,0
"E289","I03",3,1,1,0,0,0
"E289","I04",4,0,0,0,0,0
"E289","I05",5,1,1,0,0,0
"E289","I06",6,1,1,0,0,0
"E289","I07",7,1,1,0,0,0
"E289","I08",8,1,1,0,0,0
"E289","I09",9,1,1,0,0,0
"E289","I10",10,0,0,0,0,0
"E289","I11",11,1,1,0,0,0
"E289","I12",12,1,1,0,0,0
"E289","I13",13,0,0,0,0,0
"E289","I14",14,0,0,0,0,0
"E289","I15",15,1,1,0,0,0
"E289","I16",16,1,1,0,0,0
"E289","I17",17,0,0,0,0,0
"E289","I18",18,1,1,0,0,0
"E289","I19",19,1,1,0,0,0
"E289","I20",20,1,1,0,0,0
"E289","I21",21,1,1,0,0,0
"E289","I22",22,1,1,0,0,0
"E289","I23",23,1,1,0,0,0
"E289","I24",24,1,1,0,0,0
"E289","I25",25,1,1,0,0,0
"E289","I26",26,1,1,0,0,0
"E289","I27",27,0,0,0,0,0
"E289","I28",28,1,1,0,0,0
"E289","I29",29,0,0,0,0,0
"E289","I30",30,1,1,0,0,0
"E289","I31",31,1,1,0,0,0
"E289","I32",32,0,0,0,0,0
"E289","I33",33,0,0,0,0,0
"E289","I34",34,0,0,0,0,0
"E289","I35",35,1,1,0,0,0
"E289","I36",36,1,1,0,0,0
"E289","I37",37,1,1,0,0,0
"E289","I38",38,1,1,0,0,0
"E289","I39",39,1,1,0,0,0
"E289","I40",40,1,1,0,0,0
"E290","I01",1,1,1,0,0,0
"E290","I02",2,0,0,0,0,0
"E290","I03",3,1,1,0,0,0
"E290","I04",4,0,0,0,0,0
"E290","I05",5,1,1,0,0,0
"E290","I06",6,1,1,0,0,0
"E290","I07",7,1,1,0,0,0
"E290","I08",8,1,1,0,0,0
"E290","I09",9,1,1,0,0,0
"E290","I10",10,0,0,0,0,0
"E290","I11",11,0,0,0,0,0
"E290","I12",12,0,0,0,0,0
"E290","I13",13,1,1,0,0,0
"E290","I14",14,1,1,0,0,0
"E290","I15",15,1,0,1,0,1
"E290","I16",16,0,0,0,0,0
"E290","I17",17,1,1,0,0,0
"E290","I18",18,1,1,0,0,0
"E290","I19",19,0,0,0,0,0
"E290","I20",20,0,1,1,1,0
"E290","I21",21,1,1,0,0,0
"E290","I22",22,0,0,0,0,0
"E290","I23",23,1,1,0,0,0
"E290","I24",24,0,0,0,0,0
"E290","I25",25,1,1,0,0,0
"E290","I26",26,0,0,0,0,0
"E290","I27",27,0,0,0,0,0
"E290","I28",28,1,1,0,0,0
"E290","I29",29,0,0,0,0,0
"E290","I30",30,0,0,0,0,0
"E290","I31",31,0,0,0,0,0
"E290","I32",32,0,0,0,0,0
"E290","I33",33,0,0,0,0,0
"E290","I34",34,0,0,0,0,0
"E290","I35",35,1,1,0,0,0
"E290","I36",36,0,0,0,0,0
"E290","I37",37,0,0,0,0,0
"E290","I38",38,0,0,0,0,0
"E290","I39",39,0,0,0,0,0
"E290","I40",40,0,0,0,0,0
"E291","I01",1,1,1,0,0,0
"E291","I02",2,1,1,0,0,0
"E291","I03",3,1,1,0,0,0
"E291","I04",4,1,1,0,0,0
"E291","I05",5,0,0,0,0,0
"E291","I06",6,1,1,0,0,0
"E291","I07",7,1,1,0,0,0
"E291","I08",8,1,1,0,0,0
"E291","I09",9,1,1,0,0,0
"E291","I10",10,1,1,0,0,0
"E291","I11",11,1,1,0,0,0
"E291","I12",12,1,1,0,0,0
"E291","I13",13,1,1,0,0,0
"E291","I14",14,0,0,0,0,0
"E291","I15",15,1,1,0,0,0
"E291","I16",16,0,0,0,0,0
"E291","I17",17,1,1,0,0,0
"E291","I18",18,1,1,0,0,0
"E291","I19",19,1,1,0,0,0
"E291","I20",20,1,1,0,0,0
"E291","I21",21,1,1,0,0,0
"E291","I22",22,0,0,0,0,0
"E291","I23",23,1,1,0,0,0
"E291","I24",24,1,1,0,0,0
"E291","I25",25,1,1,0,0,0
"E291","I26",26,0,0,0,0,0
"E291","I27",27,1,1,0,0,0
"E291","I28",28,1,1,0,0,0
"E291","I29",29,0,0,0,0,0
"E291","I30",30,1,1,0,0,0
"E291","I31",31,1,1,0,0,0
"E291","I32",32,0,0,0,0,0
"E291","I33",33,0,0,0,0,0
"E291","I34",34,1,1,0,0,0
"E291","I35",35,1,1,0,0,0
"E291","I36",36,1,1,0,0,0
"E291","I37",37,0,0,0,0,0
"E291","I38",38,0,0,0,0,0
"E291","I39",39,1,1,0,0,0
"E291","I40",40,0,0,0,0,0
"E292","I01",1,1,1,0,0,0
"E292","I02",2,0,0,0,0,0
"E292","I03",3,0,0,0,0,0
"E292","I04",4,0,0,0,0,0
"E292","I05",5,0,0,0,0,0
"E292","I06",6,1,1,0,0,0
"E292","I07",7,1,1,0,0,0
"E292","I08",8,1,1,0,0,0
"E292","I09",9,0,0,0,0,0
"E292","I10",10,0,0,0,0,0
"E292","I11",11,0,0,0,0,0
"E292","I12",12,1,1,0,0,0
"E292","I13",13,1,1,0,0,0
"E292","I14",14,0,0,0,0,0
"E292","I15",15,0,0,0,0,0
"E292","I16",16,1,1,0,0,0
"E292","I17",17,1,1,0,0,0
"E292","I18",18,1,1,0,0,0
"E292","I19",19,1,1,0,0,0
"E292","I20",20,1,1,0,0,0
"E292","I21",21,0,0,0,0,0
"E292","I22",22,1,1,0,0,0
"E292","I23",23,1,1,0,0,0
"E292","I24",24,1,1,0,0,0
"E292","I25",25,0,0,0,0,0
"E292","I26",26,0,0,0,0,0
"E292","I27",27,0,0,0,0,0
"E292","I28",28,1,1,0,0,0
"E292","I29",29,0,0,0,0,0
"E292","I30",30,0,0,0,0,0
"E292","I31",31,0,0,0,0,0
"E292","I32",32,0,0,0,0,0
"E292","I33",33,0,0,0,0,0
"E292","I34",34,1,1,0,0,0
"E292","I35",35,0,0,0,0,0
"E292","I36",36,1,1,0,0,0
"E292","I37",37,0,0,0,0,0
"E292","I38",38,0,0,0,0,0
"E292","I39",39,0,0,0,0,0
"E292","I40",40,0,0,0,0,0
"E293","I01",1,1,1,0,0,0
"E293","I02",2,1,1,0,0,0
"E293","I03",3,1,1,0,0,0
"E293","I04",4,1,1,0,0,0
"E293","I05",5,1,1,0,0,0
"E293","I06",6,1,1,0,0,0
"E293","I07",7,1,1,0,0,0
"E293","I08",8,1,1,0,0,0
"E293","I09",9,1,1,0,0,0
"E293","I10",10,1,1,0,0,0
"E293","I11",11,0,0,0,0,0
"E293","I12",12,1,1,0,0,0
"E293","I13",13,1,1,0,0,0
"E293","I14",14,1,1,0,0,0
"E293","I15",15,1,1,0,0,0
"E293","I16",16,1,1,0,0,0
"E293","I17",17,1,1,0,0,0
"E293","I18",18,0,0,0,0,0
"E293","I19",19,1,1,0,0,0
"E293","I20",20,1,1,0,0,0
"E293","I21",21,1,1,0,0,0
"E293","I22",22,1,1,0,0,0
"E293","I23",23,1,0,1,0,1
"E293","I24",24,1,1,0,0,0
"E293","I25",25,1,1,0,0,0
"E293","I26",26,1,1,0,0,0
"E293","I27",27,1,1,0,0,0
"E293","I28",28,1,1,0,0,0
"E293","I29",29,1,1,0,0,0
"E293","I30",30,0,0,0,0,0
"E293","I31",31,1,1,0,0,0
"E293","I32",32,0,0,0,0,0
"E293","I33",33,1,1,0,0,0
"E293","I34",34,1,1,0,0,0
"E293","I35",35,1,1,0,0,0
"E293","I36",36,1,1,0,0,0
"E293","I37",37,1,1,0,0,0
"E293","I38",38,1,1,0,0,0
"E293","I39",39,1,1,0,0,0
"E293","I40",40,0,0,0,0,0
"E294","I01",1,1,1,0,0,0
"E294","I02",2,0,0,0,0,0
"E294","I03",3,1,1,0,0,0
"E294","I04",4,1,1,0,0,0
"E294","I05",5,1,1,0,0,0
"E294","I06",6,0,1,1,1,0
"E294","I07",7,1,1,0,0,0
"E294","I08",8,1,1,0,0,0
"E294","I09",9,0,0,0,0,0
"E294","I10",10,0,0,0,0,0
"E294","I11",11,0,0,0,0,0
"E294","I12",12,1,1,0,0,0
"E294","I13",13,0,1,1,1,0
"E294","I14",14,0,0,0,0,0
"E294","I15",15,0,0,0,0,0
"E294","I16",16,0,0,0,0,0
"E294","I17",17,0,0,0,0,0
"E294","I18",18,1,1,0,0,0
"E294","I19",19,1,1,0,0,0
"E294","I20",20,0,0,0,0,0
"E294","I21",21,0,0,0,0,0
"E294","I22",22,0,1,1,1,0
"E294","I23",23,1,1,0,0,0
"E294","I24",24,1,1,0,0,0
"E294","I25",25,0,0,0,0,0
"E294","I26",26,1,1,0,0,0
"E294","I27",27,0,0,0,0,0
"E294","I28",28,1,1,0,0,0
"E294","I29",29,1,1,0,0,0
"E294","I30",30,1,1,0,0,0
"E294","I31",31,1,1,0,0,0
"E294","I32",32,1,1,0,0,0
"E294","I33",33,0,0,0,0,0
"E294","I34",34,0,0,0,0,0
"E294","I35",35,1,1,0,0,0
"E294","I36",36,1,1,0,0,0
"E294","I37",37,1,1,0,0,0
"E294","I38",38,1,1,0,0,0
"E294","I39",39,0,0,0,0,0
"E294","I40",40,0,0,0,0,0
"E295","I01",1,1,1,0,0,0
"E295","I02",2,1,1,0,0,0
"E295","I03",3,1,0,1,0,1
"E295","I04",4,0,0,0,0,0
"E295","I05",5,0,0,0,0,0
"E295","I06",6,1,1,0,0,0
"E295","I07",7,1,1,0,0,0
"E295","I08",8,0,0,0,0,0
"E295","I09",9,1,1,0,0,0
"E295","I10",10,0,0,0,0,0
"E295","I11",11,0,0,0,0,0
"E295","I12",12,1,1,0,0,0
"E295","I13",13,1,0,1,0,1
"E295","I14",14,0,0,0,0,0
"E295","I15",15,0,0,0,0,0
"E295","I16",16,1,1,0,0,0
"E295","I17",17,1,1,0,0,0
"E295","I18",18,0,0,0,0,0
"E295","I19",19,1,1,0,0,0
"E295","I20",20,1,1,0,0,0
"E295","I21",21,0,0,0,0,0
"E295","I22",22,0,0,0,0,0
"E295","I23",23,1,1,0,0,0
"E295","I24",24,0,0,0,0,0
"E295","I25",25,1,1,0,0,0
"E295","I26",26,0,0,0,0,0
"E295","I27",27,1,1,0,0,0
"E295","I28",28,0,0,0,0,0
"E295","I29",29,1,1,0,0,0
"E295","I30",30,0,0,0,0,0
"E295","I31",31,1,1,0,0,0
"E295","I32",32,0,0,0,0,0
"E295","I33",33,1,1,0,0,0
"E295","I34",34,0,0,0,0,0
"E295","I35",35,1,0,1,0,1
"E295","I36",36,0,0,0,0,0
"E295","I37",37,0,0,0,0,0
"E295","I38",38,0,0,0,0,0
"E295","I39",39,0,0,0,0,0
"E295","I40",40,0,0,0,0,0
"E296","I01",1,1,1,0,0,0
"E296","I02",2,1,1,0,0,0
"E296","I03",3,1,1,0,0,0
"E296","I04",4,1,1,0,0,0
"E296","I05",5,1,1,0,0,0
"E296","I06",6,1,1,0,0,0
"E296","I07",7,1,1,0,0,0
"E296","I08",8,0,0,0,0,0
"E296","I09",9,1,1,0,0,0
"E296","I10",10,1,1,0,0,0
"E296","I11",11,1,1,0,0,0
"E296","I12",12,1,1,0,0,0
"E296","I13",13,1,1,0,0,0
"E296","I14",14,1,1,0,0,0
"E296","I15",15,0,0,0,0,0
"E296","I16",16,1,1,0,0,0
"E296","I17",17,1,1,0,0,0
"E296","I18",18,0,0,0,0,0
"E296","I19",19,1,1,0,0,0
"E296","I20",20,1,1,0,0,0
"E296","I21",21,1,1,0,0,0
"E296","I22",22,1,1,0,0,0
"E296","I23",23,1,1,0,0,0
"E296","I24",24,1,1,0,0,0
"E296","I25",25,1,1,0,0,0
"E296","I26",26,1,1,0,0,0
"E296","I27",27,1,1,0,0,0
"E296","I28",28,1,1,0,0,0
"E296","I29",29,0,0,0,0,0
"E296","I30",30,1,1,0,0,0
"E296","I31",31,1,1,0,0,0
"E296","I32",32,1,1,0,0,0
"E296","I33",33,1,1,0,0,0
"E296","I34",34,0,0,0,0,0
"E296","I35",35,1,1,0,0,0
"E296","I36",36,0,0,0,0,0
"E296","I37",37,1,1,0,0,0
"E296","I38",38,1,1,0,0,0
"E296","I39",39,1,1,0,0,0
"E296","I40",40,1,1,0,0,0
"E297","I01",1,1,1,0,0,0
"E297","I02",2,1,1,0,0,0
"E297","I03",3,0,0,0,0,0
"E297","I04",4,1,1,0,0,0
"E297","I05",5,0,0,0,0,0
"E297","I06",6,1,1,0,0,0
"E297","I07",7,1,1,0,0,0
"E297","I08",8,0,0,0,0,0
"E297","I09",9,1,1,0,0,0
"E297","I10",10,0,0,0,0,0
"E297","I11",11,0,0,0,0,0
"E297","I12",12,0,0,0,0,0
"E297","I13",13,1,1,0,0,0
"E297","I14",14,1,1,0,0,0
"E297","I15",15,0,0,0,0,0
"E297","I16",16,0,0,0,0,0
"E297","I17",17,0,0,0,0,0
"E297","I18",18,1,1,0,0,0
"E297","I19",19,1,1,0,0,0
"E297","I20",20,1,1,0,0,0
"E297","I21",21,0,0,0,0,0
"E297","I22",22,1,1,0,0,0
"E297","I23",23,0,0,0,0,0
"E297","I24",24,1,1,0,0,0
"E297","I25",25,0,0,0,0,0
"E297","I26",26,1,1,0,0,0
"E297","I27",27,0,0,0,0,0
"E297","I28",28,0,0,0,0,0
"E297","I29",29,0,0,0,0,0
"E297","I30",30,0,0,0,0,0
"E297","I31",31,0,0,0,0,0
"E297","I32",32,0,0,0,0,0
"E297","I33",33,0,0,0,0,0
"E297","I34",34,0,0,0,0,0
"E297","I35",35,0,0,0,0,0
"E297","I36",36,1,1,0,0,0
"E297","I37",37,0,0,0,0,0
"E297","I38",38,1,1,0,0,0
"E297","I39",39,0,0,0,0,0
"E297","I40",40,0,0,0,0,0
"E298","I01",1,1,1,0,0,0
"E298","I02",2,0,0,0,0,0
"E298","I03",3,0,0,0,0,0
"E298","I04",4,1,1,0,0,0
"E298","I05",5,1,1,0,0,0
"E298","I06",6,1,1,0,0,0
"E298","I07",7,1,1,0,0,0
"E298","I08",8,0,0,0,0,0
"E298","I09",9,1,1,0,0,0
"E298","I10",10,1,1,0,0,0
"E298","I11",11,0,0,0,0,0
"E298","I12",12,0,0,0,0,0
"E298","I13",13,1,1,0,0,0
"E298","I14",14,1,1,0,0,0
"E298","I15",15,0,0,0,0,0
"E298","I16",16,1,1,0,0,0
"E298","I17",17,0,0,0,0,0
"E298","I18",18,0,0,0,0,0
"E298","I19",19,1,1,0,0,0
"E298","I20",20,1,1,0,0,0
"E298","I21",21,0,0,0,0,0
"E298","I22",22,1,1,0,0,0
"E298","I23",23,1,1,0,0,0
"E298","I24",24,1,1,0,0,0
"E298","I25",25,1,1,0,0,0
"E298","I26",26,0,0,0,0,0
"E298","I27",27,0,0,0,0,0
"E298","I28",28,1,1,0,0,0
"E298","I29",29,1,0,1,0,1
"E298","I30",30,0,0,0,0,0
"E298","I31",31,1,1,0,0,0
"E298","I32",32,1,1,0,0,0
"E298","I33",33,0,1,1,1,0
"E298","I34",34,0,0,0,0,0
"E298","I35",35,0,0,0,0,0
"E298","I36",36,0,0,0,0,0
"E298","I37",37,1,1,0,0,0
"E298","I38",38,0,0,0,0,0
"E298","I39",39,1,1,0,0,0
"E298","I40",40,0,0,0,0,0
"E299","I01",1,1,1,0,0,0
"E299","I02",2,1,1,0,0,0
"E299","I03",3,1,1,0,0,0
"E299","I04",4,0,1,1,1,0
"E299","I05",5,1,1,0,0,0
"E299","I06",6,1,1,0,0,0
"E299","I07",7,0,0,0,0,0
"E299","I08",8,1,1,0,0,0
"E299","I09",9,1,1,0,0,0
"E299","I10",10,0,0,0,0,0
"E299","I11",11,0,0,0,0,0
"E299","I12",12,0,0,0,0,0
"E299","I13",13,0,0,0,0,0
"E299","I14",14,0,0,0,0,0
"E299","I15",15,0,0,0,0,0
"E299","I16",16,1,1,0,0,0
"E299","I17",17,1,1,0,0,0
"E299","I18",18,1,1,0,0,0
"E299","I19",19,1,1,0,0,0
"E299","I20",20,1,1,0,0,0
"E299","I21",21,0,0,0,0,0
"E299","I22",22,1,1,0,0,0
"E299","I23",23,1,1,0,0,0
"E299","I24",24,1,1,0,0,0
"E299","I25",25,0,1,1,1,0
"E299","I26",26,1,1,0,0,0
"E299","I27",27,1,1,0,0,0
"E299","I28",28,0,0,0,0,0
"E299","I29",29,1,1,0,0,0
"E299","I30",30,0,0,0,0,0
"E299","I31",31,0,0,0,0,0
"E299","I32",32,1,1,0,0,0
"E299","I33",33,0,0,0,0,0
"E299","I34",34,0,0,0,0,0
"E299","I35",35,1,1,0,0,0
"E299","I36",36,1,1,0,0,0
"E299","I37",37,1,1,0,0,0
"E299","I38",38,1,1,0,0,0
"E299","I39",39,0,0,0,0,0
"E299","I40",40,1,0,1,0,1
"E300","I01",1,1,1,0,0,0
"E300","I02",2,1,1,0,0,0
"E300","I03",3,0,0,0,0,0
"E300","I04",4,1,1,0,0,0
"E300","I05",5,0,0,0,0,0
"E300","I06",6,1,1,0,0,0
"E300","I07",7,1,1,0,0,0
"E300","I08",8,0,0,0,0,0
"E300","I09",9,1,1,0,0,0
"E300","I10",10,0,0,0,0,0
"E300","I11",11,0,0,0,0,0
"E300","I12",12,0,0,0,0,0
"E300","I13",13,0,0,0,0,0
"E300","I14",14,1,1,0,0,0
"E300","I15",15,0,0,0,0,0
"E300","I16",16,1,1,0,0,0
"E300","I17",17,1,1,0,0,0
"E300","I18",18,1,0,1,0,1
"E300","I19",19,1,1,0,0,0
"E300","I20",20,0,0,0,0,0
"E300","I21",21,1,0,1,0,1
"E300","I22",22,0,0,0,0,0
"E300","I23",23,1,1,0,0,0
"E300","I24",24,0,0,0,0,0
"E300","I25",25,1,1,0,0,0
"E300","I26",26,0,0,0,0,0
"E300","I27",27,0,0,0,0,0
"E300","I28",28,1,1,0,0,0
"E300","I29",29,1,1,0,0,0
"E300","I30",30,1,1,0,0,0
"E300","I31",31,0,0,0,0,0
"E300","I32",32,0,0,0,0,0
"E300","I33",33,1,0,1,0,1
"E300","I34",34,0,0,0,0,0
"E300","I35",35,0,0,0,0,0
"E300","I36",36,1,1,0,0,0
"E300","I37",37,0,0,0,0,0
"E300","I38",38,1,1,0,0,0
"E300","I39",39,0,0,0,0,0
"E300","I40",40,1,1,0,0,0
"E301","I01",1,0,0,0,0,0
"E301","I02",2,1,0,1,0,1
"E301","I03",3,0,0,0,0,0
"E301","I04",4,0,1,1,1,0
"E301","I05",5,0,0,0,0,0
"E301","I06",6,1,1,0,0,0
"E301","I07",7,1,1,0,0,0
"E301","I08",8,1,1,0,0,0
"E301","I09",9,0,0,0,0,0
"E301","I10",10,1,1,0,0,0
"E301","I11",11,0,0,0,0,0
"E301","I12",12,1,1,0,0,0
"E301","I13",13,1,1,0,0,0
"E301","I14",14,0,0,0,0,0
"E301","I15",15,0,0,0,0,0
"E301","I16",16,1,1,0,0,0
"E301","I17",17,1,1,0,0,0
"E301","I18",18,0,0,0,0,0
"E301","I19",19,1,1,0,0,0
"E301","I20",20,1,1,0,0,0
"E301","I21",21,0,0,0,0,0
"E301","I22",22,1,1,0,0,0
"E301","I23",23,1,0,1,0,1
"E301","I24",24,0,0,0,0,0
"E301","I25",25,1,1,0,0,0
"E301","I26",26,1,1,0,0,0
"E301","I27",27,1,1,0,0,0
"E301","I28",28,0,0,0,0,0
"E301","I29",29,0,0,0,0,0
"E301","I30",30,0,0,0,0,0
"E301","I31",31,1,1,0,0,0
"E301","I32",32,1,1,0,0,0
"E301","I33",33,0,0,0,0,0
"E301","I34",34,0,0,0,0,0
"E301","I35",35,1,1,0,0,0
"E301","I36",36,0,0,0,0,0
"E301","I37",37,0,0,0,0,0
"E301","I38",38,0,0,0,0,0
"E301","I39",39,0,0,0,0,0
"E301","I40",40,0,0,0,0,0
"E302","I01",1,1,1,0,0,0
"E302","I02",2,1,1,0,0,0
"E302","I03",3,0,0,0,0,0
"E302","I04",4,1,1,0,0,0
"E302","I05",5,1,1,0,0,0
"E302","I06",6,0,0,0,0,0
"E302","I07",7,0,0,0,0,0
"E302","I08",8,0,0,0,0,0
"E302","I09",9,0,0,0,0,0
"E302","I10",10,1,1,0,0,0
"E302","I11",11,0,0,0,0,0
"E302","I12",12,0,0,0,0,0
"E302","I13",13,0,0,0,0,0
"E302","I14",14,1,1,0,0,0
"E302","I15",15,0,0,0,0,0
"E302","I16",16,1,1,0,0,0
"E302","I17",17,1,1,0,0,0
"E302","I18",18,1,1,0,0,0
"E302","I19",19,1,1,0,0,0
"E302","I20",20,1,1,0,0,0
"E302","I21",21,0,0,0,0,0
"E302","I22",22,0,0,0,0,0
"E302","I23",23,1,1,0,0,0
"E302","I24",24,0,0,0,0,0
"E302","I25",25,0,0,0,0,0
"E302","I26",26,1,1,0,0,0
"E302","I27",27,1,1,0,0,0
"E302","I28",28,1,1,0,0,0
"E302","I29",29,0,0,0,0,0
"E302","I30",30,0,0,0,0,0
"E302","I31",31,0,0,0,0,0
"E302","I32",32,0,0,0,0,0
"E302","I33",33,0,0,0,0,0
"E302","I34",34,0,0,0,0,0
"E302","I35",35,0,0,0,0,0
"E302","I36",36,1,1,0,0,0
"E302","I37",37,0,0,0,0,0
"E302","I38",38,1,1,0,0,0
"E302","I39",39,0,0,0,0,0
"E302","I40",40,0,0,0,0,0
"E303","I01",1,0,0,0,0,0
"E303","I02",2,0,0,0,0,0
"E303","I03",3,0,0,0,0,0
"E303","I04",4,0,0,0,0,0
"E303","I05",5,0,0,0,0,0
"E303","I06",6,0,0,0,0,0
"E303","I07",7,0,0,0,0,0
"E303","I08",8,0,0,0,0,0
"E303","I09",9,1,1,0,0,0
"E303","I10",10,0,0,0,0,0
"E303","I11",11,0,0,0,0,0
"E303","I12",12,1,1,0,0,0
"E303","I13",13,0,0,0,0,0
"E303","I14",14,1,1,0,0,0
"E303","I15",15,0,0,0,0,0
"E303","I16",16,1,1,0,0,0
"E303","I17",17,0,0,0,0,0
"E303","I18",18,0,0,0,0,0
"E303","I19",19,0,0,0,0,0
"E303","I20",20,1,1,0,0,0
"E303","I21",21,0,0,0,0,0
"E303","I22",22,0,0,0,0,0
"E303","I23",23,1,1,0,0,0
"E303","I24",24,1,1,0,0,0
"E303","I25",25,1,1,0,0,0
"E303","I26",26,0,0,0,0,0
"E303","I27",27,0,0,0,0,0
"E303","I28",28,0,0,0,0,0
"E303","I29",29,0,0,0,0,0
"E303","I30",30,0,0,0,0,0
"E303","I31",31,0,0,0,0,0
"E303","I32",32,0,0,0,0,0
"E303","I33",33,0,0,0,0,0
"E303","I34",34,0,0,0,0,0
"E303","I35",35,1,1,0,0,0
"E303","I36",36,1,1,0,0,0
"E303","I37",37,0,0,0,0,0
"E303","I38",38,1,1,0,0,0
"E303","I39",39,0,0,0,0,0
"E303","I40",40,0,0,0,0,0
"E304","I01",1,1,1,0,0,0
"E304","I02",2,0,0,0,0,0
"E304","I03",3,1,1,0,0,0
"E304","I04",4,1,1,0,0,0
"E304","I05",5,1,1,0,0,0
"E304","I06",6,0,0,0,0,0
"E304","I07",7,1,1,0,0,0
"E304","I08",8,0,0,0,0,0
"E304","I09",9,1,1,0,0,0
"E304","I10",10,0,0,0,0,0
"E304","I11",11,0,0,0,0,0
"E304","I12",12,1,1,0,0,0
"E304","I13",13,0,0,0,0,0
"E304","I14",14,0,0,0,0,0
"E304","I15",15,0,0,0,0,0
"E304","I16",16,1,1,0,0,0
"E304","I17",17,0,0,0,0,0
"E304","I18",18,1,1,0,0,0
"E304","I19",19,1,1,0,0,0
"E304","I20",20,1,1,0,0,0
"E304","I21",21,0,0,0,0,0
"E304","I22",22,1,1,0,0,0
"E304","I23",23,1,1,0,0,0
"E304","I24",24,0,0,0,0,0
"E304","I25",25,1,1,0,0,0
"E304","I26",26,1,1,0,0,0
"E304","I27",27,1,1,0,0,0
"E304","I28",28,1,1,0,0,0
"E304","I29",29,1,1,0,0,0
"E304","I30",30,1,1,0,0,0
"E304","I31",31,0,0,0,0,0
"E304","I32",32,1,1,0,0,0
"E304","I33",33,1,1,0,0,0
"E304","I34",34,0,0,0,0,0
"E304","I35",35,1,1,0,0,0
"E304","I36",36,1,1,0,0,0
"E304","I37",37,1,1,0,0,0
"E304","I38",38,1,1,0,0,0
"E304","I39",39,0,0,0,0,0
"E304","I40",40,1,1,0,0,0
"E305","I01",1,1,1,0,0,0
"E305","I02",2,1,1,0,0,0
"E305","I03",3,0,0,0,0,0
"E305","I04",4,0,0,0,0,0
"E305","I05",5,0,0,0,0,0
"E305","I06",6,0,0,0,0,0
"E305","I07",7,0,0,0,0,0
"E305","I08",8,0,0,0,0,0
"E305","I09",9,0,0,0,0,0
"E305","I10",10,0,0,0,0,0
"E305","I11",11,0,0,0,0,0
"E305","I12",12,0,0,0,0,0
"E305","I13",13,0,0,0,0,0
"E305","I14",14,0,0,0,0,0
"E305","I15",15,0,0,0,0,0
"E305","I16",16,1,1,0,0,0
"E305","I17",17,0,0,0,0,0
"E305","I18",18,0,0,0,0,0
"E305","I19",19,0,0,0,0,0
"E305","I20",20,1,1,0,0,0
"E305","I21",21,0,0,0,0,0
"E305","I22",22,1,1,0,0,0
"E305","I23",23,0,0,0,0,0
"E305","I24",24,0,0,0,0,0
"E305","I25",25,0,0,0,0,0
"E305","I26",26,0,0,0,0,0
"E305","I27",27,0,0,0,0,0
"E305","I28",28,0,0,0,0,0
"E305","I29",29,1,1,0,0,0
"E305","I30",30,1,1,0,0,0
"E305","I31",31,0,0,0,0,0
"E305","I32",32,0,0,0,0,0
"E305","I33",33,0,0,0,0,0
"E305","I34",34,0,0,0,0,0
"E305","I35",35,0,0,0,0,0
"E305","I36",36,0,0,0,0,0
"E305","I37",37,0,0,0,0,0
"E305","I38",38,0,0,0,0,0
"E305","I39",39,0,0,0,0,0
"E305","I40",40,0,0,0,0,0
"E306","I01",1,1,1,0,0,0
"E306","I02",2,0,0,0,0,0
"E306","I03",3,1,1,0,0,0
"E306","I04",4,1,1,0,0,0
"E306","I05",5,0,0,0,0,0
"E306","I06",6,0,0,0,0,0
"E306","I07",7,0,0,0,0,0
"E306","I08",8,0,0,0,0,0
"E306","I09",9,0,0,0,0,0
"E306","I10",10,1,1,0,0,0
"E306","I11",11,0,0,0,0,0
"E306","I12",12,1,1,0,0,0
"E306","I13",13,1,0,1,0,1
"E306","I14",14,0,0,0,0,0
"E306","I15",15,1,1,0,0,0
"E306","I16",16,0,0,0,0,0
"E306","I17",17,0,0,0,0,0
"E306","I18",18,0,0,0,0,0
"E306","I19",19,0,0,0,0,0
"E306","I20",20,1,1,0,0,0
"E306","I21",21,0,0,0,0,0
"E306","I22",22,0,0,0,0,0
"E306","I23",23,0,0,0,0,0
"E306","I24",24,0,0,0,0,0
"E306","I25",25,1,1,0,0,0
"E306","I26",26,1,1,0,0,0
"E306","I27",27,0,0,0,0,0
"E306","I28",28,1,1,0,0,0
"E306","I29",29,0,0,0,0,0
"E306","I30",30,0,1,1,1,0
"E306","I31",31,0,0,0,0,0
"E306","I32",32,0,0,0,0,0
"E306","I33",33,0,0,0,0,0
"E306","I34",34,0,0,0,0,0
"E306","I35",35,0,1,1,1,0
"E306","I36",36,1,1,0,0,0
"E306","I37",37,0,0,0,0,0
"E306","I38",38,1,1,0,0,0
"E306","I39",39,0,0,0,0,0
"E306","I40",40,0,0,0,0,0
"E307","I01",1,1,1,0,0,0
"E307","I02",2,0,0,0,0,0
"E307","I03",3,0,0,0,0,0
"E307","I04",4,1,1,0,0,0
"E307","I05",5,1,1,0,0,0
"E307","I06",6,1,1,0,0,0
"E307","I07",7,0,0,0,0,0
"E307","I08",8,1,1,0,0,0
"E307","I09",9,0,0,0,0,0
"E307","I10",10,0,0,0,0,0
"E307","I11",11,0,0,0,0,0
"E307","I12",12,1,1,0,0,0
"E307","I13",13,0,0,0,0,0
"E307","I14",14,0,0,0,0,0
"E307","I15",15,0,0,0,0,0
"E307","I16",16,0,0,0,0,0
"E307","I17",17,0,0,0,0,0
"E307","I18",18,0,0,0,0,0
"E307","I19",19,0,0,0,0,0
"E307","I20",20,1,1,0,0,0
"E307","I21",21,1,1,0,0,0
"E307","I22",22,0,0,0,0,0
"E307","I23",23,0,0,0,0,0
"E307","I24",24,1,1,0,0,0
"E307","I25",25,1,1,0,0,0
"E307","I26",26,0,0,0,0,0
"E307","I27",27,1,1,0,0,0
"E307","I28",28,1,1,0,0,0
"E307","I29",29,1,1,0,0,0
"E307","I30",30,0,0,0,0,0
"E307","I31",31,0,0,0,0,0
"E307","I32",32,1,1,0,0,0
"E307","I33",33,0,0,0,0,0
"E307","I34",34,0,0,0,0,0
"E307","I35",35,0,0,0,0,0
"E307","I36",36,1,1,0,0,0
"E307","I37",37,1,1,0,0,0
"E307","I38",38,0,0,0,0,0
"E307","I39",39,1,1,0,0,0
"E307","I40",40,0,0,0,0,0
"E308","I01",1,0,1,1,1,0
"E308","I02",2,0,0,0,0,0
"E308","I03",3,1,1,0,0,0
"E308","I04",4,1,1,0,0,0
"E308","I05",5,1,1,0,0,0
"E308","I06",6,0,0,0,0,0
"E308","I07",7,1,1,0,0,0
"E308","I08",8,1,1,0,0,0
"E308","I09",9,0,0,0,0,0
"E308","I10",10,1,1,0,0,0
"E308","I11",11,1,1,0,0,0
"E308","I12",12,1,1,0,0,0
"E308","I13",13,0,0,0,0,0
"E308","I14",14,0,0,0,0,0
"E308","I15",15,1,1,0,0,0
"E308","I16",16,0,1,1,1,0
"E308","I17",17,1,1,0,0,0
"E308","I18",18,1,1,0,0,0
"E308","I19",19,1,1,0,0,0
"E308","I20",20,1,1,0,0,0
"E308","I21",21,1,1,0,0,0
"E308","I22",22,1,1,0,0,0
"E308","I23",23,1,1,0,0,0
"E308","I24",24,1,1,0,0,0
"E308","I25",25,1,1,0,0,0
"E308","I26",26,1,1,0,0,0
"E308","I27",27,1,1,0,0,0
"E308","I28",28,1,1,0,0,0
"E308","I29",29,0,0,0,0,0
"E308","I30",30,1,1,0,0,0
"E308","I31",31,1,1,0,0,0
"E308","I32",32,1,1,0,0,0
"E308","I33",33,1,1,0,0,0
"E308","I34",34,0,0,0,0,0
"E308","I35",35,1,1,0,0,0
"E308","I36",36,1,1,0,0,0
"E308","I37",37,1,1,0,0,0
"E308","I38",38,1,1,0,0,0
"E308","I39",39,1,1,0,0,0
"E308","I40",40,0,0,0,0,0
"E309","I01",1,1,1,0,0,0
"E309","I02",2,0,0,0,0,0
"E309","I03",3,1,1,0,0,0
"E309","I04",4,1,1,0,0,0
"E309","I05",5,0,0,0,0,0
"E309","I06",6,0,0,0,0,0
"E309","I07",7,1,1,0,0,0
"E309","I08",8,1,1,0,0,0
"E309","I09",9,0,0,0,0,0
"E309","I10",10,0,0,0,0,0
"E309","I11",11,1,1,0,0,0
"E309","I12",12,1,1,0,0,0
"E309","I13",13,1,1,0,0,0
"E309","I14",14,0,0,0,0,0
"E309","I15",15,1,1,0,0,0
"E309","I16",16,1,1,0,0,0
"E309","I17",17,0,0,0,0,0
"E309","I18",18,0,0,0,0,0
"E309","I19",19,1,1,0,0,0
"E309","I20",20,1,1,0,0,0
"E309","I21",21,1,1,0,0,0
"E309","I22",22,0,0,0,0,0
"E309","I23",23,1,1,0,0,0
"E309","I24",24,1,1,0,0,0
"E309","I25",25,1,1,0,0,0
"E309","I26",26,1,1,0,0,0
"E309","I27",27,1,1,0,0,0
"E309","I28",28,1,1,0,0,0
"E309","I29",29,0,0,0,0,0
"E309","I30",30,1,1,0,0,0
"E309","I31",31,0,0,0,0,0
"E309","I32",32,1,1,0,0,0
"E309","I33",33,0,0,0,0,0
"E309","I34",34,0,0,0,0,0
"E309","I35",35,1,1,0,0,0
"E309","I36",36,1,1,0,0,0
"E309","I37",37,1,1,0,0,0
"E309","I38",38,0,0,0,0,0
"E309","I39",39,0,0,0,0,0
"E309","I40",40,0,1,1,1,0
"E310","I01",1,1,1,0,0,0
"E310","I02",2,0,0,0,0,0
"E310","I03",3,1,1,0,0,0
"E310","I04",4,1,1,0,0,0
"E310","I05",5,1,1,0,0,0
"E310","I06",6,1,1,0,0,0
"E310","I07",7,1,1,0,0,0
"E310","I08",8,1,1,0,0,0
"E310","I09",9,1,1,0,0,0
"E310","I10",10,0,0,0,0,0
"E310","I11",11,0,0,0,0,0
"E310","I12",12,1,1,0,0,0
"E310","I13",13,0,0,0,0,0
"E310","I14",14,0,0,0,0,0
"E310","I15",15,1,1,0,0,0
"E310","I16",16,1,1,0,0,0
"E310","I17",17,1,1,0,0,0
"E310","I18",18,1,1,0,0,0
"E310","I19",19,0,0,0,0,0
"E310","I20",20,1,1,0,0,0
"E310","I21",21,0,0,0,0,0
"E310","I22",22,0,0,0,0,0
"E310","I23",23,0,0,0,0,0
"E310","I24",24,0,0,0,0,0
"E310","I25",25,1,1,0,0,0
"E310","I26",26,1,1,0,0,0
"E310","I27",27,1,1,0,0,0
"E310","I28",28,1,1,0,0,0
"E310","I29",29,0,1,1,1,0
"E310","I30",30,1,1,0,0,0
"E310","I31",31,1,1,0,0,0
"E310","I32",32,1,1,0,0,0
"E310","I33",33,0,0,0,0,0
"E310","I34",34,0,0,0,0,0
"E310","I35",35,0,0,0,0,0
"E310","I36",36,1,1,0,0,0
"E310","I37",37,0,0,0,0,0
"E310","I38",38,1,1,0,0,0
"E310","I39",39,1,1,0,0,0
"E310","I40",40,0,0,0,0,0
"E311","I01",1,1,1,0,0,0
"E311","I02",2,1,0,1,0,1
"E311","I03",3,0,0,0,0,0
"E311","I04",4,1,1,0,0,0
"E311","I05",5,0,0,0,0,0
"E311","I06",6,1,1,0,0,0
"E311","I07",7,0,0,0,0,0
"E311","I08",8,1,1,0,0,0
"E311","I09",9,0,0,0,0,0
"E311","I10",10,0,0,0,0,0
"E311","I11",11,0,0,0,0,0
"E311","I12",12,1,1,0,0,0
"E311","I13",13,1,1,0,0,0
"E311","I14",14,0,0,0,0,0
"E311","I15",15,0,0,0,0,0
"E311","I16",16,1,1,0,0,0
"E311","I17",17,0,0,0,0,0
"E311","I18",18,0,0,0,0,0
"E311","I19",19,0,0,0,0,0
"E311","I20",20,0,0,0,0,0
"E311","I21",21,0,0,0,0,0
"E311","I22",22,0,0,0,0,0
"E311","I23",23,1,1,0,0,0
"E311","I24",24,1,0,1,0,1
"E311","I25",25,1,1,0,0,0
"E311","I26",26,1,1,0,0,0
"E311","I27",27,0,0,0,0,0
"E311","I28",28,1,1,0,0,0
"E311","I29",29,0,0,0,0,0
"E311","I30",30,0,0,0,0,0
"E311","I31",31,1,1,0,0,0
"E311","I32",32,0,0,0,0,0
"E311","I33",33,0,0,0,0,0
"E311","I34",34,0,0,0,0,0
"E311","I35",35,0,0,0,0,0
"E311","I36",36,1,1,0,0,0
"E311","I37",37,1,1,0,0,0
"E311","I38",38,1,0,1,0,1
"E311","I39",39,0,0,0,0,0
"E311","I40",40,0,0,0,0,0
"E312","I01",1,1,1,0,0,0
"E312","I02",2,0,0,0,0,0
"E312","I03",3,0,0,0,0,0
"E312","I04",4,0,0,0,0,0
"E312","I05",5,0,0,0,0,0
"E312","I06",6,1,1,0,0,0
"E312","I07",7,0,0,0,0,0
"E312","I08",8,0,0,0,0,0
"E312","I09",9,1,1,0,0,0
"E312","I10",10,1,1,0,0,0
"E312","I11",11,0,0,0,0,0
"E312","I12",12,1,1,0,0,0
"E312","I13",13,1,1,0,0,0
"E312","I14",14,0,0,0,0,0
"E312","I15",15,0,0,0,0,0
"E312","I16",16,1,1,0,0,0
"E312","I17",17,0,0,0,0,0
"E312","I18",18,0,0,0,0,0
"E312","I19",19,1,1,0,0,0
"E312","I20",20,1,1,0,0,0
"E312","I21",21,0,0,0,0,0
"E312","I22",22,0,0,0,0,0
"E312","I23",23,0,0,0,0,0
"E312","I24",24,1,1,0,0,0
"E312","I25",25,0,0,0,0,0
"E312","I26",26,1,1,0,0,0
"E312","I27",27,0,0,0,0,0
"E312","I28",28,1,1,0,0,0
"E312","I29",29,1,1,0,0,0
"E312","I30",30,0,0,0,0,0
"E312","I31",31,0,0,0,0,0
"E312","I32",32,1,1,0,0,0
"E312","I33",33,0,0,0,0,0
"E312","I34",34,0,0,0,0,0
"E312","I35",35,0,0,0,0,0
"E312","I36",36,1,1,0,0,0
"E312","I37",37,0,0,0,0,0
"E312","I38",38,1,0,1,0,1
"E312","I39",39,0,0,0,0,0
"E312","I40",40,0,0,0,0,0
"E313","I01",1,1,1,0,0,0
"E313","I02",2,1,1,0,0,0
"E313","I03",3,1,1,0,0,0
"E313","I04",4,1,1,0,0,0
"E313","I05",5,1,1,0,0,0
"E313","I06",6,0,0,0,0,0
"E313","I07",7,1,1,0,0,0
"E313","I08",8,1,1,0,0,0
"E313","I09",9,1,1,0,0,0
"E313","I10",10,1,1,0,0,0
"E313","I11",11,0,0,0,0,0
"E313","I12",12,1,1,0,0,0
"E313","I13",13,1,1,0,0,0
"E313","I14",14,1,1,0,0,0
"E313","I15",15,1,1,0,0,0
"E313","I16",16,1,1,0,0,0
"E313","I17",17,1,1,0,0,0
"E313","I18",18,1,1,0,0,0
"E313","I19",19,1,1,0,0,0
"E313","I20",20,1,1,0,0,0
"E313","I21",21,0,0,0,0,0
"E313","I22",22,0,0,0,0,0
"E313","I23",23,0,0,0,0,0
"E313","I24",24,1,1,0,0,0
"E313","I25",25,1,1,0,0,0
"E313","I26",26,0,0,0,0,0
"E313","I27",27,0,0,0,0,0
"E313","I28",28,1,1,0,0,0
"E313","I29",29,1,1,0,0,0
"E313","I30",30,0,0,0,0,0
"E313","I31",31,1,1,0,0,0
"E313","I32",32,1,1,0,0,0
"E313","I33",33,1,1,0,0,0
"E313","I34",34,1,1,0,0,0
"E313","I35",35,1,1,0,0,0
"E313","I36",36,0,0,0,0,0
"E313","I37",37,1,1,0,0,0
"E313","I38",38,1,1,0,0,0
"E313","I39",39,1,1,0,0,0
"E313","I40",40,1,1,0,0,0
"E314","I01",1,1,1,0,0,0
"E314","I02",2,0,0,0,0,0
"E314","I03",3,1,1,0,0,0
"E314","I04",4,1,1,0,0,0
"E314","I05",5,1,1,0,0,0
"E314","I06",6,1,1,0,0,0
"E314","I07",7,1,1,0,0,0
"E314","I08",8,1,1,0,0,0
"E314","I09",9,0,0,0,0,0
"E314","I10",10,1,1,0,0,0
"E314","I11",11,1,0,1,0,1
"E314","I12",12,1,1,0,0,0
"E314","I13",13,1,1,0,0,0
"E314","I14",14,1,1,0,0,0
"E314","I15",15,1,1,0,0,0
"E314","I16",16,1,1,0,0,0
"E314","I17",17,1,1,0,0,0
"E314","I18",18,1,1,0,0,0
"E314","I19",19,0,0,0,0,0
"E314","I20",20,1,1,0,0,0
"E314","I21",21,0,1,1,1,0
"E314","I22",22,1,1,0,0,0
"E314","I23",23,1,1,0,0,0
"E314","I24",24,0,0,0,0,0
"E314","I25",25,0,0,0,0,0
"E314","I26",26,1,1,0,0,0
"E314","I27",27,1,1,0,0,0
"E314","I28",28,1,1,0,0,0
"E314","I29",29,1,1,0,0,0
"E314","I30",30,1,1,0,0,0
"E314","I31",31,0,0,0,0,0
"E314","I32",32,0,1,1,1,0
"E314","I33",33,0,0,0,0,0
"E314","I34",34,1,1,0,0,0
"E314","I35",35,1,1,0,0,0
"E314","I36",36,1,1,0,0,0
"E314","I37",37,1,1,0,0,0
"E314","I38",38,1,1,0,0,0
"E314","I39",39,0,0,0,0,0
"E314","I40",40,1,1,0,0,0
"E315","I01",1,1,1,0,0,0
"E315","I02",2,0,0,0,0,0
"E315","I03",3,0,0,0,0,0
"E315","I04",4,0,0,0,0,0
"E315","I05",5,1,1,0,0,0
"E315","I06",6,1,1,0,0,0
"E315","I07",7,0,0,0,0,0
"E315","I08",8,0,0,0,0,0
"E315","I09",9,0,0,0,0,0
"E315","I10",10,0,0,0,0,0
"E315","I11",11,0,0,0,0,0
"E315","I12",12,1,1,0,0,0
"E315","I13",13,0,0,0,0,0
"E315","I14",14,0,0,0,0,0
"E315","I15",15,0,0,0,0,0
"E315","I16",16,1,1,0,0,0
"E315","I17",17,0,0,0,0,0
"E315","I18",18,0,0,0,0,0
"E315","I19",19,0,1,1,1,0
"E315","I20",20,0,0,0,0,0
"E315","I21",21,0,0,0,0,0
"E315","I22",22,0,0,0,0,0
"E315","I23",23,0,0,0,0,0
"E315","I24",24,0,0,0,0,0
"E315","I25",25,0,0,0,0,0
"E315","I26",26,0,0,0,0,0
"E315","I27",27,0,0,0,0,0
"E315","I28",28,1,1,0,0,0
"E315","I29",29,0,0,0,0,0
"E315","I30",30,0,0,0,0,0
"E315","I31",31,0,0,0,0,0
"E315","I32",32,0,0,0,0,0
"E315","I33",33,0,0,0,0,0
"E315","I34",34,0,0,0,0,0
"E315","I35",35,1,1,0,0,0
"E315","I36",36,1,0,1,0,1
"E315","I37",37,0,0,0,0,0
"E315","I38",38,0,0,0,0,0
"E315","I39",39,0,0,0,0,0
"E315","I40",40,0,0,0,0,0
"E316","I01",1,1,0,1,0,1
"E316","I02",2,0,0,0,0,0
"E316","I03",3,0,0,0,0,0
"E316","I04",4,0,0,0,0,0
"E316","I05",5,0,0,0,0,0
"E316","I06",6,0,0,0,0,0
"E316","I07",7,1,1,0,0,0
"E316","I08",8,0,0,0,0,0
"E316","I09",9,0,0,0,0,0
"E316","I10",10,0,0,0,0,0
"E316","I11",11,0,0,0,0,0
"E316","I12",12,0,0,0,0,0
"E316","I13",13,0,0,0,0,0
"E316","I14",14,0,0,0,0,0
"E316","I15",15,0,0,0,0,0
"E316","I16",16,0,0,0,0,0
"E316","I17",17,0,0,0,0,0
"E316","I18",18,0,0,0,0,0
"E316","I19",19,1,1,0,0,0
"E316","I20",20,0,0,0,0,0
"E316","I21",21,0,0,0,0,0
"E316","I22",22,0,0,0,0,0
"E316","I23",23,0,0,0,0,0
"E316","I24",24,0,0,0,0,0
"E316","I25",25,0,0,0,0,0
"E316","I26",26,0,0,0,0,0
"E316","I27",27,0,0,0,0,0
"E316","I28",28,0,0,0,0,0
"E316","I29",29,1,1,0,0,0
"E316","I30",30,0,0,0,0,0
"E316","I31",31,0,0,0,0,0
"E316","I32",32,0,0,0,0,0
"E316","I33",33,0,0,0,0,0
"E316","I34",34,0,0,0,0,0
"E316","I35",35,0,0,0,0,0
"E316","I36",36,0,0,0,0,0
"E316","I37",37,0,0,0,0,0
"E316","I38",38,0,0,0,0,0
"E316","I39",39,0,0,0,0,0
"E316","I40",40,1,0,1,0,1
"E317","I01",1,0,0,0,0,0
"E317","I02",2,0,0,0,0,0
"E317","I03",3,0,0,0,0,0
"E317","I04",4,0,0,0,0,0
"E317","I05",5,0,0,0,0,0
"E317","I06",6,0,0,0,0,0
"E317","I07",7,1,1,0,0,0
"E317","I08",8,0,0,0,0,0
"E317","I09",9,0,0,0,0,0
"E317","I10",10,0,0,0,0,0
"E317","I11",11,0,0,0,0,0
"E317","I12",12,0,0,0,0,0
"E317","I13",13,1,1,0,0,0
"E317","I14",14,0,0,0,0,0
"E317","I15",15,1,1,0,0,0
"E317","I16",16,1,1,0,0,0
"E317","I17",17,0,0,0,0,0
"E317","I18",18,0,0,0,0,0
"E317","I19",19,1,1,0,0,0
"E317","I20",20,1,1,0,0,0
"E317","I21",21,0,0,0,0,0
"E317","I22",22,0,0,0,0,0
"E317","I23",23,0,0,0,0,0
"E317","I24",24,0,0,0,0,0
"E317","I25",25,1,0,1,0,1
"E317","I26",26,0,0,0,0,0
"E317","I27",27,0,0,0,0,0
"E317","I28",28,1,1,0,0,0
"E317","I29",29,1,1,0,0,0
"E317","I30",30,0,0,0,0,0
"E317","I31",31,0,0,0,0,0
"E317","I32",32,0,0,0,0,0
"E317","I33",33,0,0,0,0,0
"E317","I34",34,0,0,0,0,0
"E317","I35",35,0,0,0,0,0
"E317","I36",36,0,0,0,0,0
"E317","I37",37,0,0,0,0,0
"E317","I38",38,0,0,0,0,0
"E317","I39",39,0,0,0,0,0
"E317","I40",40,0,0,0,0,0
"E318","I01",1,1,1,0,0,0
"E318","I02",2,0,0,0,0,0
"E318","I03",3,0,0,0,0,0
"E318","I04",4,1,1,0,0,0
"E318","I05",5,0,0,0,0,0
"E318","I06",6,1,1,0,0,0
"E318","I07",7,0,0,0,0,0
"E318","I08",8,0,0,0,0,0
"E318","I09",9,1,1,0,0,0
"E318","I10",10,1,1,0,0,0
"E318","I11",11,0,0,0,0,0
"E318","I12",12,0,0,0,0,0
"E318","I13",13,0,0,0,0,0
"E318","I14",14,1,1,0,0,0
"E318","I15",15,0,0,0,0,0
"E318","I16",16,0,0,0,0,0
"E318","I17",17,1,1,0,0,0
"E318","I18",18,0,0,0,0,0
"E318","I19",19,1,1,0,0,0
"E318","I20",20,0,0,0,0,0
"E318","I21",21,0,0,0,0,0
"E318","I22",22,0,0,0,0,0
"E318","I23",23,0,0,0,0,0
"E318","I24",24,1,1,0,0,0
"E318","I25",25,0,0,0,0,0
"E318","I26",26,0,0,0,0,0
"E318","I27",27,0,0,0,0,0
"E318","I28",28,0,0,0,0,0
"E318","I29",29,0,0,0,0,0
"E318","I30",30,1,1,0,0,0
"E318","I31",31,0,0,0,0,0
"E318","I32",32,1,1,0,0,0
"E318","I33",33,0,0,0,0,0
"E318","I34",34,0,0,0,0,0
"E318","I35",35,1,1,0,0,0
"E318","I36",36,0,0,0,0,0
"E318","I37",37,0,0,0,0,0
"E318","I38",38,0,0,0,0,0
"E318","I39",39,1,1,0,0,0
"E318","I40",40,0,0,0,0,0
"E319","I01",1,0,1,1,1,0
"E319","I02",2,1,1,0,0,0
"E319","I03",3,1,1,0,0,0
"E319","I04",4,1,1,0,0,0
"E319","I05",5,1,1,0,0,0
"E319","I06",6,0,0,0,0,0
"E319","I07",7,1,1,0,0,0
"E319","I08",8,1,1,0,0,0
"E319","I09",9,1,1,0,0,0
"E319","I10",10,1,0,1,0,1
"E319","I11",11,1,1,0,0,0
"E319","I12",12,1,1,0,0,0
"E319","I13",13,1,1,0,0,0
"E319","I14",14,0,0,0,0,0
"E319","I15",15,1,1,0,0,0
"E319","I16",16,0,0,0,0,0
"E319","I17",17,1,1,0,0,0
"E319","I18",18,1,1,0,0,0
"E319","I19",19,1,1,0,0,0
"E319","I20",20,1,1,0,0,0
"E319","I21",21,1,1,0,0,0
"E319","I22",22,1,1,0,0,0
"E319","I23",23,1,1,0,0,0
"E319","I24",24,1,1,0,0,0
"E319","I25",25,1,1,0,0,0
"E319","I26",26,0,0,0,0,0
"E319","I27",27,0,0,0,0,0
"E319","I28",28,0,0,0,0,0
"E319","I29",29,1,1,0,0,0
"E319","I30",30,0,0,0,0,0
"E319","I31",31,0,0,0,0,0
"E319","I32",32,1,1,0,0,0
"E319","I33",33,0,0,0,0,0
"E319","I34",34,0,0,0,0,0
"E319","I35",35,0,0,0,0,0
"E319","I36",36,1,1,0,0,0
"E319","I37",37,0,0,0,0,0
"E319","I38",38,1,1,0,0,0
"E319","I39",39,0,0,0,0,0
"E319","I40",40,0,0,0,0,0
"E320","I01",1,1,1,0,0,0
"E320","I02",2,1,1,0,0,0
"E320","I03",3,0,0,0,0,0
"E320","I04",4,1,1,0,0,0
"E320","I05",5,1,0,1,0,1
"E320","I06",6,1,1,0,0,0
"E320","I07",7,1,1,0,0,0
"E320","I08",8,1,1,0,0,0
"E320","I09",9,1,1,0,0,0
"E320","I10",10,0,0,0,0,0
"E320","I11",11,0,0,0,0,0
"E320","I12",12,1,1,0,0,0
"E320","I13",13,1,1,0,0,0
"E320","I14",14,1,1,0,0,0
"E320","I15",15,0,0,0,0,0
"E320","I16",16,1,1,0,0,0
"E320","I17",17,1,1,0,0,0
"E320","I18",18,0,0,0,0,0
"E320","I19",19,1,1,0,0,0
"E320","I20",20,1,1,0,0,0
"E320","I21",21,0,0,0,0,0
"E320","I22",22,0,0,0,0,0
"E320","I23",23,1,1,0,0,0
"E320","I24",24,1,1,0,0,0
"E320","I25",25,0,0,0,0,0
"E320","I26",26,1,1,0,0,0
"E320","I27",27,0,0,0,0,0
"E320","I28",28,1,1,0,0,0
"E320","I29",29,1,1,0,0,0
"E320","I30",30,1,1,0,0,0
"E320","I31",31,0,0,0,0,0
"E320","I32",32,1,1,0,0,0
"E320","I33",33,1,1,0,0,0
"E320","I34",34,1,1,0,0,0
"E320","I35",35,1,1,0,0,0
"E320","I36",36,0,0,0,0,0
"E320","I37",37,0,0,0,0,0
"E320","I38",38,1,1,0,0,0
"E320","I39",39,1,1,0,0,0
"E320","I40",40,0,0,0,0,0
"E321","I01",1,1,1,0,0,0
"E321","I02",2,1,1,0,0,0
"E321","I03",3,0,0,0,0,0
"E321","I04",4,1,1,0,0,0
"E321","I05",5,1,1,0,0,0
"E321","I06",6,1,1,0,0,0
"E321","I07",7,1,1,0,0,0
"E321","I08",8,1,1,0,0,0
"E321","I09",9,1,1,0,0,0
"E321","I10",10,1,1,0,0,0
"E321","I11",11,0,0,0,0,0
"E321","I12",12,1,1,0,0,0
"E321","I13",13,1,1,0,0,0
"E321","I14",14,1,1,0,0,0
"E321","I15",15,1,1,0,0,0
"E321","I16",16,1,1,0,0,0
"E321","I17",17,1,1,0,0,0
"E321","I18",18,1,1,0,0,0
"E321","I19",19,1,1,0,0,0
"E321","I20",20,0,1,1,1,0
"E321","I21",21,1,1,0,0,0
"E321","I22",22,1,1,0,0,0
"E321","I23",23,1,1,0,0,0
"E321","I24",24,1,1,0,0,0
"E321","I25",25,1,1,0,0,0
"E321","I26",26,1,1,0,0,0
"E321","I27",27,1,1,0,0,0
"E321","I28",28,1,1,0,0,0
"E321","I29",29,0,0,0,0,0
"E321","I30",30,0,0,0,0,0
"E321","I31",31,1,1,0,0,0
"E321","I32",32,1,1,0,0,0
"E321","I33",33,0,0,0,0,0
"E321","I34",34,1,1,0,0,0
"E321","I35",35,1,1,0,0,0
"E321","I36",36,1,1,0,0,0
"E321","I37",37,1,1,0,0,0
"E321","I38",38,1,1,0,0,0
"E321","I39",39,0,0,0,0,0
"E321","I40",40,0,0,0,0,0
"E322","I01",1,1,1,0,0,0
"E322","I02",2,1,1,0,0,0
"E322","I03",3,1,1,0,0,0
"E322","I04",4,0,0,0,0,0
"E322","I05",5,0,0,0,0,0
"E322","I06",6,0,0,0,0,0
"E322","I07",7,0,0,0,0,0
"E322","I08",8,1,1,0,0,0
"E322","I09",9,1,1,0,0,0
"E322","I10",10,1,1,0,0,0
"E322","I11",11,1,1,0,0,0
"E322","I12",12,0,0,0,0,0
"E322","I13",13,1,1,0,0,0
"E322","I14",14,0,0,0,0,0
"E322","I15",15,1,1,0,0,0
"E322","I16",16,1,1,0,0,0
"E322","I17",17,0,0,0,0,0
"E322","I18",18,1,1,0,0,0
"E322","I19",19,1,1,0,0,0
"E322","I20",20,1,1,0,0,0
"E322","I21",21,0,0,0,0,0
"E322","I22",22,0,0,0,0,0
"E322","I23",23,1,1,0,0,0
"E322","I24",24,1,1,0,0,0
"E322","I25",25,0,0,0,0,0
"E322","I26",26,1,1,0,0,0
"E322","I27",27,0,0,0,0,0
"E322","I28",28,1,1,0,0,0
"E322","I29",29,1,1,0,0,0
"E322","I30",30,0,0,0,0,0
"E322","I31",31,0,0,0,0,0
"E322","I32",32,1,1,0,0,0
"E322","I33",33,1,1,0,0,0
"E322","I34",34,0,0,0,0,0
"E322","I35",35,1,1,0,0,0
"E322","I36",36,1,1,0,0,0
"E322","I37",37,1,1,0,0,0
"E322","I38",38,1,1,0,0,0
"E322","I39",39,1,1,0,0,0
"E322","I40",40,0,0,0,0,0
"E323","I01",1,1,1,0,0,0
"E323","I02",2,1,1,0,0,0
"E323","I03",3,0,0,0,0,0
"E323","I04",4,1,1,0,0,0
"E323","I05",5,0,0,0,0,0
"E323","I06",6,0,0,0,0,0
"E323","I07",7,1,1,0,0,0
"E323","I08",8,1,1,0,0,0
"E323","I09",9,0,0,0,0,0
"E323","I10",10,0,0,0,0,0
"E323","I11",11,0,0,0,0,0
"E323","I12",12,1,1,0,0,0
"E323","I13",13,0,0,0,0,0
"E323","I14",14,1,1,0,0,0
"E323","I15",15,1,1,0,0,0
"E323","I16",16,0,0,0,0,0
"E323","I17",17,1,1,0,0,0
"E323","I18",18,0,0,0,0,0
"E323","I19",19,1,1,0,0,0
"E323","I20",20,0,1,1,1,0
"E323","I21",21,0,0,0,0,0
"E323","I22",22,0,0,0,0,0
"E323","I23",23,1,1,0,0,0
"E323","I24",24,1,1,0,0,0
"E323","I25",25,0,0,0,0,0
"E323","I26",26,1,1,0,0,0
"E323","I27",27,1,1,0,0,0
"E323","I28",28,1,1,0,0,0
"E323","I29",29,0,0,0,0,0
"E323","I30",30,0,0,0,0,0
"E323","I31",31,0,0,0,0,0
"E323","I32",32,1,1,0,0,0
"E323","I33",33,0,0,0,0,0
"E323","I34",34,0,0,0,0,0
"E323","I35",35,0,0,0,0,0
"E323","I36",36,0,0,0,0,0
"E323","I37",37,1,1,0,0,0
"E323","I38",38,0,0,0,0,0
"E323","I39",39,0,0,0,0,0
"E323","I40",40,0,0,0,0,0
"E324","I01",1,1,1,0,0,0
"E324","I02",2,1,1,0,0,0
"E324","I03",3,1,1,0,0,0
"E324","I04",4,1,1,0,0,0
"E324","I05",5,1,1,0,0,0
"E324","I06",6,1,1,0,0,0
"E324","I07",7,1,1,0,0,0
"E324","I08",8,1,1,0,0,0
"E324","I09",9,1,1,0,0,0
"E324","I10",10,1,1,0,0,0
"E324","I11",11,1,1,0,0,0
"E324","I12",12,1,1,0,0,0
"E324","I13",13,1,1,0,0,0
"E324","I14",14,1,1,0,0,0
"E324","I15",15,0,0,0,0,0
"E324","I16",16,1,1,0,0,0
"E324","I17",17,1,1,0,0,0
"E324","I18",18,1,1,0,0,0
"E324","I19",19,0,0,0,0,0
"E324","I20",20,1,1,0,0,0
"E324","I21",21,0,0,0,0,0
"E324","I22",22,1,1,0,0,0
"E324","I23",23,1,1,0,0,0
"E324","I24",24,1,1,0,0,0
"E324","I25",25,0,0,0,0,0
"E324","I26",26,1,1,0,0,0
"E324","I27",27,1,1,0,0,0
"E324","I28",28,1,1,0,0,0
"E324","I29",29,0,0,0,0,0
"E324","I30",30,1,1,0,0,0
"E324","I31",31,0,0,0,0,0
"E324","I32",32,1,1,0,0,0
"E324","I33",33,0,0,0,0,0
"E324","I34",34,1,1,0,0,0
"E324","I35",35,1,1,0,0,0
"E324","I36",36,1,1,0,0,0
"E324","I37",37,1,1,0,0,0
"E324","I38",38,1,1,0,0,0
"E324","I39",39,1,1,0,0,0
"E324","I40",40,0,0,0,0,0
"E325","I01",1,1,1,0,0,0
"E325","I02",2,1,0,1,0,1
"E325","I03",3,0,0,0,0,0
"E325","I04",4,1,1,0,0,0
"E325","I05",5,1,1,0,0,0
"E325","I06",6,0,0,0,0,0
"E325","I07",7,1,1,0,0,0
"E325","I08",8,0,0,0,0,0
"E325","I09",9,0,0,0,0,0
"E325","I10",10,0,0,0,0,0
"E325","I11",11,0,0,0,0,0
"E325","I12",12,0,1,1,1,0
"E325","I13",13,0,0,0,0,0
"E325","I14",14,1,1,0,0,0
"E325","I15",15,0,0,0,0,0
"E325","I16",16,1,1,0,0,0
"E325","I17",17,0,0,0,0,0
"E325","I18",18,0,0,0,0,0
"E325","I19",19,0,0,0,0,0
"E325","I20",20,1,1,0,0,0
"E325","I21",21,0,0,0,0,0
"E325","I22",22,0,0,0,0,0
"E325","I23",23,0,0,0,0,0
"E325","I24",24,1,1,0,0,0
"E325","I25",25,0,0,0,0,0
"E325","I26",26,0,0,0,0,0
"E325","I27",27,0,0,0,0,0
"E325","I28",28,1,1,0,0,0
"E325","I29",29,1,1,0,0,0
"E325","I30",30,1,1,0,0,0
"E325","I31",31,1,1,0,0,0
"E325","I32",32,0,0,0,0,0
"E325","I33",33,0,0,0,0,0
"E325","I34",34,0,0,0,0,0
"E325","I35",35,0,0,0,0,0
"E325","I36",36,0,0,0,0,0
"E325","I37",37,1,1,0,0,0
"E325","I38",38,1,1,0,0,0
"E325","I39",39,1,1,0,0,0
"E325","I40",40,1,1,0,0,0
"E326","I01",1,1,1,0,0,0
"E326","I02",2,1,1,0,0,0
"E326","I03",3,1,1,0,0,0
"E326","I04",4,1,1,0,0,0
"E326","I05",5,0,0,0,0,0
"E326","I06",6,1,1,0,0,0
"E326","I07",7,1,1,0,0,0
"E326","I08",8,1,1,0,0,0
"E326","I09",9,1,1,0,0,0
"E326","I10",10,0,0,0,0,0
"E326","I11",11,1,1,0,0,0
"E326","I12",12,1,1,0,0,0
"E326","I13",13,1,1,0,0,0
"E326","I14",14,0,0,0,0,0
"E326","I15",15,0,0,0,0,0
"E326","I16",16,1,1,0,0,0
"E326","I17",17,1,1,0,0,0
"E326","I18",18,0,0,0,0,0
"E326","I19",19,1,1,0,0,0
"E326","I20",20,1,1,0,0,0
"E326","I21",21,1,1,0,0,0
"E326","I22",22,0,0,0,0,0
"E326","I23",23,0,0,0,0,0
"E326","I24",24,0,0,0,0,0
"E326","I25",25,1,1,0,0,0
"E326","I26",26,0,1,1,1,0
"E326","I27",27,1,1,0,0,0
"E326","I28",28,1,1,0,0,0
"E326","I29",29,1,1,0,0,0
"E326","I30",30,1,1,0,0,0
"E326","I31",31,0,0,0,0,0
"E326","I32",32,1,1,0,0,0
"E326","I33",33,0,0,0,0,0
"E326","I34",34,0,0,0,0,0
"E326","I35",35,1,1,0,0,0
"E326","I36",36,1,1,0,0,0
"E326","I37",37,1,1,0,0,0
"E326","I38",38,1,1,0,0,0
"E326","I39",39,1,1,0,0,0
"E326","I40",40,0,0,0,0,0
"E327","I01",1,1,1,0,0,0
"E327","I02",2,1,1,0,0,0
"E327","I03",3,1,1,0,0,0
"E327","I04",4,1,1,0,0,0
"E327","I05",5,1,1,0,0,0
"E327","I06",6,0,0,0,0,0
"E327","I07",7,1,1,0,0,0
"E327","I08",8,1,1,0,0,0
"E327","I09",9,0,0,0,0,0
"E327","I10",10,1,1,0,0,0
"E327","I11",11,0,0,0,0,0
"E327","I12",12,1,1,0,0,0
"E327","I13",13,1,1,0,0,0
"E327","I14",14,1,1,0,0,0
"E327","I15",15,1,1,0,0,0
"E327","I16",16,1,1,0,0,0
"E327","I17",17,0,0,0,0,0
"E327","I18",18,0,0,0,0,0
"E327","I19",19,1,1,0,0,0
"E327","I20",20,1,1,0,0,0
"E327","I21",21,0,0,0,0,0
"E327","I22",22,1,1,0,0,0
"E327","I23",23,1,1,0,0,0
"E327","I24",24,0,0,0,0,0
"E327","I25",25,1,1,0,0,0
"E327","I26",26,1,1,0,0,0
"E327","I27",27,1,1,0,0,0
"E327","I28",28,1,1,0,0,0
"E327","I29",29,1,1,0,0,0
"E327","I30",30,1,1,0,0,0
"E327","I31",31,1,1,0,0,0
"E327","I32",32,0,0,0,0,0
"E327","I33",33,0,0,0,0,0
"E327","I34",34,0,0,0,0,0
"E327","I35",35,1,1,0,0,0
"E327","I36",36,0,0,0,0,0
"E327","I37",37,1,1,0,0,0
"E327","I38",38,1,1,0,0,0
"E327","I39",39,0,0,0,0,0
"E327","I40",40,1,1,0,0,0
"E328","I01",1,1,1,0,0,0
"E328","I02",2,0,0,0,0,0
"E328","I03",3,0,0,0,0,0
"E328","I04",4,1,1,0,0,0
"E328","I05",5,0,0,0,0,0
"E328","I06",6,1,1,0,0,0
"E328","I07",7,1,1,0,0,0
"E328","I08",8,0,0,0,0,0
"E328","I09",9,0,0,0,0,0
"E328","I10",10,1,1,0,0,0
"E328","I11",11,0,0,0,0,0
"E328","I12",12,1,1,0,0,0
"E328","I13",13,1,1,0,0,0
"E328","I14",14,1,1,0,0,0
"E328","I15",15,1,1,0,0,0
"E328","I16",16,0,0,0,0,0
"E328","I17",17,0,0,0,0,0
"E328","I18",18,0,0,0,0,0
"E328","I19",19,1,1,0,0,0
"E328","I20",20,1,1,0,0,0
"E328","I21",21,0,0,0,0,0
"E328","I22",22,0,0,0,0,0
"E328","I23",23,0,0,0,0,0
"E328","I24",24,1,1,0,0,0
"E328","I25",25,0,0,0,0,0
"E328","I26",26,1,1,0,0,0
"E328","I27",27,0,0,0,0,0
"E328","I28",28,0,0,0,0,0
"E328","I29",29,1,1,0,0,0
"E328","I30",30,0,0,0,0,0
"E328","I31",31,1,1,0,0,0
"E328","I32",32,1,1,0,0,0
"E328","I33",33,0,0,0,0,0
"E328","I34",34,1,1,0,0,0
"E328","I35",35,1,1,0,0,0
"E328","I36",36,1,1,0,0,0
"E328","I37",37,1,1,0,0,0
"E328","I38",38,1,1,0,0,0
"E328","I39",39,0,0,0,0,0
"E328","I40",40,0,0,0,0,0
"E329","I01",1,1,1,0,0,0
"E329","I02",2,1,1,0,0,0
"E329","I03",3,0,0,0,0,0
"E329","I04",4,1,1,0,0,0
"E329","I05",5,0,0,0,0,0
"E329","I06",6,1,1,0,0,0
"E329","I07",7,0,0,0,0,0
"E329","I08",8,1,1,0,0,0
"E329","I09",9,0,0,0,0,0
"E329","I10",10,1,1,0,0,0
"E329","I11",11,0,0,0,0,0
"E329","I12",12,0,0,0,0,0
"E329","I13",13,0,0,0,0,0
"E329","I14",14,1,1,0,0,0
"E329","I15",15,0,0,0,0,0
"E329","I16",16,1,1,0,0,0
"E329","I17",17,1,1,0,0,0
"E329","I18",18,1,1,0,0,0
"E329","I19",19,1,1,0,0,0
"E329","I20",20,0,0,0,0,0
"E329","I21",21,1,1,0,0,0
"E329","I22",22,0,0,0,0,0
"E329","I23",23,1,0,1,0,1
"E329","I24",24,0,0,0,0,0
"E329","I25",25,0,0,0,0,0
"E329","I26",26,1,1,0,0,0
"E329","I27",27,1,1,0,0,0
"E329","I28",28,1,1,0,0,0
"E329","I29",29,0,0,0,0,0
"E329","I30",30,1,1,0,0,0
"E329","I31",31,1,1,0,0,0
"E329","I32",32,1,0,1,0,1
"E329","I33",33,0,0,0,0,0
"E329","I34",34,0,0,0,0,0
"E329","I35",35,1,1,0,0,0
"E329","I36",36,1,1,0,0,0
"E329","I37",37,0,0,0,0,0
"E329","I38",38,1,1,0,0,0
"E329","I39",39,1,0,1,0,1
"E329","I40",40,1,1,0,0,0
"E330","I01",1,1,1,0,0,0
"E330","I02",2,0,0,0,0,0
"E330","I03",3,0,0,0,0,0
"E330","I04",4,0,0,0,0,0
"E330","I05",5,0,0,0,0,0
"E330","I06",6,1,1,0,0,0
"E330","I07",7,0,0,0,0,0
"E330","I08",8,1,1,0,0,0
"E330","I09",9,1,1,0,0,0
"E330","I10",10,0,0,0,0,0
"E330","I11",11,0,0,0,0,0
"E330","I12",12,0,0,0,0,0
"E330","I13",13,1,1,0,0,0
"E330","I14",14,0,0,0,0,0
"E330","I15",15,1,1,0,0,0
"E330","I16",16,0,0,0,0,0
"E330","I17",17,1,0,1,0,1
"E330","I18",18,1,1,0,0,0
"E330","I19",19,0,1,1,1,0
"E330","I20",20,1,1,0,0,0
"E330","I21",21,0,0,0,0,0
"E330","I22",22,0,0,0,0,0
"E330","I23",23,0,0,0,0,0
"E330","I24",24,1,1,0,0,0
"E330","I25",25,0,0,0,0,0
"E330","I26",26,1,1,0,0,0
"E330","I27",27,0,0,0,0,0
"E330","I28",28,1,1,0,0,0
"E330","I29",29,0,0,0,0,0
"E330","I30",30,0,0,0,0,0
"E330","I31",31,0,0,0,0,0
"E330","I32",32,0,0,0,0,0
"E330","I33",33,0,0,0,0,0
"E330","I34",34,0,0,0,0,0
"E330","I35",35,0,1,1,1,0
"E330","I36",36,0,0,0,0,0
"E330","I37",37,1,1,0,0,0
"E330","I38",38,1,1,0,0,0
"E330","I39",39,1,1,0,0,0
"E330","I40",40,1,1,0,0,0
"E331","I01",1,1,1,0,0,0
"E331","I02",2,0,0,0,0,0
"E331","I03",3,0,0,0,0,0
"E331","I04",4,1,1,0,0,0
"E331","I05",5,0,0,0,0,0
"E331","I06",6,0,0,0,0,0
"E331","I07",7,1,1,0,0,0
"E331","I08",8,1,1,0,0,0
"E331","I09",9,0,0,0,0,0
"E331","I10",10,0,0,0,0,0
"E331","I11",11,0,0,0,0,0
"E331","I12",12,0,0,0,0,0
"E331","I13",13,0,0,0,0,0
"E331","I14",14,0,0,0,0,0
"E331","I15",15,0,0,0,0,0
"E331","I16",16,0,0,0,0,0
"E331","I17",17,0,0,0,0,0
"E331","I18",18,0,0,0,0,0
"E331","I19",19,1,1,0,0,0
"E331","I20",20,1,1,0,0,0
"E331","I21",21,0,0,0,0,0
"E331","I22",22,0,0,0,0,0
"E331","I23",23,1,1,0,0,0
"E331","I24",24,0,0,0,0,0
"E331","I25",25,0,0,0,0,0
"E331","I26",26,1,0,1,0,1
"E331","I27",27,0,0,0,0,0
"E331","I28",28,0,0,0,0,0
"E331","I29",29,0,0,0,0,0
"E331","I30",30,0,0,0,0,0
"E331","I31",31,1,1,0,0,0
"E331","I32",32,0,0,0,0,0
"E331","I33",33,0,0,0,0,0
"E331","I34",34,0,0,0,0,0
"E331","I35",35,0,0,0,0,0
"E331","I36",36,1,1,0,0,0
"E331","I37",37,0,0,0,0,0
"E331","I38",38,1,0,1,0,1
"E331","I39",39,0,0,0,0,0
"E331","I40",40,0,0,0,0,0
"E332","I01",1,1,1,0,0,0
"E332","I02",2,1,1,0,0,0
"E332","I03",3,1,0,1,0,1
"E332","I04",4,1,1,0,0,0
"E332","I05",5,0,1,1,1,0
"E332","I06",6,0,0,0,0,0
"E332","I07",7,1,1,0,0,0
"E332","I08",8,1,1,0,0,0
"E332","I09",9,1,1,0,0,0
"E332","I10",10,0,0,0,0,0
"E332","I11",11,0,1,1,1,0
"E332","I12",12,0,0,0,0,0
"E332","I13",13,1,1,0,0,0
"E332","I14",14,1,1,0,0,0
"E332","I15",15,0,0,0,0,0
"E332","I16",16,1,1,0,0,0
"E332","I17",17,0,0,0,0,0
"E332","I18",18,0,1,1,1,0
"E332","I19",19,0,0,0,0,0
"E332","I20",20,1,1,0,0,0
"E332","I21",21,0,0,0,0,0
"E332","I22",22,1,1,0,0,0
"E332","I23",23,0,1,1,1,0
"E332","I24",24,1,1,0,0,0
"E332","I25",25,0,0,0,0,0
"E332","I26",26,0,1,1,1,0
"E332","I27",27,0,1,1,1,0
"E332","I28",28,1,1,0,0,0
"E332","I29",29,0,0,0,0,0
"E332","I30",30,0,0,0,0,0
"E332","I31",31,1,1,0,0,0
"E332","I32",32,1,1,0,0,0
"E332","I33",33,0,0,0,0,0
"E332","I34",34,0,1,1,1,0
"E332","I35",35,1,1,0,0,0
"E332","I36",36,0,1,1,1,0
"E332","I37",37,0,1,1,1,0
"E332","I38",38,1,1,0,0,0
"E332","I39",39,1,1,0,0,0
"E332","I40",40,1,1,0,0,0
"E333","I01",1,1,1,0,0,0
"E333","I02",2,0,0,0,0,0
"E333","I03",3,0,0,0,0,0
"E333","I04",4,1,0,1,0,1
"E333","I05",5,0,0,0,0,0
"E333","I06",6,0,0,0,0,0
"E333","I07",7,1,1,0,0,0
"E333","I08",8,0,0,0,0,0
"E333","I09",9,0,0,0,0,0
"E333","I10",10,1,1,0,0,0
"E333","I11",11,0,0,0,0,0
"E333","I12",12,0,0,0,0,0
"E333","I13",13,1,1,0,0,0
"E333","I14",14,1,1,0,0,0
"E333","I15",15,0,0,0,0,0
"E333","I16",16,1,1,0,0,0
"E333","I17",17,1,1,0,0,0
"E333","I18",18,0,0,0,0,0
"E333","I19",19,0,0,0,0,0
"E333","I20",20,1,1,0,0,0
"E333","I21",21,0,0,0,0,0
"E333","I22",22,0,0,0,0,0
"E333","I23",23,1,1,0,0,0
"E333","I24",24,0,0,0,0,0
"E333","I25",25,1,1,0,0,0
"E333","I26",26,1,1,0,0,0
"E333","I27",27,0,0,0,0,0
"E333","I28",28,1,0,1,0,1
"E333","I29",29,1,1,0,0,0
"E333","I30",30,1,1,0,0,0
"E333","I31",31,1,1,0,0,0
"E333","I32",32,1,1,0,0,0
"E333","I33",33,0,0,0,0,0
"E333","I34",34,0,0,0,0,0
"E333","I35",35,0,0,0,0,0
"E333","I36",36,1,1,0,0,0
"E333","I37",37,1,1,0,0,0
"E333","I38",38,0,0,0,0,0
"E333","I39",39,0,0,0,0,0
"E333","I40",40,0,0,0,0,0
"E334","I01",1,1,1,0,0,0
"E334","I02",2,0,0,0,0,0
"E334","I03",3,0,0,0,0,0
"E334","I04",4,0,0,0,0,0
"E334","I05",5,1,1,0,0,0
"E334","I06",6,0,1,1,1,0
"E334","I07",7,1,0,1,0,1
"E334","I08",8,0,0,0,0,0
"E334","I09",9,0,0,0,0,0
"E334","I10",10,0,0,0,0,0
"E334","I11",11,0,0,0,0,0
"E334","I12",12,1,1,0,0,0
"E334","I13",13,1,1,0,0,0
"E334","I14",14,0,0,0,0,0
"E334","I15",15,0,0,0,0,0
"E334","I16",16,0,0,0,0,0
"E334","I17",17,1,1,0,0,0
"E334","I18",18,1,1,0,0,0
"E334","I19",19,1,1,0,0,0
"E334","I20",20,1,1,0,0,0
"E334","I21",21,0,0,0,0,0
"E334","I22",22,0,0,0,0,0
"E334","I23",23,0,0,0,0,0
"E334","I24",24,0,0,0,0,0
"E334","I25",25,0,0,0,0,0
"E334","I26",26,0,0,0,0,0
"E334","I27",27,0,0,0,0,0
"E334","I28",28,1,1,0,0,0
"E334","I29",29,0,0,0,0,0
"E334","I30",30,0,0,0,0,0
"E334","I31",31,0,0,0,0,0
"E334","I32",32,0,0,0,0,0
"E334","I33",33,0,0,0,0,0
"E334","I34",34,0,0,0,0,0
"E334","I35",35,0,0,0,0,0
"E334","I36",36,1,1,0,0,0
"E334","I37",37,0,0,0,0,0
"E334","I38",38,1,1,0,0,0
"E334","I39",39,0,0,0,0,0
"E334","I40",40,0,0,0,0,0
"E335","I01",1,1,1,0,0,0
"E335","I02",2,0,0,0,0,0
"E335","I03",3,0,0,0,0,0
"E335","I04",4,1,1,0,0,0
"E335","I05",5,1,1,0,0,0
"E335","I06",6,1,1,0,0,0
"E335","I07",7,1,1,0,0,0
"E335","I08",8,0,0,0,0,0
"E335","I09",9,0,0,0,0,0
"E335","I10",10,1,1,0,0,0
"E335","I11",11,1,1,0,0,0
"E335","I12",12,0,0,0,0,0
"E335","I13",13,0,0,0,0,0
"E335","I14",14,1,1,0,0,0
"E335","I15",15,0,0,0,0,0
"E335","I16",16,1,1,0,0,0
"E335","I17",17,1,1,0,0,0
"E335","I18",18,0,0,0,0,0
"E335","I19",19,0,0,0,0,0
"E335","I20",20,0,0,0,0,0
"E335","I21",21,0,0,0,0,0
"E335","I22",22,0,0,0,0,0
"E335","I23",23,1,1,0,0,0
"E335","I24",24,0,0,0,0,0
"E335","I25",25,0,0,0,0,0
"E335","I26",26,1,1,0,0,0
"E335","I27",27,0,0,0,0,0
"E335","I28",28,1,1,0,0,0
"E335","I29",29,0,0,0,0,0
"E335","I30",30,0,0,0,0,0
"E335","I31",31,0,0,0,0,0
"E335","I32",32,1,1,0,0,0
"E335","I33",33,0,0,0,0,0
"E335","I34",34,0,0,0,0,0
"E335","I35",35,1,1,0,0,0
"E335","I36",36,0,0,0,0,0
"E335","I37",37,1,1,0,0,0
"E335","I38",38,1,1,0,0,0
"E335","I39",39,0,0,0,0,0
"E335","I40",40,0,0,0,0,0
"E336","I01",1,1,1,0,0,0
"E336","I02",2,1,1,0,0,0
"E336","I03",3,0,0,0,0,0
"E336","I04",4,1,1,0,0,0
"E336","I05",5,1,1,0,0,0
"E336","I06",6,1,1,0,0,0
"E336","I07",7,1,1,0,0,0
"E336","I08",8,1,1,0,0,0
"E336","I09",9,1,1,0,0,0
"E336","I10",10,0,0,0,0,0
"E336","I11",11,0,0,0,0,0
"E336","I12",12,1,1,0,0,0
"E336","I13",13,0,0,0,0,0
"E336","I14",14,0,0,0,0,0
"E336","I15",15,0,0,0,0,0
"E336","I16",16,0,0,0,0,0
"E336","I17",17,0,0,0,0,0
"E336","I18",18,0,0,0,0,0
"E336","I19",19,1,1,0,0,0
"E336","I20",20,0,0,0,0,0
"E336","I21",21,1,1,0,0,0
"E336","I22",22,0,0,0,0,0
"E336","I23",23,0,0,0,0,0
"E336","I24",24,0,0,0,0,0
"E336","I25",25,1,1,0,0,0
"E336","I26",26,1,1,0,0,0
"E336","I27",27,0,0,0,0,0
"E336","I28",28,1,1,0,0,0
"E336","I29",29,0,0,0,0,0
"E336","I30",30,0,0,0,0,0
"E336","I31",31,1,1,0,0,0
"E336","I32",32,0,0,0,0,0
"E336","I33",33,1,1,0,0,0
"E336","I34",34,0,0,0,0,0
"E336","I35",35,0,0,0,0,0
"E336","I36",36,1,1,0,0,0
"E336","I37",37,0,0,0,0,0
"E336","I38",38,0,0,0,0,0
"E336","I39",39,0,0,0,0,0
"E336","I40",40,0,0,0,0,0
"E337","I01",1,1,1,0,0,0
"E337","I02",2,0,0,0,0,0
"E337","I03",3,0,0,0,0,0
"E337","I04",4,1,1,0,0,0
"E337","I05",5,1,1,0,0,0
"E337","I06",6,0,0,0,0,0
"E337","I07",7,0,0,0,0,0
"E337","I08",8,1,1,0,0,0
"E337","I09",9,0,1,1,1,0
"E337","I10",10,1,1,0,0,0
"E337","I11",11,0,0,0,0,0
"E337","I12",12,0,0,0,0,0
"E337","I13",13,1,1,0,0,0
"E337","I14",14,0,0,0,0,0
"E337","I15",15,0,0,0,0,0
"E337","I16",16,1,1,0,0,0
"E337","I17",17,0,0,0,0,0
"E337","I18",18,1,0,1,0,1
"E337","I19",19,1,1,0,0,0
"E337","I20",20,0,0,0,0,0
"E337","I21",21,1,1,0,0,0
"E337","I22",22,0,0,0,0,0
"E337","I23",23,1,1,0,0,0
"E337","I24",24,1,1,0,0,0
"E337","I25",25,0,0,0,0,0
"E337","I26",26,0,0,0,0,0
"E337","I27",27,0,0,0,0,0
"E337","I28",28,1,1,0,0,0
"E337","I29",29,0,0,0,0,0
"E337","I30",30,1,1,0,0,0
"E337","I31",31,0,0,0,0,0
"E337","I32",32,0,0,0,0,0
"E337","I33",33,0,0,0,0,0
"E337","I34",34,1,1,0,0,0
"E337","I35",35,0,0,0,0,0
"E337","I36",36,1,1,0,0,0
"E337","I37",37,0,0,0,0,0
"E337","I38",38,1,1,0,0,0
"E337","I39",39,0,0,0,0,0
"E337","I40",40,1,1,0,0,0
"E338","I01",1,1,1,0,0,0
"E338","I02",2,1,1,0,0,0
"E338","I03",3,0,0,0,0,0
"E338","I04",4,1,1,0,0,0
"E338","I05",5,1,1,0,0,0
"E338","I06",6,0,0,0,0,0
"E338","I07",7,0,0,0,0,0
"E338","I08",8,1,1,0,0,0
"E338","I09",9,1,1,0,0,0
"E338","I10",10,0,0,0,0,0
"E338","I11",11,0,0,0,0,0
"E338","I12",12,0,0,0,0,0
"E338","I13",13,0,0,0,0,0
"E338","I14",14,0,0,0,0,0
"E338","I15",15,1,1,0,0,0
"E338","I16",16,1,1,0,0,0
"E338","I17",17,0,0,0,0,0
"E338","I18",18,1,1,0,0,0
"E338","I19",19,1,1,0,0,0
"E338","I20",20,0,0,0,0,0
"E338","I21",21,0,0,0,0,0
"E338","I22",22,0,0,0,0,0
"E338","I23",23,0,0,0,0,0
"E338","I24",24,0,0,0,0,0
"E338","I25",25,0,0,0,0,0
"E338","I26",26,0,0,0,0,0
"E338","I27",27,0,0,0,0,0
"E338","I28",28,0,0,0,0,0
"E338","I29",29,0,0,0,0,0
"E338","I30",30,0,0,0,0,0
"E338","I31",31,0,0,0,0,0
"E338","I32",32,1,1,0,0,0
"E338","I33",33,0,0,0,0,0
"E338","I34",34,0,0,0,0,0
"E338","I35",35,1,1,0,0,0
"E338","I36",36,1,1,0,0,0
"E338","I37",37,1,1,0,0,0
"E338","I38",38,0,0,0,0,0
"E338","I39",39,1,1,0,0,0
"E338","I40",40,0,0,0,0,0
"E339","I01",1,1,1,0,0,0
"E339","I02",2,1,1,0,0,0
"E339","I03",3,1,1,0,0,0
"E339","I04",4,1,1,0,0,0
"E339","I05",5,0,0,0,0,0
"E339","I06",6,0,0,0,0,0
"E339","I07",7,1,1,0,0,0
"E339","I08",8,1,1,0,0,0
"E339","I09",9,1,1,0,0,0
"E339","I10",10,0,0,0,0,0
"E339","I11",11,0,0,0,0,0
"E339","I12",12,1,1,0,0,0
"E339","I13",13,1,1,0,0,0
"E339","I14",14,0,0,0,0,0
"E339","I15",15,0,0,0,0,0
"E339","I16",16,1,1,0,0,0
"E339","I17",17,0,0,0,0,0
"E339","I18",18,1,1,0,0,0
"E339","I19",19,1,1,0,0,0
"E339","I20",20,0,0,0,0,0
"E339","I21",21,0,0,0,0,0
"E339","I22",22,0,0,0,0,0
"E339","I23",23,1,1,0,0,0
"E339","I24",24,1,1,0,0,0
"E339","I25",25,1,1,0,0,0
"E339","I26",26,1,1,0,0,0
"E339","I27",27,0,0,0,0,0
"E339","I28",28,1,1,0,0,0
"E339","I29",29,0,0,0,0,0
"E339","I30",30,1,1,0,0,0
"E339","I31",31,0,0,0,0,0
"E339","I32",32,0,0,0,0,0
"E339","I33",33,0,0,0,0,0
"E339","I34",34,0,0,0,0,0
"E339","I35",35,1,1,0,0,0
"E339","I36",36,1,1,0,0,0
"E339","I37",37,0,0,0,0,0
"E339","I38",38,0,0,0,0,0
"E339","I39",39,0,0,0,0,0
"E339","I40",40,1,1,0,0,0
"E340","I01",1,1,1,0,0,0
"E340","I02",2,1,1,0,0,0
"E340","I03",3,0,0,0,0,0
"E340","I04",4,1,1,0,0,0
"E340","I05",5,1,1,0,0,0
"E340","I06",6,1,1,0,0,0
"E340","I07",7,1,1,0,0,0
"E340","I08",8,1,1,0,0,0
"E340","I09",9,1,1,0,0,0
"E340","I10",10,0,0,0,0,0
"E340","I11",11,1,1,0,0,0
"E340","I12",12,1,1,0,0,0
"E340","I13",13,1,1,0,0,0
"E340","I14",14,1,1,0,0,0
"E340","I15",15,0,0,0,0,0
"E340","I16",16,0,0,0,0,0
"E340","I17",17,1,1,0,0,0
"E340","I18",18,0,1,1,1,0
"E340","I19",19,0,0,0,0,0
"E340","I20",20,1,1,0,0,0
"E340","I21",21,0,0,0,0,0
"E340","I22",22,0,0,0,0,0
"E340","I23",23,1,1,0,0,0
"E340","I24",24,0,0,0,0,0
"E340","I25",25,1,1,0,0,0
"E340","I26",26,1,1,0,0,0
"E340","I27",27,0,0,0,0,0
"E340","I28",28,1,1,0,0,0
"E340","I29",29,1,1,0,0,0
"E340","I30",30,1,1,0,0,0
"E340","I31",31,0,0,0,0,0
"E340","I32",32,1,1,0,0,0
"E340","I33",33,1,1,0,0,0
"E340","I34",34,0,0,0,0,0
"E340","I35",35,1,1,0,0,0
"E340","I36",36,1,1,0,0,0
"E340","I37",37,1,1,0,0,0
"E340","I38",38,1,1,0,0,0
"E340","I39",39,0,0,0,0,0
"E340","I40",40,0,1,1,1,0
"E341","I01",1,1,1,0,0,0
"E341","I02",2,1,1,0,0,0
"E341","I03",3,1,1,0,0,0
"E341","I04",4,1,1,0,0,0
"E341","I05",5,1,1,0,0,0
"E341","I06",6,1,1,0,0,0
"E341","I07",7,1,1,0,0,0
"E341","I08",8,0,0,0,0,0
"E341","I09",9,1,1,0,0,0
"E341","I10",10,0,0,0,0,0
"E341","I11",11,0,0,0,0,0
"E341","I12",12,0,0,0,0,0
"E341","I13",13,0,0,0,0,0
"E341","I14",14,1,1,0,0,0
"E341","I15",15,0,0,0,0,0
"E341","I16",16,0,0,0,0,0
"E341","I17",17,1,1,0,0,0
"E341","I18",18,0,0,0,0,0
"E341","I19",19,1,1,0,0,0
"E341","I20",20,1,1,0,0,0
"E341","I21",21,0,0,0,0,0
"E341","I22",22,0,0,0,0,0
"E341","I23",23,0,0,0,0,0
"E341","I24",24,1,1,0,0,0
"E341","I25",25,1,1,0,0,0
"E341","I26",26,1,1,0,0,0
"E341","I27",27,1,1,0,0,0
"E341","I28",28,1,1,0,0,0
"E341","I29",29,0,1,1,1,0
"E341","I30",30,1,1,0,0,0
"E341","I31",31,0,0,0,0,0
"E341","I32",32,1,1,0,0,0
"E341","I33",33,0,0,0,0,0
"E341","I34",34,0,0,0,0,0
"E341","I35",35,1,1,0,0,0
"E341","I36",36,1,0,1,0,1
"E341","I37",37,1,1,0,0,0
"E341","I38",38,1,1,0,0,0
"E341","I39",39,0,0,0,0,0
"E341","I40",40,0,0,0,0,0
"E342","I01",1,1,1,0,0,0
"E342","I02",2,1,1,0,0,0
"E342","I03",3,0,0,0,0,0
"E342","I04",4,1,1,0,0,0
"E342","I05",5,1,1,0,0,0
"E342","I06",6,1,1,0,0,0
"E342","I07",7,1,1,0,0,0
"E342","I08",8,1,1,0,0,0
"E342","I09",9,1,1,0,0,0
"E342","I10",10,1,1,0,0,0
"E342","I11",11,0,0,0,0,0
"E342","I12",12,1,0,1,0,1
"E342","I13",13,1,1,0,0,0
"E342","I14",14,1,1,0,0,0
"E342","I15",15,0,0,0,0,0
"E342","I16",16,1,1,0,0,0
"E342","I17",17,0,0,0,0,0
"E342","I18",18,1,1,0,0,0
"E342","I19",19,1,1,0,0,0
"E342","I20",20,1,1,0,0,0
"E342","I21",21,0,0,0,0,0
"E342","I22",22,0,0,0,0,0
"E342","I23",23,0,0,0,0,0
"E342","I24",24,0,0,0,0,0
"E342","I25",25,0,0,0,0,0
"E342","I26",26,0,0,0,0,0
"E342","I27",27,0,0,0,0,0
"E342","I28",28,1,1,0,0,0
"E342","I29",29,1,1,0,0,0
"E342","I30",30,0,0,0,0,0
"E342","I31",31,0,0,0,0,0
"E342","I32",32,1,1,0,0,0
"E342","I33",33,0,0,0,0,0
"E342","I34",34,1,1,0,0,0
"E342","I35",35,0,0,0,0,0
"E342","I36",36,1,1,0,0,0
"E342","I37",37,1,1,0,0,0
"E342","I38",38,1,1,0,0,0
"E342","I39",39,0,0,0,0,0
"E342","I40",40,1,1,0,0,0
"E343","I01",1,1,1,0,0,0
"E343","I02",2,1,1,0,0,0
"E343","I03",3,1,1,0,0,0
"E343","I04",4,1,1,0,0,0
"E343","I05",5,1,1,0,0,0
"E343","I06",6,1,1,0,0,0
"E343","I07",7,1,1,0,0,0
"E343","I08",8,1,1,0,0,0
"E343","I09",9,0,0,0,0,0
"E343","I10",10,1,1,0,0,0
"E343","I11",11,0,0,0,0,0
"E343","I12",12,1,1,0,0,0
"E343","I13",13,1,1,0,0,0
"E343","I14",14,1,1,0,0,0
"E343","I15",15,1,1,0,0,0
"E343","I16",16,0,0,0,0,0
"E343","I17",17,1,1,0,0,0
"E343","I18",18,1,1,0,0,0
"E343","I19",19,1,1,0,0,0
"E343","I20",20,1,1,0,0,0
"E343","I21",21,0,0,0,0,0
"E343","I22",22,1,1,0,0,0
"E343","I23",23,1,1,0,0,0
"E343","I24",24,1,1,0,0,0
"E343","I25",25,0,0,0,0,0
"E343","I26",26,1,1,0,0,0
"E343","I27",27,1,1,0,0,0
"E343","I28",28,1,1,0,0,0
"E343","I29",29,0,0,0,0,0
"E343","I30",30,1,1,0,0,0
"E343","I31",31,1,1,0,0,0
"E343","I32",32,1,1,0,0,0
"E343","I33",33,1,1,0,0,0
"E343","I34",34,1,1,0,0,0
"E343","I35",35,1,1,0,0,0
"E343","I36",36,1,1,0,0,0
"E343","I37",37,1,1,0,0,0
"E343","I38",38,1,1,0,0,0
"E343","I39",39,1,1,0,0,0
"E343","I40",40,1,1,0,0,0
"E344","I01",1,1,1,0,0,0
"E344","I02",2,0,0,0,0,0
"E344","I03",3,0,0,0,0,0
"E344","I04",4,0,0,0,0,0
"E344","I05",5,1,1,0,0,0
"E344","I06",6,0,0,0,0,0
"E344","I07",7,0,0,0,0,0
"E344","I08",8,0,0,0,0,0
"E344","I09",9,1,1,0,0,0
"E344","I10",10,0,0,0,0,0
"E344","I11",11,0,0,0,0,0
"E344","I12",12,0,0,0,0,0
"E344","I13",13,0,0,0,0,0
"E344","I14",14,0,0,0,0,0
"E344","I15",15,0,1,1,1,0
"E344","I16",16,0,0,0,0,0
"E344","I17",17,1,1,0,0,0
"E344","I18",18,0,0,0,0,0
"E344","I19",19,1,1,0,0,0
"E344","I20",20,0,0,0,0,0
"E344","I21",21,0,0,0,0,0
"E344","I22",22,0,0,0,0,0
"E344","I23",23,0,0,0,0,0
"E344","I24",24,0,0,0,0,0
"E344","I25",25,1,1,0,0,0
"E344","I26",26,1,1,0,0,0
"E344","I27",27,1,0,1,0,1
"E344","I28",28,1,0,1,0,1
"E344","I29",29,0,0,0,0,0
"E344","I30",30,0,0,0,0,0
"E344","I31",31,1,1,0,0,0
"E344","I32",32,1,1,0,0,0
"E344","I33",33,0,0,0,0,0
"E344","I34",34,0,0,0,0,0
"E344","I35",35,0,0,0,0,0
"E344","I36",36,0,0,0,0,0
"E344","I37",37,0,0,0,0,0
"E344","I38",38,0,0,0,0,0
"E344","I39",39,0,0,0,0,0
"E344","I40",40,0,0,0,0,0
"E345","I01",1,1,1,0,0,0
"E345","I02",2,0,0,0,0,0
"E345","I03",3,0,0,0,0,0
"E345","I04",4,1,1,0,0,0
"E345","I05",5,1,0,1,0,1
"E345","I06",6,1,1,0,0,0
"E345","I07",7,1,1,0,0,0
"E345","I08",8,0,0,0,0,0
"E345","I09",9,1,1,0,0,0
"E345","I10",10,0,0,0,0,0
"E345","I11",11,0,0,0,0,0
"E345","I12",12,1,1,0,0,0
"E345","I13",13,1,1,0,0,0
"E345","I14",14,1,1,0,0,0
"E345","I15",15,0,0,0,0,0
"E345","I16",16,0,0,0,0,0
"E345","I17",17,0,0,0,0,0
"E345","I18",18,1,1,0,0,0
"E345","I19",19,0,0,0,0,0
"E345","I20",20,1,1,0,0,0
"E345","I21",21,1,1,0,0,0
"E345","I22",22,0,0,0,0,0
"E345","I23",23,0,0,0,0,0
"E345","I24",24,1,1,0,0,0
"E345","I25",25,0,0,0,0,0
"E345","I26",26,1,1,0,0,0
"E345","I27",27,1,0,1,0,1
"E345","I28",28,1,1,0,0,0
"E345","I29",29,0,0,0,0,0
"E345","I30",30,0,0,0,0,0
"E345","I31",31,0,0,0,0,0
"E345","I32",32,1,1,0,0,0
"E345","I33",33,0,0,0,0,0
"E345","I34",34,0,0,0,0,0
"E345","I35",35,0,0,0,0,0
"E345","I36",36,0,0,0,0,0
"E345","I37",37,1,1,0,0,0
"E345","I38",38,1,1,0,0,0
"E345","I39",39,0,0,0,0,0
"E345","I40",40,1,1,0,0,0
"E346","I01",1,1,1,0,0,0
"E346","I02",2,1,1,0,0,0
"E346","I03",3,0,0,0,0,0
"E346","I04",4,1,1,0,0,0
"E346","I05",5,1,1,0,0,0
"E346","I06",6,1,1,0,0,0
"E346","I07",7,1,1,0,0,0
"E346","I08",8,0,0,0,0,0
"E346","I09",9,0,0,0,0,0
"E346","I10",10,0,0,0,0,0
"E346","I11",11,1,1,0,0,0
"E346","I12",12,1,1,0,0,0
"E346","I13",13,1,1,0,0,0
"E346","I14",14,0,0,0,0,0
"E346","I15",15,1,1,0,0,0
"E346","I16",16,0,0,0,0,0
"E346","I17",17,0,0,0,0,0
"E346","I18",18,1,1,0,0,0
"E346","I19",19,1,1,0,0,0
"E346","I20",20,1,1,0,0,0
"E346","I21",21,0,1,1,1,0
"E346","I22",22,1,1,0,0,0
"E346","I23",23,1,1,0,0,0
"E346","I24",24,0,0,0,0,0
"E346","I25",25,0,0,0,0,0
"E346","I26",26,1,1,0,0,0
"E346","I27",27,0,0,0,0,0
"E346","I28",28,0,1,1,1,0
"E346","I29",29,1,1,0,0,0
"E346","I30",30,1,1,0,0,0
"E346","I31",31,0,0,0,0,0
"E346","I32",32,1,1,0,0,0
"E346","I33",33,1,0,1,0,1
"E346","I34",34,1,1,0,0,0
"E346","I35",35,1,1,0,0,0
"E346","I36",36,1,1,0,0,0
"E346","I37",37,1,1,0,0,0
"E346","I38",38,1,1,0,0,0
"E346","I39",39,1,1,0,0,0
"E346","I40",40,0,0,0,0,0
"E347","I01",1,1,1,0,0,0
"E347","I02",2,1,1,0,0,0
"E347","I03",3,1,1,0,0,0
"E347","I04",4,1,1,0,0,0
"E347","I05",5,1,1,0,0,0
"E347","I06",6,0,0,0,0,0
"E347","I07",7,1,1,0,0,0
"E347","I08",8,1,1,0,0,0
"E347","I09",9,1,1,0,0,0
"E347","I10",10,1,1,0,0,0
"E347","I11",11,1,1,0,0,0
"E347","I12",12,1,1,0,0,0
"E347","I13",13,1,1,0,0,0
"E347","I14",14,0,0,0,0,0
"E347","I15",15,1,1,0,0,0
"E347","I16",16,1,1,0,0,0
"E347","I17",17,0,1,1,1,0
"E347","I18",18,1,1,0,0,0
"E347","I19",19,1,1,0,0,0
"E347","I20",20,1,1,0,0,0
"E347","I21",21,0,0,0,0,0
"E347","I22",22,0,0,0,0,0
"E347","I23",23,1,1,0,0,0
"E347","I24",24,1,1,0,0,0
"E347","I25",25,1,1,0,0,0
"E347","I26",26,1,1,0,0,0
"E347","I27",27,1,1,0,0,0
"E347","I28",28,1,1,0,0,0
"E347","I29",29,1,1,0,0,0
"E347","I30",30,0,0,0,0,0
"E347","I31",31,0,0,0,0,0
"E347","I32",32,1,1,0,0,0
"E347","I33",33,0,0,0,0,0
"E347","I34",34,0,0,0,0,0
"E347","I35",35,0,1,1,1,0
"E347","I36",36,1,1,0,0,0
"E347","I37",37,1,1,0,0,0
"E347","I38",38,1,1,0,0,0
"E347","I39",39,1,1,0,0,0
"E347","I40",40,1,1,0,0,0
"E348","I01",1,1,1,0,0,0
"E348","I02",2,1,1,0,0,0
"E348","I03",3,1,1,0,0,0
"E348","I04",4,1,1,0,0,0
"E348","I05",5,1,1,0,0,0
"E348","I06",6,1,1,0,0,0
"E348","I07",7,1,1,0,0,0
"E348","I08",8,1,1,0,0,0
"E348","I09",9,1,1,0,0,0
"E348","I10",10,0,0,0,0,0
"E348","I11",11,0,0,0,0,0
"E348","I12",12,1,1,0,0,0
"E348","I13",13,0,0,0,0,0
"E348","I14",14,1,1,0,0,0
"E348","I15",15,1,1,0,0,0
"E348","I16",16,1,1,0,0,0
"E348","I17",17,1,1,0,0,0
"E348","I18",18,1,1,0,0,0
"E348","I19",19,1,1,0,0,0
"E348","I20",20,1,1,0,0,0
"E348","I21",21,0,0,0,0,0
"E348","I22",22,1,0,1,0,1
"E348","I23",23,1,1,0,0,0
"E348","I24",24,1,1,0,0,0
"E348","I25",25,1,1,0,0,0
"E348","I26",26,1,1,0,0,0
"E348","I27",27,1,1,0,0,0
"E348","I28",28,1,1,0,0,0
"E348","I29",29,1,1,0,0,0
"E348","I30",30,1,1,0,0,0
"E348","I31",31,0,1,1,1,0
"E348","I32",32,1,1,0,0,0
"E348","I33",33,1,1,0,0,0
"E348","I34",34,1,1,0,0,0
"E348","I35",35,0,1,1,1,0
"E348","I36",36,1,1,0,0,0
"E348","I37",37,1,1,0,0,0
"E348","I38",38,1,1,0,0,0
"E348","I39",39,1,1,0,0,0
"E348","I40",40,1,1,0,0,0
"E349","I01",1,1,1,0,0,0
"E349","I02",2,1,1,0,0,0
"E349","I03",3,0,0,0,0,0
"E349","I04",4,0,0,0,0,0
"E349","I05",5,0,0,0,0,0
"E349","I06",6,0,0,0,0,0
"E349","I07",7,0,0,0,0,0
"E349","I08",8,0,0,0,0,0
"E349","I09",9,1,1,0,0,0
"E349","I10",10,1,1,0,0,0
"E349","I11",11,1,1,0,0,0
"E349","I12",12,1,1,0,0,0
"E349","I13",13,0,0,0,0,0
"E349","I14",14,1,1,0,0,0
"E349","I15",15,0,0,0,0,0
"E349","I16",16,1,1,0,0,0
"E349","I17",17,0,0,0,0,0
"E349","I18",18,1,1,0,0,0
"E349","I19",19,0,0,0,0,0
"E349","I20",20,1,1,0,0,0
"E349","I21",21,0,0,0,0,0
"E349","I22",22,1,1,0,0,0
"E349","I23",23,1,1,0,0,0
"E349","I24",24,0,0,0,0,0
"E349","I25",25,0,0,0,0,0
"E349","I26",26,0,0,0,0,0
"E349","I27",27,0,0,0,0,0
"E349","I28",28,1,1,0,0,0
"E349","I29",29,1,1,0,0,0
"E349","I30",30,0,0,0,0,0
"E349","I31",31,0,0,0,0,0
"E349","I32",32,1,1,0,0,0
"E349","I33",33,1,1,0,0,0
"E349","I34",34,0,0,0,0,0
"E349","I35",35,0,0,0,0,0
"E349","I36",36,0,0,0,0,0
"E349","I37",37,1,1,0,0,0
"E349","I38",38,1,1,0,0,0
"E349","I39",39,0,0,0,0,0
"E349","I40",40,0,0,0,0,0
"E350","I01",1,1,1,0,0,0
"E350","I02",2,1,1,0,0,0
"E350","I03",3,0,0,0,0,0
"E350","I04",4,0,0,0,0,0
"E350","I05",5,1,1,0,0,0
"E350","I06",6,1,1,0,0,0
"E350","I07",7,1,1,0,0,0
"E350","I08",8,1,1,0,0,0
"E350","I09",9,1,1,0,0,0
"E350","I10",10,1,1,0,0,0
"E350","I11",11,0,0,0,0,0
"E350","I12",12,1,1,0,0,0
"E350","I13",13,1,1,0,0,0
"E350","I14",14,0,0,0,0,0
"E350","I15",15,0,0,0,0,0
"E350","I16",16,1,1,0,0,0
"E350","I17",17,0,0,0,0,0
"E350","I18",18,0,0,0,0,0
"E350","I19",19,1,1,0,0,0
"E350","I20",20,1,1,0,0,0
"E350","I21",21,0,0,0,0,0
"E350","I22",22,0,0,0,0,0
"E350","I23",23,1,1,0,0,0
"E350","I24",24,0,0,0,0,0
"E350","I25",25,0,0,0,0,0
"E350","I26",26,1,1,0,0,0
"E350","I27",27,0,0,0,0,0
"E350","I28",28,1,1,0,0,0
"E350","I29",29,0,0,0,0,0
"E350","I30",30,1,1,0,0,0
"E350","I31",31,0,0,0,0,0
"E350","I32",32,1,1,0,0,0
"E350","I33",33,0,0,0,0,0
"E350","I34",34,0,0,0,0,0
"E350","I35",35,1,1,0,0,0
"E350","I36",36,1,1,0,0,0
"E350","I37",37,1,1,0,0,0
"E350","I38",38,1,1,0,0,0
"E350","I39",39,0,0,0,0,0
"E350","I40",40,0,0,0,0,0
"E351","I01",1,1,1,0,0,0
"E351","I02",2,0,0,0,0,0
"E351","I03",3,1,1,0,0,0
"E351","I04",4,1,1,0,0,0
"E351","I05",5,1,1,0,0,0
"E351","I06",6,1,0,1,0,1
"E351","I07",7,1,1,0,0,0
"E351","I08",8,1,1,0,0,0
"E351","I09",9,1,1,0,0,0
"E351","I10",10,0,0,0,0,0
"E351","I11",11,0,0,0,0,0
"E351","I12",12,1,1,0,0,0
"E351","I13",13,0,0,0,0,0
"E351","I14",14,1,1,0,0,0
"E351","I15",15,0,0,0,0,0
"E351","I16",16,1,1,0,0,0
"E351","I17",17,0,0,0,0,0
"E351","I18",18,1,1,0,0,0
"E351","I19",19,1,1,0,0,0
"E351","I20",20,0,0,0,0,0
"E351","I21",21,1,1,0,0,0
"E351","I22",22,1,1,0,0,0
"E351","I23",23,1,1,0,0,0
"E351","I24",24,1,1,0,0,0
"E351","I25",25,1,1,0,0,0
"E351","I26",26,1,1,0,0,0
"E351","I27",27,1,1,0,0,0
"E351","I28",28,1,1,0,0,0
"E351","I29",29,1,1,0,0,0
"E351","I30",30,1,1,0,0,0
"E351","I31",31,1,1,0,0,0
"E351","I32",32,1,1,0,0,0
"E351","I33",33,1,1,0,0,0
"E351","I34",34,0,0,0,0,0
"E351","I35",35,0,1,1,1,0
"E351","I36",36,1,1,0,0,0
"E351","I37",37,0,0,0,0,0
"E351","I38",38,1,1,0,0,0
"E351","I39",39,1,1,0,0,0
"E351","I40",40,0,0,0,0,0
"E352","I01",1,1,1,0,0,0
"E352","I02",2,0,0,0,0,0
"E352","I03",3,0,0,0,0,0
"E352","I04",4,0,0,0,0,0
"E352","I05",5,0,0,0,0,0
"E352","I06",6,0,0,0,0,0
"E352","I07",7,1,1,0,0,0
"E352","I08",8,1,1,0,0,0
"E352","I09",9,1,1,0,0,0
"E352","I10",10,0,0,0,0,0
"E352","I11",11,0,0,0,0,0
"E352","I12",12,1,1,0,0,0
"E352","I13",13,0,0,0,0,0
"E352","I14",14,0,0,0,0,0
"E352","I15",15,0,0,0,0,0
"E352","I16",16,0,0,0,0,0
"E352","I17",17,0,0,0,0,0
"E352","I18",18,0,0,0,0,0
"E352","I19",19,1,1,0,0,0
"E352","I20",20,1,1,0,0,0
"E352","I21",21,0,0,0,0,0
"E352","I22",22,0,0,0,0,0
"E352","I23",23,0,0,0,0,0
"E352","I24",24,0,0,0,0,0
"E352","I25",25,1,1,0,0,0
"E352","I26",26,1,1,0,0,0
"E352","I27",27,1,1,0,0,0
"E352","I28",28,0,1,1,1,0
"E352","I29",29,1,1,0,0,0
"E352","I30",30,0,0,0,0,0
"E352","I31",31,0,0,0,0,0
"E352","I32",32,1,1,0,0,0
"E352","I33",33,0,0,0,0,0
"E352","I34",34,0,0,0,0,0
"E352","I35",35,0,0,0,0,0
"E352","I36",36,1,1,0,0,0
"E352","I37",37,0,0,0,0,0
"E352","I38",38,0,0,0,0,0
"E352","I39",39,1,0,1,0,1
"E352","I40",40,0,0,0,0,0
"E353","I01",1,1,1,0,0,0
"E353","I02",2,1,1,0,0,0
"E353","I03",3,1,1,0,0,0
"E353","I04",4,1,1,0,0,0
"E353","I05",5,1,1,0,0,0
"E353","I06",6,0,0,0,0,0
"E353","I07",7,1,1,0,0,0
"E353","I08",8,0,1,1,1,0
"E353","I09",9,1,1,0,0,0
"E353","I10",10,1,1,0,0,0
"E353","I11",11,1,1,0,0,0
"E353","I12",12,1,1,0,0,0
"E353","I13",13,0,0,0,0,0
"E353","I14",14,0,0,0,0,0
"E353","I15",15,1,1,0,0,0
"E353","I16",16,1,1,0,0,0
"E353","I17",17,1,1,0,0,0
"E353","I18",18,0,0,0,0,0
"E353","I19",19,1,1,0,0,0
"E353","I20",20,1,1,0,0,0
"E353","I21",21,0,0,0,0,0
"E353","I22",22,1,1,0,0,0
"E353","I23",23,0,0,0,0,0
"E353","I24",24,1,1,0,0,0
"E353","I25",25,1,1,0,0,0
"E353","I26",26,1,1,0,0,0
"E353","I27",27,1,1,0,0,0
"E353","I28",28,1,1,0,0,0
"E353","I29",29,1,1,0,0,0
"E353","I30",30,1,1,0,0,0
"E353","I31",31,1,1,0,0,0
"E353","I32",32,1,1,0,0,0
"E353","I33",33,0,0,0,0,0
"E353","I34",34,1,1,0,0,0
"E353","I35",35,1,1,0,0,0
"E353","I36",36,0,0,0,0,0
"E353","I37",37,1,1,0,0,0
"E353","I38",38,1,1,0,0,0
"E353","I39",39,0,0,0,0,0
"E353","I40",40,1,1,0,0,0
"E354","I01",1,0,0,0,0,0
"E354","I02",2,0,0,0,0,0
"E354","I03",3,1,1,0,0,0
"E354","I04",4,0,0,0,0,0
"E354","I05",5,0,0,0,0,0
"E354","I06",6,0,0,0,0,0
"E354","I07",7,1,1,0,0,0
"E354","I08",8,0,0,0,0,0
"E354","I09",9,1,1,0,0,0
"E354","I10",10,0,0,0,0,0
"E354","I11",11,0,0,0,0,0
"E354","I12",12,1,1,0,0,0
"E354","I13",13,0,0,0,0,0
"E354","I14",14,0,0,0,0,0
"E354","I15",15,0,0,0,0,0
"E354","I16",16,0,0,0,0,0
"E354","I17",17,0,0,0,0,0
"E354","I18",18,0,0,0,0,0
"E354","I19",19,1,1,0,0,0
"E354","I20",20,1,1,0,0,0
"E354","I21",21,0,0,0,0,0
"E354","I22",22,0,0,0,0,0
"E354","I23",23,0,0,0,0,0
"E354","I24",24,1,1,0,0,0
"E354","I25",25,0,1,1,1,0
"E354","I26",26,1,1,0,0,0
"E354","I27",27,0,0,0,0,0
"E354","I28",28,1,1,0,0,0
"E354","I29",29,0,0,0,0,0
"E354","I30",30,1,1,0,0,0
"E354","I31",31,0,0,0,0,0
"E354","I32",32,0,0,0,0,0
"E354","I33",33,0,0,0,0,0
"E354","I34",34,0,0,0,0,0
"E354","I35",35,0,0,0,0,0
"E354","I36",36,0,0,0,0,0
"E354","I37",37,0,0,0,0,0
"E354","I38",38,1,1,0,0,0
"E354","I39",39,0,0,0,0,0
"E354","I40",40,1,0,1,0,1
"E355","I01",1,1,1,0,0,0
"E355","I02",2,1,1,0,0,0
"E355","I03",3,0,0,0,0,0
"E355","I04",4,0,0,0,0,0
"E355","I05",5,0,0,0,0,0
"E355","I06",6,0,0,0,0,0
"E355","I07",7,1,1,0,0,0
"E355","I08",8,0,0,0,0,0
"E355","I09",9,0,0,0,0,0
"E355","I10",10,0,0,0,0,0
"E355","I11",11,0,0,0,0,0
"E355","I12",12,0,0,0,0,0
"E355","I13",13,0,0,0,0,0
"E355","I14",14,0,0,0,0,0
"E355","I15",15,0,0,0,0,0
"E355","I16",16,0,0,0,0,0
"E355","I17",17,0,0,0,0,0
"E355","I18",18,0,0,0,0,0
"E355","I19",19,1,1,0,0,0
"E355","I20",20,0,0,0,0,0
"E355","I21",21,0,0,0,0,0
"E355","I22",22,0,0,0,0,0
"E355","I23",23,0,0,0,0,0
"E355","I24",24,1,1,0,0,0
"E355","I25",25,1,0,1,0,1
"E355","I26",26,0,0,0,0,0
"E355","I27",27,0,0,0,0,0
"E355","I28",28,0,0,0,0,0
"E355","I29",29,0,0,0,0,0
"E355","I30",30,0,0,0,0,0
"E355","I31",31,1,1,0,0,0
"E355","I32",32,1,1,0,0,0
"E355","I33",33,0,0,0,0,0
"E355","I34",34,0,0,0,0,0
"E355","I35",35,0,0,0,0,0
"E355","I36",36,0,0,0,0,0
"E355","I37",37,1,1,0,0,0
"E355","I38",38,0,0,0,0,0
"E355","I39",39,0,0,0,0,0
"E355","I40",40,0,0,0,0,0
"E356","I01",1,0,0,0,0,0
"E356","I02",2,0,0,0,0,0
"E356","I03",3,0,0,0,0,0
"E356","I04",4,1,1,0,0,0
"E356","I05",5,1,1,0,0,0
"E356","I06",6,0,0,0,0,0
"E356","I07",7,0,0,0,0,0
"E356","I08",8,1,1,0,0,0
"E356","I09",9,1,1,0,0,0
"E356","I10",10,1,1,0,0,0
"E356","I11",11,0,0,0,0,0
"E356","I12",12,1,1,0,0,0
"E356","I13",13,0,0,0,0,0
"E356","I14",14,0,0,0,0,0
"E356","I15",15,1,1,0,0,0
"E356","I16",16,1,1,0,0,0
"E356","I17",17,1,1,0,0,0
"E356","I18",18,0,0,0,0,0
"E356","I19",19,1,1,0,0,0
"E356","I20",20,1,1,0,0,0
"E356","I21",21,0,0,0,0,0
"E356","I22",22,0,0,0,0,0
"E356","I23",23,1,1,0,0,0
"E356","I24",24,0,0,0,0,0
"E356","I25",25,1,1,0,0,0
"E356","I26",26,0,0,0,0,0
"E356","I27",27,0,0,0,0,0
"E356","I28",28,0,0,0,0,0
"E356","I29",29,1,1,0,0,0
"E356","I30",30,1,1,0,0,0
"E356","I31",31,0,0,0,0,0
"E356","I32",32,1,1,0,0,0
"E356","I33",33,0,0,0,0,0
"E356","I34",34,0,0,0,0,0
"E356","I35",35,1,1,0,0,0
"E356","I36",36,1,1,0,0,0
"E356","I37",37,0,0,0,0,0
"E356","I38",38,1,1,0,0,0
"E356","I39",39,1,1,0,0,0
"E356","I40",40,1,1,0,0,0
"E357","I01",1,1,1,0,0,0
"E357","I02",2,0,0,0,0,0
"E357","I03",3,0,0,0,0,0
"E357","I04",4,1,1,0,0,0
"E357","I05",5,1,1,0,0,0
"E357","I06",6,1,1,0,0,0
"E357","I07",7,0,1,1,1,0
"E357","I08",8,1,1,0,0,0
"E357","I09",9,0,0,0,0,0
"E357","I10",10,1,1,0,0,0
"E357","I11",11,1,1,0,0,0
"E357","I12",12,1,1,0,0,0
"E357","I13",13,1,1,0,0,0
"E357","I14",14,0,0,0,0,0
"E357","I15",15,1,1,0,0,0
"E357","I16",16,1,1,0,0,0
"E357","I17",17,1,1,0,0,0
"E357","I18",18,0,1,1,1,0
"E357","I19",19,1,1,0,0,0
"E357","I20",20,0,0,0,0,0
"E357","I21",21,0,0,0,0,0
"E357","I22",22,1,1,0,0,0
"E357","I23",23,1,1,0,0,0
"E357","I24",24,1,1,0,0,0
"E357","I25",25,1,1,0,0,0
"E357","I26",26,1,1,0,0,0
"E357","I27",27,0,0,0,0,0
"E357","I28",28,1,1,0,0,0
"E357","I29",29,0,0,0,0,0
"E357","I30",30,0,0,0,0,0
"E357","I31",31,1,1,0,0,0
"E357","I32",32,1,1,0,0,0
"E357","I33",33,1,1,0,0,0
"E357","I34",34,0,0,0,0,0
"E357","I35",35,0,0,0,0,0
"E357","I36",36,1,1,0,0,0
"E357","I37",37,0,0,0,0,0
"E357","I38",38,1,1,0,0,0
"E357","I39",39,0,0,0,0,0
"E357","I40",40,0,0,0,0,0
"E358","I01",1,0,0,0,0,0
"E358","I02",2,0,0,0,0,0
"E358","I03",3,1,1,0,0,0
"E358","I04",4,0,0,0,0,0
"E358","I05",5,1,1,0,0,0
"E358","I06",6,1,1,0,0,0
"E358","I07",7,1,1,0,0,0
"E358","I08",8,0,1,1,1,0
"E358","I09",9,1,1,0,0,0
"E358","I10",10,1,1,0,0,0
"E358","I11",11,0,0,0,0,0
"E358","I12",12,0,0,0,0,0
"E358","I13",13,0,1,1,1,0
"E358","I14",14,0,0,0,0,0
"E358","I15",15,0,0,0,0,0
"E358","I16",16,1,1,0,0,0
"E358","I17",17,0,0,0,0,0
"E358","I18",18,0,0,0,0,0
"E358","I19",19,0,0,0,0,0
"E358","I20",20,1,1,0,0,0
"E358","I21",21,0,0,0,0,0
"E358","I22",22,0,0,0,0,0
"E358","I23",23,1,1,0,0,0
"E358","I24",24,0,0,0,0,0
"E358","I25",25,0,0,0,0,0
"E358","I26",26,1,1,0,0,0
"E358","I27",27,0,0,0,0,0
"E358","I28",28,1,1,0,0,0
"E358","I29",29,0,0,0,0,0
"E358","I30",30,0,0,0,0,0
"E358","I31",31,0,0,0,0,0
"E358","I32",32,0,0,0,0,0
"E358","I33",33,0,0,0,0,0
"E358","I34",34,0,0,0,0,0
"E358","I35",35,0,0,0,0,0
"E358","I36",36,1,1,0,0,0
"E358","I37",37,1,1,0,0,0
"E358","I38",38,0,0,0,0,0
"E358","I39",39,0,0,0,0,0
"E358","I40",40,0,0,0,0,0
"E359","I01",1,1,1,0,0,0
"E359","I02",2,0,0,0,0,0
"E359","I03",3,1,1,0,0,0
"E359","I04",4,0,0,0,0,0
"E359","I05",5,0,0,0,0,0
"E359","I06",6,0,0,0,0,0
"E359","I07",7,0,0,0,0,0
"E359","I08",8,1,1,0,0,0
"E359","I09",9,0,0,0,0,0
"E359","I10",10,0,0,0,0,0
"E359","I11",11,0,0,0,0,0
"E359","I12",12,1,1,0,0,0
"E359","I13",13,0,0,0,0,0
"E359","I14",14,0,0,0,0,0
"E359","I15",15,0,0,0,0,0
"E359","I16",16,1,1,0,0,0
"E359","I17",17,0,0,0,0,0
"E359","I18",18,0,0,0,0,0
"E359","I19",19,0,0,0,0,0
"E359","I20",20,0,0,0,0,0
"E359","I21",21,0,0,0,0,0
"E359","I22",22,0,0,0,0,0
"E359","I23",23,0,0,0,0,0
"E359","I24",24,0,0,0,0,0
"E359","I25",25,0,0,0,0,0
"E359","I26",26,0,0,0,0,0
"E359","I27",27,0,0,0,0,0
"E359","I28",28,0,0,0,0,0
"E359","I29",29,0,0,0,0,0
"E359","I30",30,1,1,0,0,0
"E359","I31",31,0,0,0,0,0
"E359","I32",32,1,1,0,0,0
"E359","I33",33,0,0,0,0,0
"E359","I34",34,0,0,0,0,0
"E359","I35",35,0,0,0,0,0
"E359","I36",36,1,1,0,0,0
"E359","I37",37,0,0,0,0,0
"E359","I38",38,0,0,0,0,0
"E359","I39",39,0,0,0,0,0
"E359","I40",40,0,0,0,0,0
"E360","I01",1,1,1,0,0,0
"E360","I02",2,0,0,0,0,0
"E360","I03",3,0,0,0,0,0
"E360","I04",4,0,0,0,0,0
"E360","I05",5,1,1,0,0,0
"E360","I06",6,1,1,0,0,0
"E360","I07",7,0,0,0,0,0
"E360","I08",8,1,1,0,0,0
"E360","I09",9,1,1,0,0,0
"E360","I10",10,0,0,0,0,0
"E360","I11",11,0,0,0,0,0
"E360","I12",12,0,0,0,0,0
"E360","I13",13,0,0,0,0,0
"E360","I14",14,1,1,0,0,0
"E360","I15",15,0,0,0,0,0
"E360","I16",16,0,0,0,0,0
"E360","I17",17,1,0,1,0,1
"E360","I18",18,1,1,0,0,0
"E360","I19",19,0,1,1,1,0
"E360","I20",20,1,1,0,0,0
"E360","I21",21,0,0,0,0,0
"E360","I22",22,1,1,0,0,0
"E360","I23",23,0,0,0,0,0
"E360","I24",24,0,0,0,0,0
"E360","I25",25,1,1,0,0,0
"E360","I26",26,1,1,0,0,0
"E360","I27",27,1,1,0,0,0
"E360","I28",28,0,0,0,0,0
"E360","I29",29,0,1,1,1,0
"E360","I30",30,0,0,0,0,0
"E360","I31",31,0,0,0,0,0
"E360","I32",32,0,0,0,0,0
"E360","I33",33,0,0,0,0,0
"E360","I34",34,0,0,0,0,0
"E360","I35",35,0,0,0,0,0
"E360","I36",36,0,0,0,0,0
"E360","I37",37,0,0,0,0,0
"E360","I38",38,0,0,0,0,0
"E360","I39",39,0,0,0,0,0
"E360","I40",40,0,0,0,0,0
"E361","I01",1,0,1,1,1,0
"E361","I02",2,0,0,0,0,0
"E361","I03",3,1,1,0,0,0
"E361","I04",4,0,0,0,0,0
"E361","I05",5,1,1,0,0,0
"E361","I06",6,1,1,0,0,0
"E361","I07",7,0,0,0,0,0
"E361","I08",8,1,1,0,0,0
"E361","I09",9,0,0,0,0,0
"E361","I10",10,0,0,0,0,0
"E361","I11",11,0,0,0,0,0
"E361","I12",12,1,1,0,0,0
"E361","I13",13,0,0,0,0,0
"E361","I14",14,1,1,0,0,0
"E361","I15",15,0,0,0,0,0
"E361","I16",16,1,1,0,0,0
"E361","I17",17,0,0,0,0,0
"E361","I18",18,1,1,0,0,0
"E361","I19",19,1,1,0,0,0
"E361","I20",20,1,1,0,0,0
"E361","I21",21,0,0,0,0,0
"E361","I22",22,0,1,1,1,0
"E361","I23",23,0,0,0,0,0
"E361","I24",24,1,1,0,0,0
"E361","I25",25,0,1,1,1,0
"E361","I26",26,1,1,0,0,0
"E361","I27",27,1,1,0,0,0
"E361","I28",28,1,1,0,0,0
"E361","I29",29,0,0,0,0,0
"E361","I30",30,1,1,0,0,0
"E361","I31",31,1,1,0,0,0
"E361","I32",32,0,0,0,0,0
"E361","I33",33,0,0,0,0,0
"E361","I34",34,0,0,0,0,0
"E361","I35",35,1,1,0,0,0
"E361","I36",36,1,1,0,0,0
"E361","I37",37,1,1,0,0,0
"E361","I38",38,1,1,0,0,0
"E361","I39",39,0,0,0,0,0
"E361","I40",40,0,0,0,0,0
"E362","I01",1,1,1,0,0,0
"E362","I02",2,0,0,0,0,0
"E362","I03",3,0,0,0,0,0
"E362","I04",4,0,0,0,0,0
"E362","I05",5,0,1,1,1,0
"E362","I06",6,0,0,0,0,0
"E362","I07",7,0,0,0,0,0
"E362","I08",8,1,0,1,0,1
"E362","I09",9,1,1,0,0,0
"E362","I10",10,0,0,0,0,0
"E362","I11",11,0,0,0,0,0
"E362","I12",12,0,0,0,0,0
"E362","I13",13,0,0,0,0,0
"E362","I14",14,0,0,0,0,0
"E362","I15",15,0,0,0,0,0
"E362","I16",16,0,0,0,0,0
"E362","I17",17,0,0,0,0,0
"E362","I18",18,0,0,0,0,0
"E362","I19",19,1,1,0,0,0
"E362","I20",20,0,0,0,0,0
"E362","I21",21,0,0,0,0,0
"E362","I22",22,0,0,0,0,0
"E362","I23",23,0,0,0,0,0
"E362","I24",24,0,0,0,0,0
"E362","I25",25,1,0,1,0,1
"E362","I26",26,0,0,0,0,0
"E362","I27",27,0,0,0,0,0
"E362","I28",28,0,0,0,0,0
"E362","I29",29,0,0,0,0,0
"E362","I30",30,0,0,0,0,0
"E362","I31",31,0,0,0,0,0
"E362","I32",32,0,0,0,0,0
"E362","I33",33,0,0,0,0,0
"E362","I34",34,0,0,0,0,0
"E362","I35",35,0,0,0,0,0
"E362","I36",36,1,1,0,0,0
"E362","I37",37,1,1,0,0,0
"E362","I38",38,0,0,0,0,0
"E362","I39",39,0,0,0,0,0
"E362","I40",40,0,0,0,0,0
"E363","I01",1,1,1,0,0,0
"E363","I02",2,0,0,0,0,0
"E363","I03",3,0,0,0,0,0
"E363","I04",4,0,0,0,0,0
"E363","I05",5,0,0,0,0,0
"E363","I06",6,1,1,0,0,0
"E363","I07",7,0,0,0,0,0
"E363","I08",8,0,0,0,0,0
"E363","I09",9,0,0,0,0,0
"E363","I10",10,1,1,0,0,0
"E363","I11",11,0,0,0,0,0
"E363","I12",12,0,0,0,0,0
"E363","I13",13,0,0,0,0,0
"E363","I14",14,0,0,0,0,0
"E363","I15",15,1,1,0,0,0
"E363","I16",16,0,0,0,0,0
"E363","I17",17,0,0,0,0,0
"E363","I18",18,0,0,0,0,0
"E363","I19",19,1,1,0,0,0
"E363","I20",20,0,0,0,0,0
"E363","I21",21,0,0,0,0,0
"E363","I22",22,0,0,0,0,0
"E363","I23",23,0,0,0,0,0
"E363","I24",24,0,0,0,0,0
"E363","I25",25,0,0,0,0,0
"E363","I26",26,1,1,0,0,0
"E363","I27",27,0,0,0,0,0
"E363","I28",28,0,0,0,0,0
"E363","I29",29,0,0,0,0,0
"E363","I30",30,0,0,0,0,0
"E363","I31",31,0,0,0,0,0
"E363","I32",32,0,0,0,0,0
"E363","I33",33,0,0,0,0,0
"E363","I34",34,0,0,0,0,0
"E363","I35",35,1,1,0,0,0
"E363","I36",36,1,1,0,0,0
"E363","I37",37,0,0,0,0,0
"E363","I38",38,0,0,0,0,0
"E363","I39",39,0,0,0,0,0
"E363","I40",40,0,0,0,0,0
"E364","I01",1,0,0,0,0,0
"E364","I02",2,0,0,0,0,0
"E364","I03",3,0,0,0,0,0
"E364","I04",4,0,0,0,0,0
"E364","I05",5,0,0,0,0,0
"E364","I06",6,1,1,0,0,0
"E364","I07",7,1,1,0,0,0
"E364","I08",8,0,0,0,0,0
"E364","I09",9,0,0,0,0,0
"E364","I10",10,0,0,0,0,0
"E364","I11",11,0,0,0,0,0
"E364","I12",12,1,1,0,0,0
"E364","I13",13,1,1,0,0,0
"E364","I14",14,0,0,0,0,0
"E364","I15",15,1,1,0,0,0
"E364","I16",16,0,0,0,0,0
"E364","I17",17,0,0,0,0,0
"E364","I18",18,1,1,0,0,0
"E364","I19",19,0,0,0,0,0
"E364","I20",20,1,1,0,0,0
"E364","I21",21,0,0,0,0,0
"E364","I22",22,1,1,0,0,0
"E364","I23",23,0,0,0,0,0
"E364","I24",24,1,1,0,0,0
"E364","I25",25,1,1,0,0,0
"E364","I26",26,1,1,0,0,0
"E364","I27",27,0,0,0,0,0
"E364","I28",28,1,1,0,0,0
"E364","I29",29,0,0,0,0,0
"E364","I30",30,0,0,0,0,0
"E364","I31",31,0,0,0,0,0
"E364","I32",32,0,0,0,0,0
"E364","I33",33,1,0,1,0,1
"E364","I34",34,0,0,0,0,0
"E364","I35",35,0,0,0,0,0
"E364","I36",36,1,1,0,0,0
"E364","I37",37,1,1,0,0,0
"E364","I38",38,0,0,0,0,0
"E364","I39",39,0,0,0,0,0
"E364","I40",40,0,0,0,0,0
"E365","I01",1,1,1,0,0,0
"E365","I02",2,1,1,0,0,0
"E365","I03",3,1,1,0,0,0
"E365","I04",4,1,1,0,0,0
"E365","I05",5,1,1,0,0,0
"E365","I06",6,0,0,0,0,0
"E365","I07",7,0,1,1,1,0
"E365","I08",8,1,1,0,0,0
"E365","I09",9,1,1,0,0,0
"E365","I10",10,1,1,0,0,0
"E365","I11",11,0,0,0,0,0
"E365","I12",12,1,1,0,0,0
"E365","I13",13,1,1,0,0,0
"E365","I14",14,1,1,0,0,0
"E365","I15",15,1,1,0,0,0
"E365","I16",16,1,1,0,0,0
"E365","I17",17,1,1,0,0,0
"E365","I18",18,1,1,0,0,0
"E365","I19",19,1,1,0,0,0
"E365","I20",20,0,0,0,0,0
"E365","I21",21,1,1,0,0,0
"E365","I22",22,0,0,0,0,0
"E365","I23",23,1,1,0,0,0
"E365","I24",24,1,1,0,0,0
"E365","I25",25,1,1,0,0,0
"E365","I26",26,0,1,1,1,0
"E365","I27",27,1,1,0,0,0
"E365","I28",28,1,1,0,0,0
"E365","I29",29,1,1,0,0,0
"E365","I30",30,1,1,0,0,0
"E365","I31",31,1,1,0,0,0
"E365","I32",32,0,0,0,0,0
"E365","I33",33,0,0,0,0,0
"E365","I34",34,1,1,0,0,0
"E365","I35",35,1,1,0,0,0
"E365","I36",36,1,1,0,0,0
"E365","I37",37,1,1,0,0,0
"E365","I38",38,1,1,0,0,0
"E365","I39",39,1,1,0,0,0
"E365","I40",40,1,1,0,0,0
"E366","I01",1,1,1,0,0,0
"E366","I02",2,1,1,0,0,0
"E366","I03",3,1,1,0,0,0
"E366","I04",4,1,1,0,0,0
"E366","I05",5,1,1,0,0,0
"E366","I06",6,1,1,0,0,0
"E366","I07",7,0,0,0,0,0
"E366","I08",8,1,1,0,0,0
"E366","I09",9,1,1,0,0,0
"E366","I10",10,1,1,0,0,0
"E366","I11",11,0,0,0,0,0
"E366","I12",12,1,1,0,0,0
"E366","I13",13,0,0,0,0,0
"E366","I14",14,0,0,0,0,0
"E366","I15",15,1,1,0,0,0
"E366","I16",16,1,1,0,0,0
"E366","I17",17,1,1,0,0,0
"E366","I18",18,1,1,0,0,0
"E366","I19",19,1,1,0,0,0
"E366","I20",20,0,0,0,0,0
"E366","I21",21,0,0,0,0,0
"E366","I22",22,0,0,0,0,0
"E366","I23",23,1,1,0,0,0
"E366","I24",24,1,1,0,0,0
"E366","I25",25,1,1,0,0,0
"E366","I26",26,1,1,0,0,0
"E366","I27",27,1,1,0,0,0
"E366","I28",28,1,1,0,0,0
"E366","I29",29,1,1,0,0,0
"E366","I30",30,1,1,0,0,0
"E366","I31",31,1,1,0,0,0
"E366","I32",32,1,1,0,0,0
"E366","I33",33,1,1,0,0,0
"E366","I34",34,0,0,0,0,0
"E366","I35",35,1,1,0,0,0
"E366","I36",36,1,1,0,0,0
"E366","I37",37,1,1,0,0,0
"E366","I38",38,1,1,0,0,0
"E366","I39",39,0,0,0,0,0
"E366","I40",40,1,1,0,0,0
"E367","I01",1,1,1,0,0,0
"E367","I02",2,0,0,0,0,0
"E367","I03",3,0,0,0,0,0
"E367","I04",4,1,1,0,0,0
"E367","I05",5,0,0,0,0,0
"E367","I06",6,0,0,0,0,0
"E367","I07",7,0,0,0,0,0
"E367","I08",8,1,1,0,0,0
"E367","I09",9,0,0,0,0,0
"E367","I10",10,0,0,0,0,0
"E367","I11",11,1,1,0,0,0
"E367","I12",12,0,0,0,0,0
"E367","I13",13,1,1,0,0,0
"E367","I14",14,1,1,0,0,0
"E367","I15",15,0,0,0,0,0
"E367","I16",16,1,1,0,0,0
"E367","I17",17,0,0,0,0,0
"E367","I18",18,0,0,0,0,0
"E367","I19",19,0,0,0,0,0
"E367","I20",20,1,1,0,0,0
"E367","I21",21,0,0,0,0,0
"E367","I22",22,0,0,0,0,0
"E367","I23",23,0,0,0,0,0
"E367","I24",24,1,1,0,0,0
"E367","I25",25,0,0,0,0,0
"E367","I26",26,0,0,0,0,0
"E367","I27",27,0,0,0,0,0
"E367","I28",28,1,1,0,0,0
"E367","I29",29,0,0,0,0,0
"E367","I30",30,0,0,0,0,0
"E367","I31",31,0,0,0,0,0
"E367","I32",32,1,1,0,0,0
"E367","I33",33,0,0,0,0,0
"E367","I34",34,0,0,0,0,0
"E367","I35",35,0,0,0,0,0
"E367","I36",36,0,0,0,0,0
"E367","I37",37,1,1,0,0,0
"E367","I38",38,1,1,0,0,0
"E367","I39",39,0,0,0,0,0
"E367","I40",40,0,0,0,0,0
"E368","I01",1,1,1,0,0,0
"E368","I02",2,1,1,0,0,0
"E368","I03",3,1,1,0,0,0
"E368","I04",4,1,1,0,0,0
"E368","I05",5,0,0,0,0,0
"E368","I06",6,1,1,0,0,0
"E368","I07",7,0,0,0,0,0
"E368","I08",8,1,1,0,0,0
"E368","I09",9,0,0,0,0,0
"E368","I10",10,0,0,0,0,0
"E368","I11",11,1,1,0,0,0
"E368","I12",12,0,0,0,0,0
"E368","I13",13,1,1,0,0,0
"E368","I14",14,1,1,0,0,0
"E368","I15",15,1,1,0,0,0
"E368","I16",16,0,0,0,0,0
"E368","I17",17,0,0,0,0,0
"E368","I18",18,1,1,0,0,0
"E368","I19",19,1,1,0,0,0
"E368","I20",20,1,1,0,0,0
"E368","I21",21,1,1,0,0,0
"E368","I22",22,1,1,0,0,0
"E368","I23",23,1,1,0,0,0
"E368","I24",24,1,1,0,0,0
"E368","I25",25,1,1,0,0,0
"E368","I26",26,1,1,0,0,0
"E368","I27",27,1,1,0,0,0
"E368","I28",28,1,1,0,0,0
"E368","I29",29,1,1,0,0,0
"E368","I30",30,0,0,0,0,0
"E368","I31",31,0,0,0,0,0
"E368","I32",32,1,1,0,0,0
"E368","I33",33,0,0,0,0,0
"E368","I34",34,0,0,0,0,0
"E368","I35",35,1,1,0,0,0
"E368","I36",36,0,0,0,0,0
"E368","I37",37,0,1,1,1,0
"E368","I38",38,1,1,0,0,0
"E368","I39",39,0,1,1,1,0
"E368","I40",40,0,0,0,0,0
"E369","I01",1,1,1,0,0,0
"E369","I02",2,0,0,0,0,0
"E369","I03",3,0,0,0,0,0
"E369","I04",4,1,1,0,0,0
"E369","I05",5,1,1,0,0,0
"E369","I06",6,1,1,0,0,0
"E369","I07",7,0,1,1,1,0
"E369","I08",8,0,0,0,0,0
"E369","I09",9,1,1,0,0,0
"E369","I10",10,1,1,0,0,0
"E369","I11",11,0,0,0,0,0
"E369","I12",12,1,1,0,0,0
"E369","I13",13,1,1,0,0,0
"E369","I14",14,1,1,0,0,0
"E369","I15",15,1,1,0,0,0
"E369","I16",16,0,0,0,0,0
"E369","I17",17,0,0,0,0,0
"E369","I18",18,1,1,0,0,0
"E369","I19",19,1,1,0,0,0
"E369","I20",20,0,0,0,0,0
"E369","I21",21,0,0,0,0,0
"E369","I22",22,0,0,0,0,0
"E369","I23",23,1,1,0,0,0
"E369","I24",24,1,1,0,0,0
"E369","I25",25,0,0,0,0,0
"E369","I26",26,0,0,0,0,0
"E369","I27",27,1,1,0,0,0
"E369","I28",28,1,1,0,0,0
"E369","I29",29,1,1,0,0,0
"E369","I30",30,1,1,0,0,0
"E369","I31",31,1,1,0,0,0
"E369","I32",32,1,1,0,0,0
"E369","I33",33,1,1,0,0,0
"E369","I34",34,1,0,1,0,1
"E369","I35",35,1,1,0,0,0
"E369","I36",36,1,1,0,0,0
"E369","I37",37,1,1,0,0,0
"E369","I38",38,1,1,0,0,0
"E369","I39",39,1,1,0,0,0
"E369","I40",40,1,1,0,0,0
"E370","I01",1,1,1,0,0,0
"E370","I02",2,0,0,0,0,0
"E370","I03",3,0,0,0,0,0
"E370","I04",4,1,1,0,0,0
"E370","I05",5,1,0,1,0,1
"E370","I06",6,1,1,0,0,0
"E370","I07",7,1,1,0,0,0
"E370","I08",8,1,1,0,0,0
"E370","I09",9,0,0,0,0,0
"E370","I10",10,0,0,0,0,0
"E370","I11",11,0,0,0,0,0
"E370","I12",12,1,1,0,0,0
"E370","I13",13,1,1,0,0,0
"E370","I14",14,1,1,0,0,0
"E370","I15",15,0,1,1,1,0
"E370","I16",16,1,1,0,0,0
"E370","I17",17,0,0,0,0,0
"E370","I18",18,1,1,0,0,0
"E370","I19",19,0,0,0,0,0
"E370","I20",20,0,0,0,0,0
"E370","I21",21,0,0,0,0,0
"E370","I22",22,1,1,0,0,0
"E370","I23",23,1,1,0,0,0
"E370","I24",24,1,0,1,0,1
"E370","I25",25,1,1,0,0,0
"E370","I26",26,1,1,0,0,0
"E370","I27",27,1,1,0,0,0
"E370","I28",28,0,0,0,0,0
"E370","I29",29,0,0,0,0,0
"E370","I30",30,0,0,0,0,0
"E370","I31",31,0,0,0,0,0
"E370","I32",32,1,1,0,0,0
"E370","I33",33,0,0,0,0,0
"E370","I34",34,0,0,0,0,0
"E370","I35",35,0,0,0,0,0
"E370","I36",36,1,1,0,0,0
"E370","I37",37,1,1,0,0,0
"E370","I38",38,1,1,0,0,0
"E370","I39",39,1,1,0,0,0
"E370","I40",40,0,0,0,0,0
"E371","I01",1,1,1,0,0,0
"E371","I02",2,1,1,0,0,0
"E371","I03",3,1,1,0,0,0
"E371","I04",4,1,1,0,0,0
"E371","I05",5,1,1,0,0,0
"E371","I06",6,0,0,0,0,0
"E371","I07",7,1,1,0,0,0
"E371","I08",8,1,1,0,0,0
"E371","I09",9,0,0,0,0,0
"E371","I10",10,0,0,0,0,0
"E371","I11",11,0,0,0,0,0
"E371","I12",12,1,1,0,0,0
"E371","I13",13,1,1,0,0,0
"E371","I14",14,1,1,0,0,0
"E371","I15",15,1,1,0,0,0
"E371","I16",16,0,0,0,0,0
"E371","I17",17,1,1,0,0,0
"E371","I18",18,1,1,0,0,0
"E371","I19",19,1,1,0,0,0
"E371","I20",20,1,1,0,0,0
"E371","I21",21,1,1,0,0,0
"E371","I22",22,1,1,0,0,0
"E371","I23",23,1,1,0,0,0
"E371","I24",24,1,1,0,0,0
"E371","I25",25,1,1,0,0,0
"E371","I26",26,1,1,0,0,0
"E371","I27",27,1,1,0,0,0
"E371","I28",28,1,1,0,0,0
"E371","I29",29,1,1,0,0,0
"E371","I30",30,0,0,0,0,0
"E371","I31",31,0,0,0,0,0
"E371","I32",32,1,1,0,0,0
"E371","I33",33,0,0,0,0,0
"E371","I34",34,0,0,0,0,0
"E371","I35",35,0,1,1,1,0
"E371","I36",36,1,1,0,0,0
"E371","I37",37,1,1,0,0,0
"E371","I38",38,1,1,0,0,0
"E371","I39",39,0,0,0,0,0
"E371","I40",40,0,0,0,0,0
"E372","I01",1,1,1,0,0,0
"E372","I02",2,1,1,0,0,0
"E372","I03",3,1,1,0,0,0
"E372","I04",4,1,1,0,0,0
"E372","I05",5,1,1,0,0,0
"E372","I06",6,0,1,1,1,0
"E372","I07",7,1,1,0,0,0
"E372","I08",8,1,1,0,0,0
"E372","I09",9,1,1,0,0,0
"E372","I10",10,1,1,0,0,0
"E372","I11",11,0,0,0,0,0
"E372","I12",12,1,1,0,0,0
"E372","I13",13,1,1,0,0,0
"E372","I14",14,0,0,0,0,0
"E372","I15",15,1,1,0,0,0
"E372","I16",16,1,1,0,0,0
"E372","I17",17,1,1,0,0,0
"E372","I18",18,1,1,0,0,0
"E372","I19",19,1,1,0,0,0
"E372","I20",20,0,0,0,0,0
"E372","I21",21,0,0,0,0,0
"E372","I22",22,0,0,0,0,0
"E372","I23",23,1,1,0,0,0
"E372","I24",24,1,1,0,0,0
"E372","I25",25,0,0,0,0,0
"E372","I26",26,1,1,0,0,0
"E372","I27",27,0,0,0,0,0
"E372","I28",28,1,1,0,0,0
"E372","I29",29,1,1,0,0,0
"E372","I30",30,0,0,0,0,0
"E372","I31",31,0,0,0,0,0
"E372","I32",32,0,0,0,0,0
"E372","I33",33,0,0,0,0,0
"E372","I34",34,1,0,1,0,1
"E372","I35",35,0,1,1,1,0
"E372","I36",36,1,1,0,0,0
"E372","I37",37,1,1,0,0,0
"E372","I38",38,1,1,0,0,0
"E372","I39",39,0,0,0,0,0
"E372","I40",40,0,0,0,0,0
"E373","I01",1,1,1,0,0,0
"E373","I02",2,0,0,0,0,0
"E373","I03",3,1,1,0,0,0
"E373","I04",4,1,1,0,0,0
"E373","I05",5,1,1,0,0,0
"E373","I06",6,1,1,0,0,0
"E373","I07",7,1,1,0,0,0
"E373","I08",8,1,1,0,0,0
"E373","I09",9,0,0,0,0,0
"E373","I10",10,0,0,0,0,0
"E373","I11",11,0,0,0,0,0
"E373","I12",12,1,1,0,0,0
"E373","I13",13,1,1,0,0,0
"E373","I14",14,0,0,0,0,0
"E373","I15",15,0,0,0,0,0
"E373","I16",16,1,1,0,0,0
"E373","I17",17,0,0,0,0,0
"E373","I18",18,0,0,0,0,0
"E373","I19",19,1,1,0,0,0
"E373","I20",20,1,1,0,0,0
"E373","I21",21,0,0,0,0,0
"E373","I22",22,0,0,0,0,0
"E373","I23",23,0,0,0,0,0
"E373","I24",24,0,0,0,0,0
"E373","I25",25,1,1,0,0,0
"E373","I26",26,1,1,0,0,0
"E373","I27",27,0,0,0,0,0
"E373","I28",28,1,1,0,0,0
"E373","I29",29,1,1,0,0,0
"E373","I30",30,0,0,0,0,0
"E373","I31",31,0,0,0,0,0
"E373","I32",32,1,1,0,0,0
"E373","I33",33,0,0,0,0,0
"E373","I34",34,0,0,0,0,0
"E373","I35",35,0,0,0,0,0
"E373","I36",36,1,1,0,0,0
"E373","I37",37,1,1,0,0,0
"E373","I38",38,1,1,0,0,0
"E373","I39",39,1,1,0,0,0
"E373","I40",40,0,0,0,0,0
"E374","I01",1,0,0,0,0,0
"E374","I02",2,1,1,0,0,0
"E374","I03",3,0,0,0,0,0
"E374","I04",4,1,1,0,0,0
"E374","I05",5,0,0,0,0,0
"E374","I06",6,1,1,0,0,0
"E374","I07",7,0,0,0,0,0
"E374","I08",8,1,0,1,0,1
"E374","I09",9,0,0,0,0,0
"E374","I10",10,0,0,0,0,0
"E374","I11",11,0,0,0,0,0
"E374","I12",12,0,0,0,0,0
"E374","I13",13,1,1,0,0,0
"E374","I14",14,0,0,0,0,0
"E374","I15",15,0,0,0,0,0
"E374","I16",16,0,0,0,0,0
"E374","I17",17,0,0,0,0,0
"E374","I18",18,0,0,0,0,0
"E374","I19",19,1,1,0,0,0
"E374","I20",20,1,1,0,0,0
"E374","I21",21,0,0,0,0,0
"E374","I22",22,0,0,0,0,0
"E374","I23",23,0,0,0,0,0
"E374","I24",24,1,1,0,0,0
"E374","I25",25,0,0,0,0,0
"E374","I26",26,1,1,0,0,0
"E374","I27",27,0,0,0,0,0
"E374","I28",28,0,0,0,0,0
"E374","I29",29,1,0,1,0,1
"E374","I30",30,0,0,0,0,0
"E374","I31",31,0,0,0,0,0
"E374","I32",32,0,0,0,0,0
"E374","I33",33,0,0,0,0,0
"E374","I34",34,0,0,0,0,0
"E374","I35",35,0,0,0,0,0
"E374","I36",36,0,0,0,0,0
"E374","I37",37,1,1,0,0,0
"E374","I38",38,0,0,0,0,0
"E374","I39",39,0,0,0,0,0
"E374","I40",40,0,0,0,0,0
"E375","I01",1,1,1,0,0,0
"E375","I02",2,1,1,0,0,0
"E375","I03",3,1,1,0,0,0
"E375","I04",4,1,1,0,0,0
"E375","I05",5,1,1,0,0,0
"E375","I06",6,1,1,0,0,0
"E375","I07",7,1,1,0,0,0
"E375","I08",8,1,1,0,0,0
"E375","I09",9,1,1,0,0,0
"E375","I10",10,1,1,0,0,0
"E375","I11",11,0,0,0,0,0
"E375","I12",12,1,1,0,0,0
"E375","I13",13,1,1,0,0,0
"E375","I14",14,1,1,0,0,0
"E375","I15",15,1,1,0,0,0
"E375","I16",16,1,1,0,0,0
"E375","I17",17,1,1,0,0,0
"E375","I18",18,1,1,0,0,0
"E375","I19",19,1,1,0,0,0
"E375","I20",20,1,1,0,0,0
"E375","I21",21,1,1,0,0,0
"E375","I22",22,1,1,0,0,0
"E375","I23",23,1,1,0,0,0
"E375","I24",24,1,1,0,0,0
"E375","I25",25,1,1,0,0,0
"E375","I26",26,1,1,0,0,0
"E375","I27",27,1,1,0,0,0
"E375","I28",28,1,1,0,0,0
"E375","I29",29,1,1,0,0,0
"E375","I30",30,1,1,0,0,0
"E375","I31",31,0,0,0,0,0
"E375","I32",32,1,1,0,0,0
"E375","I33",33,1,1,0,0,0
"E375","I34",34,0,0,0,0,0
"E375","I35",35,1,1,0,0,0
"E375","I36",36,1,1,0,0,0
"E375","I37",37,1,1,0,0,0
"E375","I38",38,1,1,0,0,0
"E375","I39",39,0,0,0,0,0
"E375","I40",40,0,0,0,0,0
"E376","I01",1,1,1,0,0,0
"E376","I02",2,1,1,0,0,0
"E376","I03",3,0,0,0,0,0
"E376","I04",4,1,1,0,0,0
"E376","I05",5,1,1,0,0,0
"E376","I06",6,1,1,0,0,0
"E376","I07",7,0,0,0,0,0
"E376","I08",8,0,0,0,0,0
"E376","I09",9,1,1,0,0,0
"E376","I10",10,1,1,0,0,0
"E376","I11",11,0,0,0,0,0
"E376","I12",12,1,1,0,0,0
"E376","I13",13,1,1,0,0,0
"E376","I14",14,0,0,0,0,0
"E376","I15",15,0,0,0,0,0
"E376","I16",16,1,1,0,0,0
"E376","I17",17,0,0,0,0,0
"E376","I18",18,1,1,0,0,0
"E376","I19",19,1,1,0,0,0
"E376","I20",20,1,1,0,0,0
"E376","I21",21,0,0,0,0,0
"E376","I22",22,0,0,0,0,0
"E376","I23",23,0,0,0,0,0
"E376","I24",24,1,1,0,0,0
"E376","I25",25,1,1,0,0,0
"E376","I26",26,1,1,0,0,0
"E376","I27",27,0,0,0,0,0
"E376","I28",28,0,0,0,0,0
"E376","I29",29,0,0,0,0,0
"E376","I30",30,0,0,0,0,0
"E376","I31",31,0,0,0,0,0
"E376","I32",32,1,1,0,0,0
"E376","I33",33,0,0,0,0,0
"E376","I34",34,0,0,0,0,0
"E376","I35",35,0,0,0,0,0
"E376","I36",36,0,0,0,0,0
"E376","I37",37,1,1,0,0,0
"E376","I38",38,0,0,0,0,0
"E376","I39",39,0,0,0,0,0
"E376","I40",40,0,0,0,0,0
"E377","I01",1,1,1,0,0,0
"E377","I02",2,1,1,0,0,0
"E377","I03",3,1,1,0,0,0
"E377","I04",4,0,0,0,0,0
"E377","I05",5,1,1,0,0,0
"E377","I06",6,1,1,0,0,0
"E377","I07",7,1,1,0,0,0
"E377","I08",8,1,1,0,0,0
"E377","I09",9,0,0,0,0,0
"E377","I10",10,1,1,0,0,0
"E377","I11",11,1,1,0,0,0
"E377","I12",12,0,0,0,0,0
"E377","I13",13,1,1,0,0,0
"E377","I14",14,1,1,0,0,0
"E377","I15",15,0,0,0,0,0
"E377","I16",16,0,0,0,0,0
"E377","I17",17,0,0,0,0,0
"E377","I18",18,0,0,0,0,0
"E377","I19",19,1,1,0,0,0
"E377","I20",20,0,0,0,0,0
"E377","I21",21,0,0,0,0,0
"E377","I22",22,1,1,0,0,0
"E377","I23",23,1,1,0,0,0
"E377","I24",24,1,1,0,0,0
"E377","I25",25,0,0,0,0,0
"E377","I26",26,0,0,0,0,0
"E377","I27",27,1,1,0,0,0
"E377","I28",28,0,0,0,0,0
"E377","I29",29,0,0,0,0,0
"E377","I30",30,1,1,0,0,0
"E377","I31",31,1,1,0,0,0
"E377","I32",32,1,1,0,0,0
"E377","I33",33,0,0,0,0,0
"E377","I34",34,0,0,0,0,0
"E377","I35",35,1,1,0,0,0
"E377","I36",36,1,1,0,0,0
"E377","I37",37,0,0,0,0,0
"E377","I38",38,0,0,0,0,0
"E377","I39",39,0,0,0,0,0
"E377","I40",40,0,0,0,0,0
"E378","I01",1,0,0,0,0,0
"E378","I02",2,0,0,0,0,0
"E378","I03",3,0,0,0,0,0
"E378","I04",4,1,1,0,0,0
"E378","I05",5,0,0,0,0,0
"E378","I06",6,0,0,0,0,0
"E378","I07",7,0,0,0,0,0
"E378","I08",8,0,0,0,0,0
"E378","I09",9,0,0,0,0,0
"E378","I10",10,0,0,0,0,0
"E378","I11",11,0,0,0,0,0
"E378","I12",12,0,0,0,0,0
"E378","I13",13,0,0,0,0,0
"E378","I14",14,0,0,0,0,0
"E378","I15",15,0,0,0,0,0
"E378","I16",16,0,0,0,0,0
"E378","I17",17,0,0,0,0,0
"E378","I18",18,0,0,0,0,0
"E378","I19",19,0,0,0,0,0
"E378","I20",20,0,0,0,0,0
"E378","I21",21,0,0,0,0,0
"E378","I22",22,0,0,0,0,0
"E378","I23",23,0,0,0,0,0
"E378","I24",24,0,0,0,0,0
"E378","I25",25,1,1,0,0,0
"E378","I26",26,0,0,0,0,0
"E378","I27",27,1,0,1,0,1
"E378","I28",28,0,0,0,0,0
"E378","I29",29,0,0,0,0,0
"E378","I30",30,0,0,0,0,0
"E378","I31",31,0,0,0,0,0
"E378","I32",32,0,0,0,0,0
"E378","I33",33,0,0,0,0,0
"E378","I34",34,0,0,0,0,0
"E378","I35",35,0,0,0,0,0
"E378","I36",36,0,0,0,0,0
"E378","I37",37,1,1,0,0,0
"E378","I38",38,0,0,0,0,0
"E378","I39",39,0,0,0,0,0
"E378","I40",40,0,0,0,0,0
"E379","I01",1,1,1,0,0,0
"E379","I02",2,0,0,0,0,0
"E379","I03",3,0,0,0,0,0
"E379","I04",4,1,1,0,0,0
"E379","I05",5,1,1,0,0,0
"E379","I06",6,1,1,0,0,0
"E379","I07",7,1,1,0,0,0
"E379","I08",8,1,1,0,0,0
"E379","I09",9,0,0,0,0,0
"E379","I10",10,0,0,0,0,0
"E379","I11",11,0,0,0,0,0
"E379","I12",12,0,0,0,0,0
"E379","I13",13,1,1,0,0,0
"E379","I14",14,0,0,0,0,0
"E379","I15",15,1,0,1,0,1
"E379","I16",16,0,0,0,0,0
"E379","I17",17,1,1,0,0,0
"E379","I18",18,0,0,0,0,0
"E379","I19",19,1,1,0,0,0
"E379","I20",20,0,0,0,0,0
"E379","I21",21,1,1,0,0,0
"E379","I22",22,0,0,0,0,0
"E379","I23",23,1,1,0,0,0
"E379","I24",24,0,0,0,0,0
"E379","I25",25,1,1,0,0,0
"E379","I26",26,1,1,0,0,0
"E379","I27",27,1,1,0,0,0
"E379","I28",28,1,1,0,0,0
"E379","I29",29,1,0,1,0,1
"E379","I30",30,0,0,0,0,0
"E379","I31",31,0,0,0,0,0
"E379","I32",32,0,0,0,0,0
"E379","I33",33,0,0,0,0,0
"E379","I34",34,0,0,0,0,0
"E379","I35",35,1,1,0,0,0
"E379","I36",36,1,1,0,0,0
"E379","I37",37,1,1,0,0,0
"E379","I38",38,0,0,0,0,0
"E379","I39",39,1,1,0,0,0
"E379","I40",40,0,0,0,0,0
"E380","I01",1,1,1,0,0,0
"E380","I02",2,1,1,0,0,0
"E380","I03",3,1,1,0,0,0
"E380","I04",4,1,1,0,0,0
"E380","I05",5,1,1,0,0,0
"E380","I06",6,1,1,0,0,0
"E380","I07",7,1,1,0,0,0
"E380","I08",8,1,1,0,0,0
"E380","I09",9,1,1,0,0,0
"E380","I10",10,1,1,0,0,0
"E380","I11",11,0,0,0,0,0
"E380","I12",12,0,0,0,0,0
"E380","I13",13,1,1,0,0,0
"E380","I14",14,0,0,0,0,0
"E380","I15",15,0,0,0,0,0
"E380","I16",16,1,1,0,0,0
"E380","I17",17,0,0,0,0,0
"E380","I18",18,0,0,0,0,0
"E380","I19",19,1,1,0,0,0
"E380","I20",20,1,1,0,0,0
"E380","I21",21,0,0,0,0,0
"E380","I22",22,0,0,0,0,0
"E380","I23",23,1,1,0,0,0
"E380","I24",24,1,1,0,0,0
"E380","I25",25,1,1,0,0,0
"E380","I26",26,1,1,0,0,0
"E380","I27",27,1,1,0,0,0
"E380","I28",28,1,1,0,0,0
"E380","I29",29,0,0,0,0,0
"E380","I30",30,0,0,0,0,0
"E380","I31",31,0,0,0,0,0
"E380","I32",32,1,1,0,0,0
"E380","I33",33,0,0,0,0,0
"E380","I34",34,0,0,0,0,0
"E380","I35",35,1,1,0,0,0
"E380","I36",36,0,0,0,0,0
"E380","I37",37,1,1,0,0,0
"E380","I38",38,1,1,0,0,0
"E380","I39",39,1,1,0,0,0
"E380","I40",40,0,0,0,0,0
"E381","I01",1,1,1,0,0,0
"E381","I02",2,0,0,0,0,0
"E381","I03",3,0,0,0,0,0
"E381","I04",4,1,1,0,0,0
"E381","I05",5,1,1,0,0,0
"E381","I06",6,1,1,0,0,0
"E381","I07",7,1,1,0,0,0
"E381","I08",8,1,1,0,0,0
"E381","I09",9,1,1,0,0,0
"E381","I10",10,1,1,0,0,0
"E381","I11",11,0,0,0,0,0
"E381","I12",12,1,1,0,0,0
"E381","I13",13,0,0,0,0,0
"E381","I14",14,0,0,0,0,0
"E381","I15",15,1,1,0,0,0
"E381","I16",16,1,1,0,0,0
"E381","I17",17,1,1,0,0,0
"E381","I18",18,0,0,0,0,0
"E381","I19",19,1,1,0,0,0
"E381","I20",20,1,1,0,0,0
"E381","I21",21,0,0,0,0,0
"E381","I22",22,0,0,0,0,0
"E381","I23",23,1,1,0,0,0
"E381","I24",24,1,1,0,0,0
"E381","I25",25,0,0,0,0,0
"E381","I26",26,0,0,0,0,0
"E381","I27",27,1,1,0,0,0
"E381","I28",28,1,1,0,0,0
"E381","I29",29,1,1,0,0,0
"E381","I30",30,0,0,0,0,0
"E381","I31",31,0,0,0,0,0
"E381","I32",32,1,1,0,0,0
"E381","I33",33,0,0,0,0,0
"E381","I34",34,1,1,0,0,0
"E381","I35",35,1,1,0,0,0
"E381","I36",36,1,1,0,0,0
"E381","I37",37,1,1,0,0,0
"E381","I38",38,1,1,0,0,0
"E381","I39",39,1,1,0,0,0
"E381","I40",40,0,0,0,0,0
"E382","I01",1,1,1,0,0,0
"E382","I02",2,1,1,0,0,0
"E382","I03",3,0,0,0,0,0
"E382","I04",4,1,1,0,0,0
"E382","I05",5,1,1,0,0,0
"E382","I06",6,1,1,0,0,0
"E382","I07",7,1,1,0,0,0
"E382","I08",8,0,0,0,0,0
"E382","I09",9,0,0,0,0,0
"E382","I10",10,0,0,0,0,0
"E382","I11",11,0,0,0,0,0
"E382","I12",12,0,0,0,0,0
"E382","I13",13,0,0,0,0,0
"E382","I14",14,0,0,0,0,0
"E382","I15",15,1,1,0,0,0
"E382","I16",16,0,0,0,0,0
"E382","I17",17,1,1,0,0,0
"E382","I18",18,1,1,0,0,0
"E382","I19",19,1,1,0,0,0
"E382","I20",20,1,1,0,0,0
"E382","I21",21,1,1,0,0,0
"E382","I22",22,1,1,0,0,0
"E382","I23",23,1,1,0,0,0
"E382","I24",24,1,1,0,0,0
"E382","I25",25,1,1,0,0,0
"E382","I26",26,1,1,0,0,0
"E382","I27",27,1,1,0,0,0
"E382","I28",28,1,1,0,0,0
"E382","I29",29,0,0,0,0,0
"E382","I30",30,1,1,0,0,0
"E382","I31",31,0,0,0,0,0
"E382","I32",32,0,0,0,0,0
"E382","I33",33,0,0,0,0,0
"E382","I34",34,0,0,0,0,0
"E382","I35",35,1,1,0,0,0
"E382","I36",36,1,1,0,0,0
"E382","I37",37,1,1,0,0,0
"E382","I38",38,1,1,0,0,0
"E382","I39",39,0,0,0,0,0
"E382","I40",40,0,0,0,0,0
"E383","I01",1,1,1,0,0,0
"E383","I02",2,0,0,0,0,0
"E383","I03",3,0,0,0,0,0
"E383","I04",4,1,1,0,0,0
"E383","I05",5,0,0,0,0,0
"E383","I06",6,0,0,0,0,0
"E383","I07",7,0,0,0,0,0
"E383","I08",8,0,0,0,0,0
"E383","I09",9,0,0,0,0,0
"E383","I10",10,0,0,0,0,0
"E383","I11",11,0,0,0,0,0
"E383","I12",12,0,0,0,0,0
"E383","I13",13,1,1,0,0,0
"E383","I14",14,0,0,0,0,0
"E383","I15",15,0,0,0,0,0
"E383","I16",16,1,1,0,0,0
"E383","I17",17,0,0,0,0,0
"E383","I18",18,0,0,0,0,0
"E383","I19",19,1,1,0,0,0
"E383","I20",20,1,1,0,0,0
"E383","I21",21,0,0,0,0,0
"E383","I22",22,1,1,0,0,0
"E383","I23",23,0,0,0,0,0
"E383","I24",24,0,0,0,0,0
"E383","I25",25,0,0,0,0,0
"E383","I26",26,1,1,0,0,0
"E383","I27",27,0,0,0,0,0
"E383","I28",28,0,0,0,0,0
"E383","I29",29,0,0,0,0,0
"E383","I30",30,0,0,0,0,0
"E383","I31",31,1,0,1,0,1
"E383","I32",32,0,0,0,0,0
"E383","I33",33,0,0,0,0,0
"E383","I34",34,0,0,0,0,0
"E383","I35",35,0,0,0,0,0
"E383","I36",36,1,1,0,0,0
"E383","I37",37,0,0,0,0,0
"E383","I38",38,1,1,0,0,0
"E383","I39",39,1,0,1,0,1
"E383","I40",40,0,0,0,0,0
"E384","I01",1,1,1,0,0,0
"E384","I02",2,1,1,0,0,0
"E384","I03",3,1,1,0,0,0
"E384","I04",4,1,1,0,0,0
"E384","I05",5,0,0,0,0,0
"E384","I06",6,1,1,0,0,0
"E384","I07",7,1,1,0,0,0
"E384","I08",8,1,1,0,0,0
"E384","I09",9,1,1,0,0,0
"E384","I10",10,1,1,0,0,0
"E384","I11",11,1,1,0,0,0
"E384","I12",12,0,0,0,0,0
"E384","I13",13,0,0,0,0,0
"E384","I14",14,1,1,0,0,0
"E384","I15",15,0,0,0,0,0
"E384","I16",16,1,1,0,0,0
"E384","I17",17,0,0,0,0,0
"E384","I18",18,0,0,0,0,0
"E384","I19",19,1,1,0,0,0
"E384","I20",20,1,1,0,0,0
"E384","I21",21,0,0,0,0,0
"E384","I22",22,1,1,0,0,0
"E384","I23",23,1,1,0,0,0
"E384","I24",24,1,1,0,0,0
"E384","I25",25,1,1,0,0,0
"E384","I26",26,1,1,0,0,0
"E384","I27",27,1,1,0,0,0
"E384","I28",28,0,0,0,0,0
"E384","I29",29,1,1,0,0,0
"E384","I30",30,1,1,0,0,0
"E384","I31",31,0,0,0,0,0
"E384","I32",32,1,1,0,0,0
"E384","I33",33,0,0,0,0,0
"E384","I34",34,1,1,0,0,0
"E384","I35",35,1,1,0,0,0
"E384","I36",36,1,1,0,0,0
"E384","I37",37,1,1,0,0,0
"E384","I38",38,0,0,0,0,0
"E384","I39",39,1,1,0,0,0
"E384","I40",40,0,0,0,0,0
"E385","I01",1,0,0,0,0,0
"E385","I02",2,1,1,0,0,0
"E385","I03",3,1,1,0,0,0
"E385","I04",4,1,1,0,0,0
"E385","I05",5,1,1,0,0,0
"E385","I06",6,1,1,0,0,0
"E385","I07",7,1,1,0,0,0
"E385","I08",8,0,0,0,0,0
"E385","I09",9,0,0,0,0,0
"E385","I10",10,0,0,0,0,0
"E385","I11",11,0,0,0,0,0
"E385","I12",12,0,0,0,0,0
"E385","I13",13,0,1,1,1,0
"E385","I14",14,0,0,0,0,0
"E385","I15",15,0,0,0,0,0
"E385","I16",16,0,0,0,0,0
"E385","I17",17,0,0,0,0,0
"E385","I18",18,0,0,0,0,0
"E385","I19",19,0,0,0,0,0
"E385","I20",20,1,1,0,0,0
"E385","I21",21,0,0,0,0,0
"E385","I22",22,1,1,0,0,0
"E385","I23",23,0,0,0,0,0
"E385","I24",24,0,0,0,0,0
"E385","I25",25,1,1,0,0,0
"E385","I26",26,0,0,0,0,0
"E385","I27",27,0,0,0,0,0
"E385","I28",28,0,0,0,0,0
"E385","I29",29,1,0,1,0,1
"E385","I30",30,0,0,0,0,0
"E385","I31",31,0,0,0,0,0
"E385","I32",32,0,0,0,0,0
"E385","I33",33,1,0,1,0,1
"E385","I34",34,0,0,0,0,0
"E385","I35",35,0,0,0,0,0
"E385","I36",36,0,0,0,0,0
"E385","I37",37,1,1,0,0,0
"E385","I38",38,1,1,0,0,0
"E385","I39",39,0,0,0,0,0
"E385","I40",40,0,0,0,0,0
"E386","I01",1,1,1,0,0,0
"E386","I02",2,0,0,0,0,0
"E386","I03",3,0,0,0,0,0
"E386","I04",4,0,0,0,0,0
"E386","I05",5,0,0,0,0,0
"E386","I06",6,0,0,0,0,0
"E386","I07",7,0,0,0,0,0
"E386","I08",8,0,0,0,0,0
"E386","I09",9,1,1,0,0,0
"E386","I10",10,0,0,0,0,0
"E386","I11",11,1,0,1,0,1
"E386","I12",12,0,0,0,0,0
"E386","I13",13,0,0,0,0,0
"E386","I14",14,0,0,0,0,0
"E386","I15",15,0,0,0,0,0
"E386","I16",16,0,0,0,0,0
"E386","I17",17,0,0,0,0,0
"E386","I18",18,1,0,1,0,1
"E386","I19",19,0,0,0,0,0
"E386","I20",20,0,0,0,0,0
"E386","I21",21,0,0,0,0,0
"E386","I22",22,0,0,0,0,0
"E386","I23",23,0,0,0,0,0
"E386","I24",24,0,0,0,0,0
"E386","I25",25,0,0,0,0,0
"E386","I26",26,0,0,0,0,0
"E386","I27",27,0,1,1,1,0
"E386","I28",28,1,1,0,0,0
"E386","I29",29,0,0,0,0,0
"E386","I30",30,0,0,0,0,0
"E386","I31",31,0,0,0,0,0
"E386","I32",32,0,0,0,0,0
"E386","I33",33,0,0,0,0,0
"E386","I34",34,0,0,0,0,0
"E386","I35",35,0,0,0,0,0
"E386","I36",36,1,1,0,0,0
"E386","I37",37,0,0,0,0,0
"E386","I38",38,0,0,0,0,0
"E386","I39",39,0,0,0,0,0
"E386","I40",40,0,0,0,0,0
"E387","I01",1,1,1,0,0,0
"E387","I02",2,1,1,0,0,0
"E387","I03",3,1,1,0,0,0
"E387","I04",4,1,1,0,0,0
"E387","I05",5,1,1,0,0,0
"E387","I06",6,1,1,0,0,0
"E387","I07",7,1,1,0,0,0
"E387","I08",8,1,1,0,0,0
"E387","I09",9,1,1,0,0,0
"E387","I10",10,0,0,0,0,0
"E387","I11",11,0,0,0,0,0
"E387","I12",12,1,1,0,0,0
"E387","I13",13,0,0,0,0,0
"E387","I14",14,1,1,0,0,0
"E387","I15",15,0,0,0,0,0
"E387","I16",16,0,0,0,0,0
"E387","I17",17,1,1,0,0,0
"E387","I18",18,1,1,0,0,0
"E387","I19",19,0,0,0,0,0
"E387","I20",20,1,1,0,0,0
"E387","I21",21,0,0,0,0,0
"E387","I22",22,0,0,0,0,0
"E387","I23",23,1,1,0,0,0
"E387","I24",24,1,1,0,0,0
"E387","I25",25,1,1,0,0,0
"E387","I26",26,1,1,0,0,0
"E387","I27",27,1,1,0,0,0
"E387","I28",28,1,1,0,0,0
"E387","I29",29,0,0,0,0,0
"E387","I30",30,1,1,0,0,0
"E387","I31",31,1,1,0,0,0
"E387","I32",32,1,1,0,0,0
"E387","I33",33,0,0,0,0,0
"E387","I34",34,0,0,0,0,0
"E387","I35",35,1,1,0,0,0
"E387","I36",36,1,1,0,0,0
"E387","I37",37,1,1,0,0,0
"E387","I38",38,1,1,0,0,0
"E387","I39",39,0,0,0,0,0
"E387","I40",40,0,0,0,0,0
"E388","I01",1,1,1,0,0,0
"E388","I02",2,0,0,0,0,0
"E388","I03",3,0,0,0,0,0
"E388","I04",4,0,1,1,1,0
"E388","I05",5,1,1,0,0,0
"E388","I06",6,1,1,0,0,0
"E388","I07",7,0,0,0,0,0
"E388","I08",8,1,1,0,0,0
"E388","I09",9,1,1,0,0,0
"E388","I10",10,1,1,0,0,0
"E388","I11",11,0,0,0,0,0
"E388","I12",12,1,1,0,0,0
"E388","I13",13,1,1,0,0,0
"E388","I14",14,0,0,0,0,0
"E388","I15",15,0,0,0,0,0
"E388","I16",16,0,0,0,0,0
"E388","I17",17,1,1,0,0,0
"E388","I18",18,1,1,0,0,0
"E388","I19",19,1,1,0,0,0
"E388","I20",20,0,0,0,0,0
"E388","I21",21,0,0,0,0,0
"E388","I22",22,0,0,0,0,0
"E388","I23",23,1,0,1,0,1
"E388","I24",24,0,0,0,0,0
"E388","I25",25,1,1,0,0,0
"E388","I26",26,1,1,0,0,0
"E388","I27",27,1,1,0,0,0
"E388","I28",28,1,1,0,0,0
"E388","I29",29,0,0,0,0,0
"E388","I30",30,0,0,0,0,0
"E388","I31",31,0,0,0,0,0
"E388","I32",32,1,1,0,0,0
"E388","I33",33,0,0,0,0,0
"E388","I34",34,0,0,0,0,0
"E388","I35",35,0,0,0,0,0
"E388","I36",36,1,1,0,0,0
"E388","I37",37,0,1,1,1,0
"E388","I38",38,0,0,0,0,0
"E388","I39",39,1,1,0,0,0
"E388","I40",40,1,1,0,0,0
"E389","I01",1,0,1,1,1,0
"E389","I02",2,1,1,0,0,0
"E389","I03",3,0,0,0,0,0
"E389","I04",4,1,1,0,0,0
"E389","I05",5,0,0,0,0,0
"E389","I06",6,1,1,0,0,0
"E389","I07",7,0,1,1,1,0
"E389","I08",8,0,0,0,0,0
"E389","I09",9,0,0,0,0,0
"E389","I10",10,0,0,0,0,0
"E389","I11",11,0,0,0,0,0
"E389","I12",12,1,1,0,0,0
"E389","I13",13,0,0,0,0,0
"E389","I14",14,1,1,0,0,0
"E389","I15",15,0,0,0,0,0
"E389","I16",16,0,0,0,0,0
"E389","I17",17,0,0,0,0,0
"E389","I18",18,0,0,0,0,0
"E389","I19",19,1,1,0,0,0
"E389","I20",20,1,1,0,0,0
"E389","I21",21,0,0,0,0,0
"E389","I22",22,0,0,0,0,0
"E389","I23",23,0,0,0,0,0
"E389","I24",24,1,1,0,0,0
"E389","I25",25,1,1,0,0,0
"E389","I26",26,1,1,0,0,0
"E389","I27",27,0,0,0,0,0
"E389","I28",28,0,0,0,0,0
"E389","I29",29,0,0,0,0,0
"E389","I30",30,0,0,0,0,0
"E389","I31",31,0,0,0,0,0
"E389","I32",32,1,1,0,0,0
"E389","I33",33,0,0,0,0,0
"E389","I34",34,0,0,0,0,0
"E389","I35",35,0,0,0,0,0
"E389","I36",36,1,1,0,0,0
"E389","I37",37,0,1,1,1,0
"E389","I38",38,0,0,0,0,0
"E389","I39",39,0,0,0,0,0
"E389","I40",40,0,0,0,0,0
"E390","I01",1,1,1,0,0,0
"E390","I02",2,0,0,0,0,0
"E390","I03",3,1,1,0,0,0
"E390","I04",4,1,1,0,0,0
"E390","I05",5,1,1,0,0,0
"E390","I06",6,1,1,0,0,0
"E390","I07",7,0,1,1,1,0
"E390","I08",8,0,0,0,0,0
"E390","I09",9,1,1,0,0,0
"E390","I10",10,1,1,0,0,0
"E390","I11",11,0,0,0,0,0
"E390","I12",12,1,1,0,0,0
"E390","I13",13,1,1,0,0,0
"E390","I14",14,0,0,0,0,0
"E390","I15",15,1,1,0,0,0
"E390","I16",16,1,1,0,0,0
"E390","I17",17,0,1,1,1,0
"E390","I18",18,1,1,0,0,0
"E390","I19",19,1,1,0,0,0
"E390","I20",20,1,1,0,0,0
"E390","I21",21,0,0,0,0,0
"E390","I22",22,1,1,0,0,0
"E390","I23",23,1,1,0,0,0
"E390","I24",24,1,1,0,0,0
"E390","I25",25,1,1,0,0,0
"E390","I26",26,1,1,0,0,0
"E390","I27",27,0,0,0,0,0
"E390","I28",28,1,1,0,0,0
"E390","I29",29,1,1,0,0,0
"E390","I30",30,0,0,0,0,0
"E390","I31",31,0,0,0,0,0
"E390","I32",32,1,1,0,0,0
"E390","I33",33,0,0,0,0,0
"E390","I34",34,0,0,0,0,0
"E390","I35",35,0,0,0,0,0
"E390","I36",36,1,1,0,0,0
"E390","I37",37,0,0,0,0,0
"E390","I38",38,1,1,0,0,0
"E390","I39",39,1,1,0,0,0
"E390","I40",40,1,1,0,0,0
"E391","I01",1,1,1,0,0,0
"E391","I02",2,0,0,0,0,0
"E391","I03",3,0,0,0,0,0
"E391","I04",4,0,0,0,0,0
"E391","I05",5,0,0,0,0,0
"E391","I06",6,1,1,0,0,0
"E391","I07",7,0,0,0,0,0
"E391","I08",8,0,0,0,0,0
"E391","I09",9,0,0,0,0,0
"E391","I10",10,0,0,0,0,0
"E391","I11",11,0,0,0,0,0
"E391","I12",12,0,0,0,0,0
"E391","I13",13,0,0,0,0,0
"E391","I14",14,0,0,0,0,0
"E391","I15",15,0,0,0,0,0
"E391","I16",16,1,1,0,0,0
"E391","I17",17,0,0,0,0,0
"E391","I18",18,0,0,0,0,0
"E391","I19",19,1,1,0,0,0
"E391","I20",20,0,0,0,0,0
"E391","I21",21,0,0,0,0,0
"E391","I22",22,0,0,0,0,0
"E391","I23",23,0,0,0,0,0
"E391","I24",24,1,0,1,0,1
"E391","I25",25,1,1,0,0,0
"E391","I26",26,0,0,0,0,0
"E391","I27",27,0,0,0,0,0
"E391","I28",28,0,0,0,0,0
"E391","I29",29,0,0,0,0,0
"E391","I30",30,0,0,0,0,0
"E391","I31",31,0,0,0,0,0
"E391","I32",32,0,0,0,0,0
"E391","I33",33,0,0,0,0,0
"E391","I34",34,0,0,0,0,0
"E391","I35",35,0,0,0,0,0
"E391","I36",36,0,0,0,0,0
"E391","I37",37,0,0,0,0,0
"E391","I38",38,0,0,0,0,0
"E391","I39",39,0,0,0,0,0
"E391","I40",40,0,0,0,0,0
"E392","I01",1,1,1,0,0,0
"E392","I02",2,1,1,0,0,0
"E392","I03",3,1,1,0,0,0
"E392","I04",4,1,1,0,0,0
"E392","I05",5,1,1,0,0,0
"E392","I06",6,1,1,0,0,0
"E392","I07",7,1,1,0,0,0
"E392","I08",8,1,1,0,0,0
"E392","I09",9,1,1,0,0,0
"E392","I10",10,0,0,0,0,0
"E392","I11",11,1,1,0,0,0
"E392","I12",12,1,1,0,0,0
"E392","I13",13,0,0,0,0,0
"E392","I14",14,1,1,0,0,0
"E392","I15",15,1,1,0,0,0
"E392","I16",16,0,1,1,1,0
"E392","I17",17,0,0,0,0,0
"E392","I18",18,1,1,0,0,0
"E392","I19",19,0,0,0,0,0
"E392","I20",20,1,1,0,0,0
"E392","I21",21,1,1,0,0,0
"E392","I22",22,1,1,0,0,0
"E392","I23",23,1,1,0,0,0
"E392","I24",24,1,1,0,0,0
"E392","I25",25,1,1,0,0,0
"E392","I26",26,1,1,0,0,0
"E392","I27",27,1,1,0,0,0
"E392","I28",28,1,1,0,0,0
"E392","I29",29,0,0,0,0,0
"E392","I30",30,1,1,0,0,0
"E392","I31",31,1,1,0,0,0
"E392","I32",32,0,0,0,0,0
"E392","I33",33,0,0,0,0,0
"E392","I34",34,1,1,0,0,0
"E392","I35",35,1,1,0,0,0
"E392","I36",36,1,1,0,0,0
"E392","I37",37,0,0,0,0,0
"E392","I38",38,1,1,0,0,0
"E392","I39",39,0,0,0,0,0
"E392","I40",40,1,1,0,0,0
"E393","I01",1,0,0,0,0,0
"E393","I02",2,0,0,0,0,0
"E393","I03",3,0,0,0,0,0
"E393","I04",4,0,0,0,0,0
"E393","I05",5,0,0,0,0,0
"E393","I06",6,0,0,0,0,0
"E393","I07",7,0,0,0,0,0
"E393","I08",8,0,0,0,0,0
"E393","I09",9,0,0,0,0,0
"E393","I10",10,0,0,0,0,0
"E393","I11",11,0,0,0,0,0
"E393","I12",12,0,0,0,0,0
"E393","I13",13,0,0,0,0,0
"E393","I14",14,0,0,0,0,0
"E393","I15",15,0,0,0,0,0
"E393","I16",16,0,1,1,1,0
"E393","I17",17,0,0,0,0,0
"E393","I18",18,0,0,0,0,0
"E393","I19",19,0,0,0,0,0
"E393","I20",20,1,1,0,0,0
"E393","I21",21,0,0,0,0,0
"E393","I22",22,0,0,0,0,0
"E393","I23",23,0,0,0,0,0
"E393","I24",24,0,0,0,0,0
"E393","I25",25,0,0,0,0,0
"E393","I26",26,0,0,0,0,0
"E393","I27",27,0,0,0,0,0
"E393","I28",28,0,0,0,0,0
"E393","I29",29,0,0,0,0,0
"E393","I30",30,0,0,0,0,0
"E393","I31",31,0,0,0,0,0
"E393","I32",32,0,0,0,0,0
"E393","I33",33,0,0,0,0,0
"E393","I34",34,0,0,0,0,0
"E393","I35",35,0,0,0,0,0
"E393","I36",36,0,0,0,0,0
"E393","I37",37,0,0,0,0,0
"E393","I38",38,0,0,0,0,0
"E393","I39",39,0,0,0,0,0
"E393","I40",40,0,0,0,0,0
"E394","I01",1,1,1,0,0,0
"E394","I02",2,1,1,0,0,0
"E394","I03",3,0,0,0,0,0
"E394","I04",4,1,1,0,0,0
"E394","I05",5,1,1,0,0,0
"E394","I06",6,1,1,0,0,0
"E394","I07",7,1,1,0,0,0
"E394","I08",8,1,1,0,0,0
"E394","I09",9,1,1,0,0,0
"E394","I10",10,1,1,0,0,0
"E394","I11",11,0,0,0,0,0
"E394","I12",12,1,1,0,0,0
"E394","I13",13,1,1,0,0,0
"E394","I14",14,1,1,0,0,0
"E394","I15",15,1,1,0,0,0
"E394","I16",16,0,0,0,0,0
"E394","I17",17,0,0,0,0,0
"E394","I18",18,1,1,0,0,0
"E394","I19",19,0,0,0,0,0
"E394","I20",20,0,0,0,0,0
"E394","I21",21,0,0,0,0,0
"E394","I22",22,1,1,0,0,0
"E394","I23",23,1,1,0,0,0
"E394","I24",24,1,1,0,0,0
"E394","I25",25,0,0,0,0,0
"E394","I26",26,1,1,0,0,0
"E394","I27",27,1,1,0,0,0
"E394","I28",28,1,1,0,0,0
"E394","I29",29,0,0,0,0,0
"E394","I30",30,0,0,0,0,0
"E394","I31",31,0,0,0,0,0
"E394","I32",32,0,0,0,0,0
"E394","I33",33,0,0,0,0,0
"E394","I34",34,0,0,0,0,0
"E394","I35",35,0,0,0,0,0
"E394","I36",36,1,1,0,0,0
"E394","I37",37,1,1,0,0,0
"E394","I38",38,1,1,0,0,0
"E394","I39",39,1,1,0,0,0
"E394","I40",40,0,0,0,0,0
"E395","I01",1,1,1,0,0,0
"E395","I02",2,0,0,0,0,0
"E395","I03",3,1,1,0,0,0
"E395","I04",4,1,1,0,0,0
"E395","I05",5,1,1,0,0,0
"E395","I06",6,1,1,0,0,0
"E395","I07",7,0,0,0,0,0
"E395","I08",8,1,1,0,0,0
"E395","I09",9,0,0,0,0,0
"E395","I10",10,1,1,0,0,0
"E395","I11",11,0,0,0,0,0
"E395","I12",12,1,1,0,0,0
"E395","I13",13,0,0,0,0,0
"E395","I14",14,1,1,0,0,0
"E395","I15",15,0,0,0,0,0
"E395","I16",16,1,1,0,0,0
"E395","I17",17,0,0,0,0,0
"E395","I18",18,0,0,0,0,0
"E395","I19",19,1,1,0,0,0
"E395","I20",20,1,1,0,0,0
"E395","I21",21,0,0,0,0,0
"E395","I22",22,0,0,0,0,0
"E395","I23",23,1,1,0,0,0
"E395","I24",24,0,0,0,0,0
"E395","I25",25,0,0,0,0,0
"E395","I26",26,1,1,0,0,0
"E395","I27",27,0,0,0,0,0
"E395","I28",28,0,0,0,0,0
"E395","I29",29,1,1,0,0,0
"E395","I30",30,0,0,0,0,0
"E395","I31",31,0,0,0,0,0
"E395","I32",32,0,0,0,0,0
"E395","I33",33,0,0,0,0,0
"E395","I34",34,0,0,0,0,0
"E395","I35",35,0,0,0,0,0
"E395","I36",36,1,1,0,0,0
"E395","I37",37,0,0,0,0,0
"E395","I38",38,1,1,0,0,0
"E395","I39",39,1,1,0,0,0
"E395","I40",40,0,0,0,0,0
"E396","I01",1,1,1,0,0,0
"E396","I02",2,0,0,0,0,0
"E396","I03",3,1,1,0,0,0
"E396","I04",4,1,1,0,0,0
"E396","I05",5,0,0,0,0,0
"E396","I06",6,1,1,0,0,0
"E396","I07",7,1,1,0,0,0
"E396","I08",8,1,1,0,0,0
"E396","I09",9,1,1,0,0,0
"E396","I10",10,1,1,0,0,0
"E396","I11",11,1,1,0,0,0
"E396","I12",12,0,0,0,0,0
"E396","I13",13,1,1,0,0,0
"E396","I14",14,1,1,0,0,0
"E396","I15",15,0,0,0,0,0
"E396","I16",16,1,1,0,0,0
"E396","I17",17,0,0,0,0,0
"E396","I18",18,1,1,0,0,0
"E396","I19",19,0,0,0,0,0
"E396","I20",20,0,0,0,0,0
"E396","I21",21,1,1,0,0,0
"E396","I22",22,0,0,0,0,0
"E396","I23",23,1,1,0,0,0
"E396","I24",24,0,0,0,0,0
"E396","I25",25,0,0,0,0,0
"E396","I26",26,0,0,0,0,0
"E396","I27",27,0,0,0,0,0
"E396","I28",28,0,0,0,0,0
"E396","I29",29,1,1,0,0,0
"E396","I30",30,0,0,0,0,0
"E396","I31",31,1,1,0,0,0
"E396","I32",32,1,1,0,0,0
"E396","I33",33,0,0,0,0,0
"E396","I34",34,0,0,0,0,0
"E396","I35",35,1,1,0,0,0
"E396","I36",36,0,0,0,0,0
"E396","I37",37,1,1,0,0,0
"E396","I38",38,1,1,0,0,0
"E396","I39",39,0,0,0,0,0
"E396","I40",40,1,1,0,0,0
"E397","I01",1,1,1,0,0,0
"E397","I02",2,0,0,0,0,0
"E397","I03",3,1,1,0,0,0
"E397","I04",4,1,1,0,0,0
"E397","I05",5,0,1,1,1,0
"E397","I06",6,1,1,0,0,0
"E397","I07",7,0,0,0,0,0
"E397","I08",8,0,0,0,0,0
"E397","I09",9,1,1,0,0,0
"E397","I10",10,1,1,0,0,0
"E397","I11",11,0,0,0,0,0
"E397","I12",12,1,1,0,0,0
"E397","I13",13,0,0,0,0,0
"E397","I14",14,0,0,0,0,0
"E397","I15",15,1,1,0,0,0
"E397","I16",16,1,1,0,0,0
"E397","I17",17,1,1,0,0,0
"E397","I18",18,1,1,0,0,0
"E397","I19",19,1,1,0,0,0
"E397","I20",20,0,0,0,0,0
"E397","I21",21,0,0,0,0,0
"E397","I22",22,1,1,0,0,0
"E397","I23",23,1,1,0,0,0
"E397","I24",24,0,0,0,0,0
"E397","I25",25,0,1,1,1,0
"E397","I26",26,0,0,0,0,0
"E397","I27",27,1,1,0,0,0
"E397","I28",28,0,0,0,0,0
"E397","I29",29,1,1,0,0,0
"E397","I30",30,0,0,0,0,0
"E397","I31",31,0,0,0,0,0
"E397","I32",32,1,1,0,0,0
"E397","I33",33,0,0,0,0,0
"E397","I34",34,0,0,0,0,0
"E397","I35",35,0,0,0,0,0
"E397","I36",36,1,1,0,0,0
"E397","I37",37,1,1,0,0,0
"E397","I38",38,1,1,0,0,0
"E397","I39",39,1,1,0,0,0
"E397","I40",40,0,0,0,0,0
"E398","I01",1,1,1,0,0,0
"E398","I02",2,1,1,0,0,0
"E398","I03",3,1,0,1,0,1
"E398","I04",4,1,1,0,0,0
"E398","I05",5,1,1,0,0,0
"E398","I06",6,1,1,0,0,0
"E398","I07",7,0,0,0,0,0
"E398","I08",8,1,1,0,0,0
"E398","I09",9,0,0,0,0,0
"E398","I10",10,0,1,1,1,0
"E398","I11",11,0,0,0,0,0
"E398","I12",12,1,1,0,0,0
"E398","I13",13,0,0,0,0,0
"E398","I14",14,0,0,0,0,0
"E398","I15",15,0,0,0,0,0
"E398","I16",16,1,1,0,0,0
"E398","I17",17,0,0,0,0,0
"E398","I18",18,0,0,0,0,0
"E398","I19",19,1,1,0,0,0
"E398","I20",20,1,1,0,0,0
"E398","I21",21,0,0,0,0,0
"E398","I22",22,0,0,0,0,0
"E398","I23",23,1,1,0,0,0
"E398","I24",24,1,1,0,0,0
"E398","I25",25,0,0,0,0,0
"E398","I26",26,1,1,0,0,0
"E398","I27",27,0,0,0,0,0
"E398","I28",28,0,0,0,0,0
"E398","I29",29,1,1,0,0,0
"E398","I30",30,0,0,0,0,0
"E398","I31",31,1,0,1,0,1
"E398","I32",32,0,0,0,0,0
"E398","I33",33,0,0,0,0,0
"E398","I34",34,0,0,0,0,0
"E398","I35",35,1,1,0,0,0
"E398","I36",36,1,1,0,0,0
"E398","I37",37,1,1,0,0,0
"E398","I38",38,0,0,0,0,0
"E398","I39",39,1,1,0,0,0
"E398","I40",40,0,0,0,0,0
"E399","I01",1,1,1,0,0,0
"E399","I02",2,1,1,0,0,0
"E399","I03",3,1,1,0,0,0
"E399","I04",4,1,1,0,0,0
"E399","I05",5,1,1,0,0,0
"E399","I06",6,1,1,0,0,0
"E399","I07",7,1,1,0,0,0
"E399","I08",8,1,1,0,0,0
"E399","I09",9,1,1,0,0,0
"E399","I10",10,0,0,0,0,0
"E399","I11",11,0,0,0,0,0
"E399","I12",12,1,1,0,0,0
"E399","I13",13,1,1,0,0,0
"E399","I14",14,1,1,0,0,0
"E399","I15",15,1,1,0,0,0
"E399","I16",16,0,0,0,0,0
"E399","I17",17,0,0,0,0,0
"E399","I18",18,1,1,0,0,0
"E399","I19",19,1,1,0,0,0
"E399","I20",20,1,1,0,0,0
"E399","I21",21,1,1,0,0,0
"E399","I22",22,0,0,0,0,0
"E399","I23",23,0,0,0,0,0
"E399","I24",24,0,0,0,0,0
"E399","I25",25,1,1,0,0,0
"E399","I26",26,0,0,0,0,0
"E399","I27",27,1,1,0,0,0
"E399","I28",28,1,1,0,0,0
"E399","I29",29,1,1,0,0,0
"E399","I30",30,1,1,0,0,0
"E399","I31",31,0,0,0,0,0
"E399","I32",32,1,1,0,0,0
"E399","I33",33,1,1,0,0,0
"E399","I34",34,0,0,0,0,0
"E399","I35",35,1,1,0,0,0
"E399","I36",36,1,1,0,0,0
"E399","I37",37,1,1,0,0,0
"E399","I38",38,1,1,0,0,0
"E399","I39",39,1,1,0,0,0
"E399","I40",40,0,0,0,0,0
"E400","I01",1,1,1,0,0,0
"E400","I02",2,1,1,0,0,0
"E400","I03",3,0,0,0,0,0
"E400","I04",4,1,1,0,0,0
"E400","I05",5,0,0,0,0,0
"E400","I06",6,1,1,0,0,0
"E400","I07",7,1,1,0,0,0
"E400","I08",8,1,1,0,0,0
"E400","I09",9,0,0,0,0,0
"E400","I10",10,0,0,0,0,0
"E400","I11",11,0,0,0,0,0
"E400","I12",12,1,1,0,0,0
"E400","I13",13,1,1,0,0,0
"E400","I14",14,1,1,0,0,0
"E400","I15",15,1,1,0,0,0
"E400","I16",16,1,1,0,0,0
"E400","I17",17,1,1,0,0,0
"E400","I18",18,1,1,0,0,0
"E400","I19",19,1,1,0,0,0
"E400","I20",20,1,1,0,0,0
"E400","I21",21,0,0,0,0,0
"E400","I22",22,0,0,0,0,0
"E400","I23",23,1,1,0,0,0
"E400","I24",24,1,1,0,0,0
"E400","I25",25,1,1,0,0,0
"E400","I26",26,0,0,0,0,0
"E400","I27",27,0,0,0,0,0
"E400","I28",28,0,0,0,0,0
"E400","I29",29,1,1,0,0,0
"E400","I30",30,0,0,0,0,0
"E400","I31",31,0,0,0,0,0
"E400","I32",32,1,1,0,0,0
"E400","I33",33,0,0,0,0,0
"E400","I34",34,0,0,0,0,0
"E400","I35",35,0,0,0,0,0
"E400","I36",36,1,1,0,0,0
"E400","I37",37,1,1,0,0,0
"E400","I38",38,1,1,0,0,0
"E400","I39",39,1,1,0,0,0
"E400","I40",40,1,1,0,0,0
"E401","I01",1,1,1,0,0,0
"E401","I02",2,1,1,0,0,0
"E401","I03",3,1,1,0,0,0
"E401","I04",4,1,1,0,0,0
"E401","I05",5,1,1,0,0,0
"E401","I06",6,1,1,0,0,0
"E401","I07",7,1,1,0,0,0
"E401","I08",8,1,1,0,0,0
"E401","I09",9,1,1,0,0,0
"E401","I10",10,1,1,0,0,0
"E401","I11",11,0,0,0,0,0
"E401","I12",12,1,1,0,0,0
"E401","I13",13,1,0,1,0,1
"E401","I14",14,1,1,0,0,0
"E401","I15",15,0,1,1,1,0
"E401","I16",16,1,1,0,0,0
"E401","I17",17,0,1,1,1,0
"E401","I18",18,0,0,0,0,0
"E401","I19",19,1,1,0,0,0
"E401","I20",20,0,0,0,0,0
"E401","I21",21,1,1,0,0,0
"E401","I22",22,0,0,0,0,0
"E401","I23",23,1,1,0,0,0
"E401","I24",24,1,1,0,0,0
"E401","I25",25,0,0,0,0,0
"E401","I26",26,1,1,0,0,0
"E401","I27",27,1,1,0,0,0
"E401","I28",28,1,1,0,0,0
"E401","I29",29,1,1,0,0,0
"E401","I30",30,1,1,0,0,0
"E401","I31",31,0,0,0,0,0
"E401","I32",32,1,1,0,0,0
"E401","I33",33,1,1,0,0,0
"E401","I34",34,0,0,0,0,0
"E401","I35",35,1,1,0,0,0
"E401","I36",36,1,1,0,0,0
"E401","I37",37,0,0,0,0,0
"E401","I38",38,1,1,0,0,0
"E401","I39",39,1,1,0,0,0
"E401","I40",40,0,0,0,0,0
"E402","I01",1,1,1,0,0,0
"E402","I02",2,1,1,0,0,0
"E402","I03",3,0,0,0,0,0
"E402","I04",4,0,1,1,1,0
"E402","I05",5,1,1,0,0,0
"E402","I06",6,0,0,0,0,0
"E402","I07",7,0,0,0,0,0
"E402","I08",8,1,1,0,0,0
"E402","I09",9,0,0,0,0,0
"E402","I10",10,0,0,0,0,0
"E402","I11",11,0,0,0,0,0
"E402","I12",12,1,1,0,0,0
"E402","I13",13,0,0,0,0,0
"E402","I14",14,1,1,0,0,0
"E402","I15",15,1,1,0,0,0
"E402","I16",16,1,1,0,0,0
"E402","I17",17,1,1,0,0,0
"E402","I18",18,1,1,0,0,0
"E402","I19",19,0,1,1,1,0
"E402","I20",20,1,1,0,0,0
"E402","I21",21,1,1,0,0,0
"E402","I22",22,1,1,0,0,0
"E402","I23",23,1,1,0,0,0
"E402","I24",24,0,0,0,0,0
"E402","I25",25,0,0,0,0,0
"E402","I26",26,1,1,0,0,0
"E402","I27",27,1,1,0,0,0
"E402","I28",28,0,0,0,0,0
"E402","I29",29,0,1,1,1,0
"E402","I30",30,1,1,0,0,0
"E402","I31",31,1,1,0,0,0
"E402","I32",32,1,1,0,0,0
"E402","I33",33,0,0,0,0,0
"E402","I34",34,0,0,0,0,0
"E402","I35",35,0,0,0,0,0
"E402","I36",36,0,0,0,0,0
"E402","I37",37,1,1,0,0,0
"E402","I38",38,1,1,0,0,0
"E402","I39",39,0,0,0,0,0
"E402","I40",40,1,1,0,0,0
"E403","I01",1,1,1,0,0,0
"E403","I02",2,0,0,0,0,0
"E403","I03",3,0,0,0,0,0
"E403","I04",4,0,0,0,0,0
"E403","I05",5,0,0,0,0,0
"E403","I06",6,1,1,0,0,0
"E403","I07",7,1,1,0,0,0
"E403","I08",8,0,0,0,0,0
"E403","I09",9,0,0,0,0,0
"E403","I10",10,0,0,0,0,0
"E403","I11",11,0,0,0,0,0
"E403","I12",12,1,1,0,0,0
"E403","I13",13,1,1,0,0,0
"E403","I14",14,0,0,0,0,0
"E403","I15",15,0,0,0,0,0
"E403","I16",16,0,0,0,0,0
"E403","I17",17,1,1,0,0,0
"E403","I18",18,0,0,0,0,0
"E403","I19",19,1,1,0,0,0
"E403","I20",20,1,1,0,0,0
"E403","I21",21,0,0,0,0,0
"E403","I22",22,0,0,0,0,0
"E403","I23",23,1,1,0,0,0
"E403","I24",24,1,0,1,0,1
"E403","I25",25,0,0,0,0,0
"E403","I26",26,1,1,0,0,0
"E403","I27",27,0,0,0,0,0
"E403","I28",28,0,0,0,0,0
"E403","I29",29,0,0,0,0,0
"E403","I30",30,0,0,0,0,0
"E403","I31",31,0,0,0,0,0
"E403","I32",32,1,1,0,0,0
"E403","I33",33,0,0,0,0,0
"E403","I34",34,0,0,0,0,0
"E403","I35",35,0,0,0,0,0
"E403","I36",36,1,1,0,0,0
"E403","I37",37,0,0,0,0,0
"E403","I38",38,0,0,0,0,0
"E403","I39",39,0,0,0,0,0
"E403","I40",40,0,0,0,0,0
"E404","I01",1,1,1,0,0,0
"E404","I02",2,1,1,0,0,0
"E404","I03",3,1,1,0,0,0
"E404","I04",4,1,1,0,0,0
"E404","I05",5,1,1,0,0,0
"E404","I06",6,1,1,0,0,0
"E404","I07",7,0,0,0,0,0
"E404","I08",8,0,0,0,0,0
"E404","I09",9,1,1,0,0,0
"E404","I10",10,1,1,0,0,0
"E404","I11",11,0,0,0,0,0
"E404","I12",12,0,0,0,0,0
"E404","I13",13,1,1,0,0,0
"E404","I14",14,1,1,0,0,0
"E404","I15",15,0,0,0,0,0
"E404","I16",16,1,1,0,0,0
"E404","I17",17,1,1,0,0,0
"E404","I18",18,1,1,0,0,0
"E404","I19",19,0,0,0,0,0
"E404","I20",20,1,1,0,0,0
"E404","I21",21,1,1,0,0,0
"E404","I22",22,1,1,0,0,0
"E404","I23",23,0,0,0,0,0
"E404","I24",24,0,0,0,0,0
"E404","I25",25,0,0,0,0,0
"E404","I26",26,0,0,0,0,0
"E404","I27",27,0,0,0,0,0
"E404","I28",28,1,1,0,0,0
"E404","I29",29,0,0,0,0,0
"E404","I30",30,0,0,0,0,0
"E404","I31",31,0,0,0,0,0
"E404","I32",32,1,1,0,0,0
"E404","I33",33,0,0,0,0,0
"E404","I34",34,0,0,0,0,0
"E404","I35",35,1,0,1,0,1
"E404","I36",36,1,1,0,0,0
"E404","I37",37,1,1,0,0,0
"E404","I38",38,0,0,0,0,0
"E404","I39",39,1,1,0,0,0
"E404","I40",40,0,0,0,0,0
"E405","I01",1,1,1,0,0,0
"E405","I02",2,0,0,0,0,0
"E405","I03",3,0,0,0,0,0
"E405","I04",4,0,0,0,0,0
"E405","I05",5,0,0,0,0,0
"E405","I06",6,1,0,1,0,1
"E405","I07",7,0,0,0,0,0
"E405","I08",8,0,0,0,0,0
"E405","I09",9,0,0,0,0,0
"E405","I10",10,0,0,0,0,0
"E405","I11",11,0,0,0,0,0
"E405","I12",12,1,1,0,0,0
"E405","I13",13,1,1,0,0,0
"E405","I14",14,1,1,0,0,0
"E405","I15",15,0,0,0,0,0
"E405","I16",16,1,1,0,0,0
"E405","I17",17,1,1,0,0,0
"E405","I18",18,1,1,0,0,0
"E405","I19",19,0,1,1,1,0
"E405","I20",20,1,1,0,0,0
"E405","I21",21,0,0,0,0,0
"E405","I22",22,0,0,0,0,0
"E405","I23",23,0,0,0,0,0
"E405","I24",24,0,0,0,0,0
"E405","I25",25,1,1,0,0,0
"E405","I26",26,1,1,0,0,0
"E405","I27",27,0,0,0,0,0
"E405","I28",28,0,0,0,0,0
"E405","I29",29,0,0,0,0,0
"E405","I30",30,0,0,0,0,0
"E405","I31",31,0,0,0,0,0
"E405","I32",32,0,0,0,0,0
"E405","I33",33,0,0,0,0,0
"E405","I34",34,0,0,0,0,0
"E405","I35",35,0,0,0,0,0
"E405","I36",36,1,1,0,0,0
"E405","I37",37,1,1,0,0,0
"E405","I38",38,0,0,0,0,0
"E405","I39",39,0,0,0,0,0
"E405","I40",40,0,0,0,0,0
"E406","I01",1,1,1,0,0,0
"E406","I02",2,0,0,0,0,0
"E406","I03",3,0,0,0,0,0
"E406","I04",4,1,1,0,0,0
"E406","I05",5,1,1,0,0,0
"E406","I06",6,1,1,0,0,0
"E406","I07",7,0,0,0,0,0
"E406","I08",8,1,1,0,0,0
"E406","I09",9,0,0,0,0,0
"E406","I10",10,0,0,0,0,0
"E406","I11",11,0,0,0,0,0
"E406","I12",12,0,0,0,0,0
"E406","I13",13,0,0,0,0,0
"E406","I14",14,0,0,0,0,0
"E406","I15",15,0,0,0,0,0
"E406","I16",16,1,1,0,0,0
"E406","I17",17,0,0,0,0,0
"E406","I18",18,0,0,0,0,0
"E406","I19",19,1,1,0,0,0
"E406","I20",20,0,0,0,0,0
"E406","I21",21,1,1,0,0,0
"E406","I22",22,0,0,0,0,0
"E406","I23",23,1,1,0,0,0
"E406","I24",24,0,0,0,0,0
"E406","I25",25,0,0,0,0,0
"E406","I26",26,0,0,0,0,0
"E406","I27",27,0,0,0,0,0
"E406","I28",28,0,0,0,0,0
"E406","I29",29,0,0,0,0,0
"E406","I30",30,0,0,0,0,0
"E406","I31",31,0,0,0,0,0
"E406","I32",32,1,1,0,0,0
"E406","I33",33,0,0,0,0,0
"E406","I34",34,0,0,0,0,0
"E406","I35",35,0,0,0,0,0
"E406","I36",36,1,1,0,0,0
"E406","I37",37,1,1,0,0,0
"E406","I38",38,0,0,0,0,0
"E406","I39",39,0,0,0,0,0
"E406","I40",40,1,1,0,0,0
"E407","I01",1,1,1,0,0,0
"E407","I02",2,1,1,0,0,0
"E407","I03",3,1,1,0,0,0
"E407","I04",4,1,1,0,0,0
"E407","I05",5,1,1,0,0,0
"E407","I06",6,0,0,0,0,0
"E407","I07",7,1,1,0,0,0
"E407","I08",8,1,1,0,0,0
"E407","I09",9,1,1,0,0,0
"E407","I10",10,1,1,0,0,0
"E407","I11",11,1,1,0,0,0
"E407","I12",12,1,1,0,0,0
"E407","I13",13,1,1,0,0,0
"E407","I14",14,1,1,0,0,0
"E407","I15",15,1,1,0,0,0
"E407","I16",16,1,1,0,0,0
"E407","I17",17,0,0,0,0,0
"E407","I18",18,1,1,0,0,0
"E407","I19",19,0,1,1,1,0
"E407","I20",20,1,1,0,0,0
"E407","I21",21,1,1,0,0,0
"E407","I22",22,0,0,0,0,0
"E407","I23",23,1,1,0,0,0
"E407","I24",24,1,1,0,0,0
"E407","I25",25,1,1,0,0,0
"E407","I26",26,1,1,0,0,0
"E407","I27",27,1,1,0,0,0
"E407","I28",28,1,1,0,0,0
"E407","I29",29,0,0,0,0,0
"E407","I30",30,1,1,0,0,0
"E407","I31",31,0,0,0,0,0
"E407","I32",32,1,1,0,0,0
"E407","I33",33,1,1,0,0,0
"E407","I34",34,0,1,1,1,0
"E407","I35",35,1,1,0,0,0
"E407","I36",36,0,0,0,0,0
"E407","I37",37,0,0,0,0,0
"E407","I38",38,1,1,0,0,0
"E407","I39",39,1,1,0,0,0
"E407","I40",40,1,1,0,0,0
"E408","I01",1,1,1,0,0,0
"E408","I02",2,1,1,0,0,0
"E408","I03",3,1,1,0,0,0
"E408","I04",4,1,1,0,0,0
"E408","I05",5,1,1,0,0,0
"E408","I06",6,1,1,0,0,0
"E408","I07",7,1,1,0,0,0
"E408","I08",8,1,1,0,0,0
"E408","I09",9,1,1,0,0,0
"E408","I10",10,1,1,0,0,0
"E408","I11",11,0,0,0,0,0
"E408","I12",12,1,1,0,0,0
"E408","I13",13,1,1,0,0,0
"E408","I14",14,0,0,0,0,0
"E408","I15",15,0,1,1,1,0
"E408","I16",16,1,1,0,0,0
"E408","I17",17,1,1,0,0,0
"E408","I18",18,1,1,0,0,0
"E408","I19",19,1,1,0,0,0
"E408","I20",20,1,1,0,0,0
"E408","I21",21,0,0,0,0,0
"E408","I22",22,1,1,0,0,0
"E408","I23",23,1,1,0,0,0
"E408","I24",24,1,1,0,0,0
"E408","I25",25,1,1,0,0,0
"E408","I26",26,1,1,0,0,0
"E408","I27",27,1,1,0,0,0
"E408","I28",28,1,1,0,0,0
"E408","I29",29,1,1,0,0,0
"E408","I30",30,1,1,0,0,0
"E408","I31",31,0,0,0,0,0
"E408","I32",32,1,1,0,0,0
"E408","I33",33,1,1,0,0,0
"E408","I34",34,0,0,0,0,0
"E408","I35",35,1,1,0,0,0
"E408","I36",36,1,1,0,0,0
"E408","I37",37,1,1,0,0,0
"E408","I38",38,1,1,0,0,0
"E408","I39",39,0,0,0,0,0
"E408","I40",40,0,0,0,0,0
"E409","I01",1,1,1,0,0,0
"E409","I02",2,0,0,0,0,0
"E409","I03",3,1,1,0,0,0
"E409","I04",4,1,1,0,0,0
"E409","I05",5,1,1,0,0,0
"E409","I06",6,1,1,0,0,0
"E409","I07",7,1,1,0,0,0
"E409","I08",8,0,0,0,0,0
"E409","I09",9,0,1,1,1,0
"E409","I10",10,0,0,0,0,0
"E409","I11",11,0,0,0,0,0
"E409","I12",12,0,0,0,0,0
"E409","I13",13,0,0,0,0,0
"E409","I14",14,0,0,0,0,0
"E409","I15",15,0,0,0,0,0
"E409","I16",16,0,0,0,0,0
"E409","I17",17,0,0,0,0,0
"E409","I18",18,0,0,0,0,0
"E409","I19",19,1,1,0,0,0
"E409","I20",20,1,1,0,0,0
"E409","I21",21,1,1,0,0,0
"E409","I22",22,0,1,1,1,0
"E409","I23",23,1,1,0,0,0
"E409","I24",24,0,0,0,0,0
"E409","I25",25,0,0,0,0,0
"E409","I26",26,0,0,0,0,0
"E409","I27",27,1,1,0,0,0
"E409","I28",28,0,0,0,0,0
"E409","I29",29,1,1,0,0,0
"E409","I30",30,1,1,0,0,0
"E409","I31",31,0,0,0,0,0
"E409","I32",32,1,1,0,0,0
"E409","I33",33,0,0,0,0,0
"E409","I34",34,0,0,0,0,0
"E409","I35",35,0,0,0,0,0
"E409","I36",36,0,0,0,0,0
"E409","I37",37,1,1,0,0,0
"E409","I38",38,0,0,0,0,0
"E409","I39",39,1,1,0,0,0
"E409","I40",40,0,0,0,0,0
"E410","I01",1,1,1,0,0,0
"E410","I02",2,1,1,0,0,0
"E410","I03",3,1,1,0,0,0
"E410","I04",4,1,1,0,0,0
"E410","I05",5,1,1,0,0,0
"E410","I06",6,0,0,0,0,0
"E410","I07",7,0,0,0,0,0
"E410","I08",8,0,0,0,0,0
"E410","I09",9,1,1,0,0,0
"E410","I10",10,0,0,0,0,0
"E410","I11",11,0,0,0,0,0
"E410","I12",12,0,0,0,0,0
"E410","I13",13,0,0,0,0,0
"E410","I14",14,0,0,0,0,0
"E410","I15",15,0,0,0,0,0
"E410","I16",16,1,1,0,0,0
"E410","I17",17,0,0,0,0,0
"E410","I18",18,0,1,1,1,0
"E410","I19",19,0,0,0,0,0
"E410","I20",20,0,0,0,0,0
"E410","I21",21,1,1,0,0,0
"E410","I22",22,1,1,0,0,0
"E410","I23",23,1,0,1,0,1
"E410","I24",24,0,0,0,0,0
"E410","I25",25,0,0,0,0,0
"E410","I26",26,0,0,0,0,0
"E410","I27",27,0,0,0,0,0
"E410","I28",28,1,1,0,0,0
"E410","I29",29,0,0,0,0,0
"E410","I30",30,0,0,0,0,0
"E410","I31",31,0,0,0,0,0
"E410","I32",32,0,1,1,1,0
"E410","I33",33,1,1,0,0,0
"E410","I34",34,0,0,0,0,0
"E410","I35",35,1,1,0,0,0
"E410","I36",36,0,0,0,0,0
"E410","I37",37,1,1,0,0,0
"E410","I38",38,0,0,0,0,0
"E410","I39",39,1,1,0,0,0
"E410","I40",40,0,0,0,0,0
"E411","I01",1,1,1,0,0,0
"E411","I02",2,0,0,0,0,0
"E411","I03",3,1,1,0,0,0
"E411","I04",4,1,1,0,0,0
"E411","I05",5,0,0,0,0,0
"E411","I06",6,1,1,0,0,0
"E411","I07",7,0,1,1,1,0
"E411","I08",8,1,1,0,0,0
"E411","I09",9,1,1,0,0,0
"E411","I10",10,0,0,0,0,0
"E411","I11",11,0,0,0,0,0
"E411","I12",12,1,1,0,0,0
"E411","I13",13,1,1,0,0,0
"E411","I14",14,0,0,0,0,0
"E411","I15",15,1,1,0,0,0
"E411","I16",16,0,0,0,0,0
"E411","I17",17,1,1,0,0,0
"E411","I18",18,1,1,0,0,0
"E411","I19",19,1,1,0,0,0
"E411","I20",20,0,0,0,0,0
"E411","I21",21,1,1,0,0,0
"E411","I22",22,0,0,0,0,0
"E411","I23",23,1,1,0,0,0
"E411","I24",24,1,1,0,0,0
"E411","I25",25,1,1,0,0,0
"E411","I26",26,1,1,0,0,0
"E411","I27",27,1,1,0,0,0
"E411","I28",28,0,0,0,0,0
"E411","I29",29,1,1,0,0,0
"E411","I30",30,0,0,0,0,0
"E411","I31",31,0,0,0,0,0
"E411","I32",32,0,0,0,0,0
"E411","I33",33,1,1,0,0,0
"E411","I34",34,1,0,1,0,1
"E411","I35",35,1,1,0,0,0
"E411","I36",36,0,0,0,0,0
"E411","I37",37,1,1,0,0,0
"E411","I38",38,1,1,0,0,0
"E411","I39",39,1,1,0,0,0
"E411","I40",40,0,0,0,0,0
"E412","I01",1,1,1,0,0,0
"E412","I02",2,1,0,1,0,1
"E412","I03",3,1,1,0,0,0
"E412","I04",4,0,0,0,0,0
"E412","I05",5,0,0,0,0,0
"E412","I06",6,1,1,0,0,0
"E412","I07",7,0,0,0,0,0
"E412","I08",8,0,0,0,0,0
"E412","I09",9,0,0,0,0,0
"E412","I10",10,1,0,1,0,1
"E412","I11",11,0,0,0,0,0
"E412","I12",12,1,1,0,0,0
"E412","I13",13,0,0,0,0,0
"E412","I14",14,0,0,0,0,0
"E412","I15",15,0,0,0,0,0
"E412","I16",16,0,0,0,0,0
"E412","I17",17,1,1,0,0,0
"E412","I18",18,0,0,0,0,0
"E412","I19",19,1,1,0,0,0
"E412","I20",20,1,1,0,0,0
"E412","I21",21,1,1,0,0,0
"E412","I22",22,0,0,0,0,0
"E412","I23",23,0,0,0,0,0
"E412","I24",24,0,0,0,0,0
"E412","I25",25,0,0,0,0,0
"E412","I26",26,1,1,0,0,0
"E412","I27",27,0,0,0,0,0
"E412","I28",28,1,1,0,0,0
"E412","I29",29,0,0,0,0,0
"E412","I30",30,1,0,1,0,1
"E412","I31",31,0,0,0,0,0
"E412","I32",32,0,0,0,0,0
"E412","I33",33,0,0,0,0,0
"E412","I34",34,0,0,0,0,0
"E412","I35",35,0,0,0,0,0
"E412","I36",36,1,1,0,0,0
"E412","I37",37,0,0,0,0,0
"E412","I38",38,0,0,0,0,0
"E412","I39",39,0,0,0,0,0
"E412","I40",40,0,0,0,0,0
"E413","I01",1,1,1,0,0,0
"E413","I02",2,0,0,0,0,0
"E413","I03",3,1,1,0,0,0
"E413","I04",4,1,1,0,0,0
"E413","I05",5,0,0,0,0,0
"E413","I06",6,0,0,0,0,0
"E413","I07",7,1,1,0,0,0
"E413","I08",8,1,1,0,0,0
"E413","I09",9,0,0,0,0,0
"E413","I10",10,0,1,1,1,0
"E413","I11",11,1,1,0,0,0
"E413","I12",12,1,1,0,0,0
"E413","I13",13,1,1,0,0,0
"E413","I14",14,0,0,0,0,0
"E413","I15",15,0,0,0,0,0
"E413","I16",16,1,1,0,0,0
"E413","I17",17,1,1,0,0,0
"E413","I18",18,0,0,0,0,0
"E413","I19",19,0,0,0,0,0
"E413","I20",20,1,1,0,0,0
"E413","I21",21,0,0,0,0,0
"E413","I22",22,0,0,0,0,0
"E413","I23",23,1,1,0,0,0
"E413","I24",24,0,0,0,0,0
"E413","I25",25,1,1,0,0,0
"E413","I26",26,1,1,0,0,0
"E413","I27",27,1,1,0,0,0
"E413","I28",28,1,1,0,0,0
"E413","I29",29,0,1,1,1,0
"E413","I30",30,0,0,0,0,0
"E413","I31",31,0,0,0,0,0
"E413","I32",32,1,1,0,0,0
"E413","I33",33,0,0,0,0,0
"E413","I34",34,0,0,0,0,0
"E413","I35",35,0,0,0,0,0
"E413","I36",36,0,0,0,0,0
"E413","I37",37,1,1,0,0,0
"E413","I38",38,1,1,0,0,0
"E413","I39",39,1,1,0,0,0
"E413","I40",40,1,0,1,0,1
"E414","I01",1,1,1,0,0,0
"E414","I02",2,0,0,0,0,0
"E414","I03",3,1,1,0,0,0
"E414","I04",4,1,1,0,0,0
"E414","I05",5,1,1,0,0,0
"E414","I06",6,1,1,0,0,0
"E414","I07",7,1,1,0,0,0
"E414","I08",8,1,1,0,0,0
"E414","I09",9,1,1,0,0,0
"E414","I10",10,1,1,0,0,0
"E414","I11",11,0,0,0,0,0
"E414","I12",12,1,1,0,0,0
"E414","I13",13,0,0,0,0,0
"E414","I14",14,1,1,0,0,0
"E414","I15",15,0,0,0,0,0
"E414","I16",16,0,0,0,0,0
"E414","I17",17,1,1,0,0,0
"E414","I18",18,0,0,0,0,0
"E414","I19",19,1,1,0,0,0
"E414","I20",20,0,1,1,1,0
"E414","I21",21,1,1,0,0,0
"E414","I22",22,0,0,0,0,0
"E414","I23",23,0,0,0,0,0
"E414","I24",24,0,0,0,0,0
"E414","I25",25,1,1,0,0,0
"E414","I26",26,1,1,0,0,0
"E414","I27",27,1,1,0,0,0
"E414","I28",28,1,1,0,0,0
"E414","I29",29,1,1,0,0,0
"E414","I30",30,0,0,0,0,0
"E414","I31",31,0,0,0,0,0
"E414","I32",32,0,0,0,0,0
"E414","I33",33,0,0,0,0,0
"E414","I34",34,0,0,0,0,0
"E414","I35",35,1,1,0,0,0
"E414","I36",36,0,0,0,0,0
"E414","I37",37,0,0,0,0,0
"E414","I38",38,1,1,0,0,0
"E414","I39",39,1,1,0,0,0
"E414","I40",40,1,1,0,0,0
"E415","I01",1,1,1,0,0,0
"E415","I02",2,1,1,0,0,0
"E415","I03",3,1,1,0,0,0
"E415","I04",4,1,1,0,0,0
"E415","I05",5,1,1,0,0,0
"E415","I06",6,0,0,0,0,0
"E415","I07",7,1,1,0,0,0
"E415","I08",8,1,1,0,0,0
"E415","I09",9,1,1,0,0,0
"E415","I10",10,1,1,0,0,0
"E415","I11",11,0,0,0,0,0
"E415","I12",12,1,1,0,0,0
"E415","I13",13,0,0,0,0,0
"E415","I14",14,1,1,0,0,0
"E415","I15",15,0,0,0,0,0
"E415","I16",16,1,1,0,0,0
"E415","I17",17,1,1,0,0,0
"E415","I18",18,0,0,0,0,0
"E415","I19",19,1,1,0,0,0
"E415","I20",20,1,1,0,0,0
"E415","I21",21,0,0,0,0,0
"E415","I22",22,0,0,0,0,0
"E415","I23",23,0,0,0,0,0
"E415","I24",24,0,0,0,0,0
"E415","I25",25,1,1,0,0,0
"E415","I26",26,1,1,0,0,0
"E415","I27",27,1,1,0,0,0
"E415","I28",28,1,1,0,0,0
"E415","I29",29,1,1,0,0,0
"E415","I30",30,1,1,0,0,0
"E415","I31",31,1,1,0,0,0
"E415","I32",32,0,0,0,0,0
"E415","I33",33,0,0,0,0,0
"E415","I34",34,0,0,0,0,0
"E415","I35",35,1,1,0,0,0
"E415","I36",36,1,1,0,0,0
"E415","I37",37,1,1,0,0,0
"E415","I38",38,1,1,0,0,0
"E415","I39",39,1,1,0,0,0
"E415","I40",40,1,1,0,0,0
"E416","I01",1,1,1,0,0,0
"E416","I02",2,0,0,0,0,0
"E416","I03",3,1,1,0,0,0
"E416","I04",4,0,0,0,0,0
"E416","I05",5,0,0,0,0,0
"E416","I06",6,1,1,0,0,0
"E416","I07",7,1,1,0,0,0
"E416","I08",8,1,1,0,0,0
"E416","I09",9,0,0,0,0,0
"E416","I10",10,1,1,0,0,0
"E416","I11",11,0,0,0,0,0
"E416","I12",12,1,0,1,0,1
"E416","I13",13,1,1,0,0,0
"E416","I14",14,1,1,0,0,0
"E416","I15",15,1,1,0,0,0
"E416","I16",16,1,1,0,0,0
"E416","I17",17,0,0,0,0,0
"E416","I18",18,0,0,0,0,0
"E416","I19",19,1,1,0,0,0
"E416","I20",20,0,0,0,0,0
"E416","I21",21,0,0,0,0,0
"E416","I22",22,0,0,0,0,0
"E416","I23",23,1,1,0,0,0
"E416","I24",24,0,0,0,0,0
"E416","I25",25,1,1,0,0,0
"E416","I26",26,0,0,0,0,0
"E416","I27",27,0,0,0,0,0
"E416","I28",28,0,0,0,0,0
"E416","I29",29,1,1,0,0,0
"E416","I30",30,0,0,0,0,0
"E416","I31",31,1,0,1,0,1
"E416","I32",32,0,0,0,0,0
"E416","I33",33,0,0,0,0,0
"E416","I34",34,0,0,0,0,0
"E416","I35",35,0,0,0,0,0
"E416","I36",36,1,1,0,0,0
"E416","I37",37,0,0,0,0,0
"E416","I38",38,0,0,0,0,0
"E416","I39",39,0,0,0,0,0
"E416","I40",40,0,0,0,0,0
"E417","I01",1,1,1,0,0,0
"E417","I02",2,1,1,0,0,0
"E417","I03",3,1,1,0,0,0
"E417","I04",4,1,1,0,0,0
"E417","I05",5,1,1,0,0,0
"E417","I06",6,1,1,0,0,0
"E417","I07",7,1,1,0,0,0
"E417","I08",8,1,1,0,0,0
"E417","I09",9,0,0,0,0,0
"E417","I10",10,0,0,0,0,0
"E417","I11",11,1,1,0,0,0
"E417","I12",12,1,1,0,0,0
"E417","I13",13,0,0,0,0,0
"E417","I14",14,1,1,0,0,0
"E417","I15",15,1,1,0,0,0
"E417","I16",16,1,1,0,0,0
"E417","I17",17,1,1,0,0,0
"E417","I18",18,0,0,0,0,0
"E417","I19",19,1,1,0,0,0
"E417","I20",20,1,1,0,0,0
"E417","I21",21,1,1,0,0,0
"E417","I22",22,1,1,0,0,0
"E417","I23",23,1,1,0,0,0
"E417","I24",24,1,1,0,0,0
"E417","I25",25,1,1,0,0,0
"E417","I26",26,1,1,0,0,0
"E417","I27",27,0,0,0,0,0
"E417","I28",28,1,1,0,0,0
"E417","I29",29,0,0,0,0,0
"E417","I30",30,0,0,0,0,0
"E417","I31",31,0,0,0,0,0
"E417","I32",32,1,1,0,0,0
"E417","I33",33,1,0,1,0,1
"E417","I34",34,0,0,0,0,0
"E417","I35",35,1,1,0,0,0
"E417","I36",36,1,1,0,0,0
"E417","I37",37,1,1,0,0,0
"E417","I38",38,1,1,0,0,0
"E417","I39",39,0,0,0,0,0
"E417","I40",40,1,1,0,0,0
"E418","I01",1,1,1,0,0,0
"E418","I02",2,0,0,0,0,0
"E418","I03",3,1,1,0,0,0
"E418","I04",4,1,1,0,0,0
"E418","I05",5,0,0,0,0,0
"E418","I06",6,0,1,1,1,0
"E418","I07",7,1,1,0,0,0
"E418","I08",8,1,1,0,0,0
"E418","I09",9,1,1,0,0,0
"E418","I10",10,1,1,0,0,0
"E418","I11",11,1,1,0,0,0
"E418","I12",12,1,1,0,0,0
"E418","I13",13,0,0,0,0,0
"E418","I14",14,1,1,0,0,0
"E418","I15",15,1,1,0,0,0
"E418","I16",16,1,1,0,0,0
"E418","I17",17,1,1,0,0,0
"E418","I18",18,1,1,0,0,0
"E418","I19",19,1,1,0,0,0
"E418","I20",20,1,1,0,0,0
"E418","I21",21,1,1,0,0,0
"E418","I22",22,1,0,1,0,1
"E418","I23",23,0,0,0,0,0
"E418","I24",24,1,1,0,0,0
"E418","I25",25,1,1,0,0,0
"E418","I26",26,1,1,0,0,0
"E418","I27",27,1,1,0,0,0
"E418","I28",28,1,1,0,0,0
"E418","I29",29,0,0,0,0,0
"E418","I30",30,1,1,0,0,0
"E418","I31",31,0,0,0,0,0
"E418","I32",32,1,1,0,0,0
"E418","I33",33,1,1,0,0,0
"E418","I34",34,0,0,0,0,0
"E418","I35",35,1,1,0,0,0
"E418","I36",36,1,1,0,0,0
"E418","I37",37,0,0,0,0,0
"E418","I38",38,1,1,0,0,0
"E418","I39",39,1,1,0,0,0
"E418","I40",40,1,1,0,0,0
"E419","I01",1,1,1,0,0,0
"E419","I02",2,1,1,0,0,0
"E419","I03",3,1,1,0,0,0
"E419","I04",4,1,1,0,0,0
"E419","I05",5,1,1,0,0,0
"E419","I06",6,1,1,0,0,0
"E419","I07",7,1,1,0,0,0
"E419","I08",8,1,1,0,0,0
"E419","I09",9,1,1,0,0,0
"E419","I10",10,1,1,0,0,0
"E419","I11",11,0,0,0,0,0
"E419","I12",12,0,0,0,0,0
"E419","I13",13,1,1,0,0,0
"E419","I14",14,1,1,0,0,0
"E419","I15",15,0,0,0,0,0
"E419","I16",16,1,1,0,0,0
"E419","I17",17,1,1,0,0,0
"E419","I18",18,0,0,0,0,0
"E419","I19",19,1,1,0,0,0
"E419","I20",20,1,1,0,0,0
"E419","I21",21,0,0,0,0,0
"E419","I22",22,0,0,0,0,0
"E419","I23",23,0,0,0,0,0
"E419","I24",24,0,0,0,0,0
"E419","I25",25,1,1,0,0,0
"E419","I26",26,1,1,0,0,0
"E419","I27",27,0,0,0,0,0
"E419","I28",28,1,1,0,0,0
"E419","I29",29,1,1,0,0,0
"E419","I30",30,1,1,0,0,0
"E419","I31",31,1,1,0,0,0
"E419","I32",32,1,1,0,0,0
"E419","I33",33,0,0,0,0,0
"E419","I34",34,0,0,0,0,0
"E419","I35",35,1,0,1,0,1
"E419","I36",36,1,1,0,0,0
"E419","I37",37,1,1,0,0,0
"E419","I38",38,1,1,0,0,0
"E419","I39",39,0,1,1,1,0
"E419","I40",40,1,1,0,0,0
"E420","I01",1,1,1,0,0,0
"E420","I02",2,1,1,0,0,0
"E420","I03",3,0,0,0,0,0
"E420","I04",4,0,0,0,0,0
"E420","I05",5,0,0,0,0,0
"E420","I06",6,1,1,0,0,0
"E420","I07",7,1,1,0,0,0
"E420","I08",8,0,0,0,0,0
"E420","I09",9,0,0,0,0,0
"E420","I10",10,1,1,0,0,0
"E420","I11",11,0,0,0,0,0
"E420","I12",12,0,0,0,0,0
"E420","I13",13,0,0,0,0,0
"E420","I14",14,0,0,0,0,0
"E420","I15",15,0,0,0,0,0
"E420","I16",16,0,0,0,0,0
"E420","I17",17,1,1,0,0,0
"E420","I18",18,0,0,0,0,0
"E420","I19",19,1,1,0,0,0
"E420","I20",20,1,1,0,0,0
"E420","I21",21,0,0,0,0,0
"E420","I22",22,1,1,0,0,0
"E420","I23",23,1,1,0,0,0
"E420","I24",24,0,0,0,0,0
"E420","I25",25,1,1,0,0,0
"E420","I26",26,0,0,0,0,0
"E420","I27",27,0,0,0,0,0
"E420","I28",28,1,1,0,0,0
"E420","I29",29,1,1,0,0,0
"E420","I30",30,0,0,0,0,0
"E420","I31",31,0,0,0,0,0
"E420","I32",32,1,1,0,0,0
"E420","I33",33,0,0,0,0,0
"E420","I34",34,0,0,0,0,0
"E420","I35",35,1,1,0,0,0
"E420","I36",36,1,1,0,0,0
"E420","I37",37,1,1,0,0,0
"E420","I38",38,0,0,0,0,0
"E420","I39",39,0,0,0,0,0
"E420","I40",40,0,0,0,0,0
"E421","I01",1,1,1,0,0,0
"E421","I02",2,1,1,0,0,0
"E421","I03",3,1,1,0,0,0
"E421","I04",4,1,1,0,0,0
"E421","I05",5,1,1,0,0,0
"E421","I06",6,1,1,0,0,0
"E421","I07",7,1,1,0,0,0
"E421","I08",8,1,1,0,0,0
"E421","I09",9,1,1,0,0,0
"E421","I10",10,1,1,0,0,0
"E421","I11",11,0,0,0,0,0
"E421","I12",12,0,0,0,0,0
"E421","I13",13,0,0,0,0,0
"E421","I14",14,0,0,0,0,0
"E421","I15",15,1,1,0,0,0
"E421","I16",16,1,1,0,0,0
"E421","I17",17,1,1,0,0,0
"E421","I18",18,1,1,0,0,0
"E421","I19",19,1,1,0,0,0
"E421","I20",20,1,1,0,0,0
"E421","I21",21,0,0,0,0,0
"E421","I22",22,0,0,0,0,0
"E421","I23",23,1,1,0,0,0
"E421","I24",24,1,1,0,0,0
"E421","I25",25,1,1,0,0,0
"E421","I26",26,0,1,1,1,0
"E421","I27",27,1,1,0,0,0
"E421","I28",28,1,1,0,0,0
"E421","I29",29,1,1,0,0,0
"E421","I30",30,1,1,0,0,0
"E421","I31",31,0,0,0,0,0
"E421","I32",32,0,0,0,0,0
"E421","I33",33,0,0,0,0,0
"E421","I34",34,1,1,0,0,0
"E421","I35",35,1,1,0,0,0
"E421","I36",36,1,1,0,0,0
"E421","I37",37,1,1,0,0,0
"E421","I38",38,0,0,0,0,0
"E421","I39",39,0,0,0,0,0
"E421","I40",40,0,0,0,0,0
"E422","I01",1,1,1,0,0,0
"E422","I02",2,0,0,0,0,0
"E422","I03",3,0,0,0,0,0
"E422","I04",4,1,1,0,0,0
"E422","I05",5,0,0,0,0,0
"E422","I06",6,1,1,0,0,0
"E422","I07",7,1,1,0,0,0
"E422","I08",8,1,1,0,0,0
"E422","I09",9,1,1,0,0,0
"E422","I10",10,0,0,0,0,0
"E422","I11",11,0,0,0,0,0
"E422","I12",12,1,1,0,0,0
"E422","I13",13,0,1,1,1,0
"E422","I14",14,1,1,0,0,0
"E422","I15",15,0,0,0,0,0
"E422","I16",16,1,1,0,0,0
"E422","I17",17,0,0,0,0,0
"E422","I18",18,1,1,0,0,0
"E422","I19",19,1,1,0,0,0
"E422","I20",20,0,0,0,0,0
"E422","I21",21,0,0,0,0,0
"E422","I22",22,0,0,0,0,0
"E422","I23",23,1,1,0,0,0
"E422","I24",24,0,0,0,0,0
"E422","I25",25,1,1,0,0,0
"E422","I26",26,0,0,0,0,0
"E422","I27",27,0,0,0,0,0
"E422","I28",28,1,1,0,0,0
"E422","I29",29,0,0,0,0,0
"E422","I30",30,1,1,0,0,0
"E422","I31",31,1,1,0,0,0
"E422","I32",32,1,1,0,0,0
"E422","I33",33,0,0,0,0,0
"E422","I34",34,0,0,0,0,0
"E422","I35",35,1,1,0,0,0
"E422","I36",36,0,0,0,0,0
"E422","I37",37,0,0,0,0,0
"E422","I38",38,1,1,0,0,0
"E422","I39",39,1,1,0,0,0
"E422","I40",40,0,0,0,0,0
"E423","I01",1,1,1,0,0,0
"E423","I02",2,1,1,0,0,0
"E423","I03",3,1,1,0,0,0
"E423","I04",4,1,1,0,0,0
"E423","I05",5,1,1,0,0,0
"E423","I06",6,1,1,0,0,0
"E423","I07",7,1,1,0,0,0
"E423","I08",8,1,1,0,0,0
"E423","I09",9,0,0,0,0,0
"E423","I10",10,1,1,0,0,0
"E423","I11",11,1,1,0,0,0
"E423","I12",12,1,1,0,0,0
"E423","I13",13,1,1,0,0,0
"E423","I14",14,0,0,0,0,0
"E423","I15",15,1,1,0,0,0
"E423","I16",16,1,1,0,0,0
"E423","I17",17,1,1,0,0,0
"E423","I18",18,1,1,0,0,0
"E423","I19",19,0,0,0,0,0
"E423","I20",20,0,1,1,1,0
"E423","I21",21,1,1,0,0,0
"E423","I22",22,1,1,0,0,0
"E423","I23",23,1,1,0,0,0
"E423","I24",24,0,0,0,0,0
"E423","I25",25,1,1,0,0,0
"E423","I26",26,0,0,0,0,0
"E423","I27",27,1,1,0,0,0
"E423","I28",28,0,1,1,1,0
"E423","I29",29,1,1,0,0,0
"E423","I30",30,0,1,1,1,0
"E423","I31",31,1,1,0,0,0
"E423","I32",32,1,1,0,0,0
"E423","I33",33,0,0,0,0,0
"E423","I34",34,0,0,0,0,0
"E423","I35",35,0,0,0,0,0
"E423","I36",36,0,0,0,0,0
"E423","I37",37,1,1,0,0,0
"E423","I38",38,1,1,0,0,0
"E423","I39",39,1,1,0,0,0
"E423","I40",40,1,1,0,0,0
"E424","I01",1,1,1,0,0,0
"E424","I02",2,0,0,0,0,0
"E424","I03",3,1,1,0,0,0
"E424","I04",4,1,1,0,0,0
"E424","I05",5,1,1,0,0,0
"E424","I06",6,1,1,0,0,0
"E424","I07",7,1,1,0,0,0
"E424","I08",8,0,0,0,0,0
"E424","I09",9,1,1,0,0,0
"E424","I10",10,1,1,0,0,0
"E424","I11",11,0,0,0,0,0
"E424","I12",12,1,1,0,0,0
"E424","I13",13,0,0,0,0,0
"E424","I14",14,0,0,0,0,0
"E424","I15",15,0,0,0,0,0
"E424","I16",16,1,1,0,0,0
"E424","I17",17,0,0,0,0,0
"E424","I18",18,1,1,0,0,0
"E424","I19",19,0,0,0,0,0
"E424","I20",20,1,1,0,0,0
"E424","I21",21,0,0,0,0,0
"E424","I22",22,1,1,0,0,0
"E424","I23",23,1,1,0,0,0
"E424","I24",24,1,1,0,0,0
"E424","I25",25,1,1,0,0,0
"E424","I26",26,1,1,0,0,0
"E424","I27",27,0,0,0,0,0
"E424","I28",28,1,1,0,0,0
"E424","I29",29,0,0,0,0,0
"E424","I30",30,1,1,0,0,0
"E424","I31",31,0,0,0,0,0
"E424","I32",32,0,0,0,0,0
"E424","I33",33,0,0,0,0,0
"E424","I34",34,0,0,0,0,0
"E424","I35",35,1,0,1,0,1
"E424","I36",36,0,0,0,0,0
"E424","I37",37,1,1,0,0,0
"E424","I38",38,1,1,0,0,0
"E424","I39",39,1,0,1,0,1
"E424","I40",40,1,1,0,0,0
"E425","I01",1,1,1,0,0,0
"E425","I02",2,0,0,0,0,0
"E425","I03",3,1,1,0,0,0
"E425","I04",4,1,1,0,0,0
"E425","I05",5,0,0,0,0,0
"E425","I06",6,1,1,0,0,0
"E425","I07",7,1,1,0,0,0
"E425","I08",8,1,1,0,0,0
"E425","I09",9,1,1,0,0,0
"E425","I10",10,0,0,0,0,0
"E425","I11",11,1,1,0,0,0
"E425","I12",12,1,1,0,0,0
"E425","I13",13,1,1,0,0,0
"E425","I14",14,0,0,0,0,0
"E425","I15",15,1,1,0,0,0
"E425","I16",16,1,1,0,0,0
"E425","I17",17,1,1,0,0,0
"E425","I18",18,1,1,0,0,0
"E425","I19",19,1,1,0,0,0
"E425","I20",20,1,1,0,0,0
"E425","I21",21,1,1,0,0,0
"E425","I22",22,1,1,0,0,0
"E425","I23",23,1,1,0,0,0
"E425","I24",24,1,1,0,0,0
"E425","I25",25,1,1,0,0,0
"E425","I26",26,1,1,0,0,0
"E425","I27",27,0,0,0,0,0
"E425","I28",28,1,1,0,0,0
"E425","I29",29,1,1,0,0,0
"E425","I30",30,0,0,0,0,0
"E425","I31",31,1,1,0,0,0
"E425","I32",32,1,1,0,0,0
"E425","I33",33,0,0,0,0,0
"E425","I34",34,1,0,1,0,1
"E425","I35",35,0,0,0,0,0
"E425","I36",36,1,1,0,0,0
"E425","I37",37,1,1,0,0,0
"E425","I38",38,1,1,0,0,0
"E425","I39",39,1,1,0,0,0
"E425","I40",40,1,1,0,0,0
"E426","I01",1,1,1,0,0,0
"E426","I02",2,1,1,0,0,0
"E426","I03",3,1,1,0,0,0
"E426","I04",4,0,0,0,0,0
"E426","I05",5,1,1,0,0,0
"E426","I06",6,1,1,0,0,0
"E426","I07",7,1,1,0,0,0
"E426","I08",8,1,1,0,0,0
"E426","I09",9,0,1,1,1,0
"E426","I10",10,1,1,0,0,0
"E426","I11",11,1,1,0,0,0
"E426","I12",12,1,1,0,0,0
"E426","I13",13,1,1,0,0,0
"E426","I14",14,1,1,0,0,0
"E426","I15",15,0,0,0,0,0
"E426","I16",16,1,1,0,0,0
"E426","I17",17,1,1,0,0,0
"E426","I18",18,0,0,0,0,0
"E426","I19",19,1,1,0,0,0
"E426","I20",20,0,0,0,0,0
"E426","I21",21,0,0,0,0,0
"E426","I22",22,0,0,0,0,0
"E426","I23",23,1,1,0,0,0
"E426","I24",24,1,1,0,0,0
"E426","I25",25,1,1,0,0,0
"E426","I26",26,0,0,0,0,0
"E426","I27",27,1,1,0,0,0
"E426","I28",28,1,1,0,0,0
"E426","I29",29,1,1,0,0,0
"E426","I30",30,0,0,0,0,0
"E426","I31",31,1,1,0,0,0
"E426","I32",32,1,1,0,0,0
"E426","I33",33,0,0,0,0,0
"E426","I34",34,1,1,0,0,0
"E426","I35",35,1,1,0,0,0
"E426","I36",36,1,0,1,0,1
"E426","I37",37,0,0,0,0,0
"E426","I38",38,1,1,0,0,0
"E426","I39",39,0,0,0,0,0
"E426","I40",40,1,0,1,0,1
"E427","I01",1,0,0,0,0,0
"E427","I02",2,1,1,0,0,0
"E427","I03",3,0,0,0,0,0
"E427","I04",4,0,0,0,0,0
"E427","I05",5,0,0,0,0,0
"E427","I06",6,1,1,0,0,0
"E427","I07",7,1,1,0,0,0
"E427","I08",8,0,0,0,0,0
"E427","I09",9,0,0,0,0,0
"E427","I10",10,0,0,0,0,0
"E427","I11",11,0,0,0,0,0
"E427","I12",12,0,0,0,0,0
"E427","I13",13,0,0,0,0,0
"E427","I14",14,0,0,0,0,0
"E427","I15",15,0,0,0,0,0
"E427","I16",16,0,0,0,0,0
"E427","I17",17,0,0,0,0,0
"E427","I18",18,0,0,0,0,0
"E427","I19",19,1,1,0,0,0
"E427","I20",20,1,1,0,0,0
"E427","I21",21,0,0,0,0,0
"E427","I22",22,0,0,0,0,0
"E427","I23",23,1,1,0,0,0
"E427","I24",24,0,0,0,0,0
"E427","I25",25,1,1,0,0,0
"E427","I26",26,1,1,0,0,0
"E427","I27",27,0,0,0,0,0
"E427","I28",28,1,1,0,0,0
"E427","I29",29,0,0,0,0,0
"E427","I30",30,0,0,0,0,0
"E427","I31",31,1,1,0,0,0
"E427","I32",32,1,1,0,0,0
"E427","I33",33,0,0,0,0,0
"E427","I34",34,0,0,0,0,0
"E427","I35",35,0,0,0,0,0
"E427","I36",36,1,1,0,0,0
"E427","I37",37,1,1,0,0,0
"E427","I38",38,1,1,0,0,0
"E427","I39",39,1,1,0,0,0
"E427","I40",40,0,0,0,0,0
"E428","I01",1,0,0,0,0,0
"E428","I02",2,0,0,0,0,0
"E428","I03",3,0,0,0,0,0
"E428","I04",4,1,1,0,0,0
"E428","I05",5,0,0,0,0,0
"E428","I06",6,1,1,0,0,0
"E428","I07",7,1,1,0,0,0
"E428","I08",8,1,0,1,0,1
"E428","I09",9,0,0,0,0,0
"E428","I10",10,0,0,0,0,0
"E428","I11",11,0,0,0,0,0
"E428","I12",12,0,0,0,0,0
"E428","I13",13,1,1,0,0,0
"E428","I14",14,0,0,0,0,0
"E428","I15",15,0,0,0,0,0
"E428","I16",16,0,0,0,0,0
"E428","I17",17,0,0,0,0,0
"E428","I18",18,0,0,0,0,0
"E428","I19",19,0,0,0,0,0
"E428","I20",20,0,0,0,0,0
"E428","I21",21,1,0,1,0,1
"E428","I22",22,0,0,0,0,0
"E428","I23",23,0,0,0,0,0
"E428","I24",24,0,0,0,0,0
"E428","I25",25,0,0,0,0,0
"E428","I26",26,0,0,0,0,0
"E428","I27",27,0,0,0,0,0
"E428","I28",28,0,0,0,0,0
"E428","I29",29,0,0,0,0,0
"E428","I30",30,0,0,0,0,0
"E428","I31",31,0,0,0,0,0
"E428","I32",32,0,0,0,0,0
"E428","I33",33,0,0,0,0,0
"E428","I34",34,0,0,0,0,0
"E428","I35",35,0,0,0,0,0
"E428","I36",36,0,0,0,0,0
"E428","I37",37,0,0,0,0,0
"E428","I38",38,0,0,0,0,0
"E428","I39",39,0,0,0,0,0
"E428","I40",40,1,0,1,0,1
"E429","I01",1,1,1,0,0,0
"E429","I02",2,0,0,0,0,0
"E429","I03",3,0,0,0,0,0
"E429","I04",4,1,1,0,0,0
"E429","I05",5,0,0,0,0,0
"E429","I06",6,1,1,0,0,0
"E429","I07",7,1,1,0,0,0
"E429","I08",8,1,1,0,0,0
"E429","I09",9,1,1,0,0,0
"E429","I10",10,0,0,0,0,0
"E429","I11",11,0,0,0,0,0
"E429","I12",12,0,0,0,0,0
"E429","I13",13,1,1,0,0,0
"E429","I14",14,0,0,0,0,0
"E429","I15",15,0,0,0,0,0
"E429","I16",16,1,1,0,0,0
"E429","I17",17,0,0,0,0,0
"E429","I18",18,1,1,0,0,0
"E429","I19",19,0,0,0,0,0
"E429","I20",20,1,1,0,0,0
"E429","I21",21,0,0,0,0,0
"E429","I22",22,0,0,0,0,0
"E429","I23",23,1,1,0,0,0
"E429","I24",24,0,0,0,0,0
"E429","I25",25,1,1,0,0,0
"E429","I26",26,0,0,0,0,0
"E429","I27",27,1,1,0,0,0
"E429","I28",28,0,0,0,0,0
"E429","I29",29,1,1,0,0,0
"E429","I30",30,0,0,0,0,0
"E429","I31",31,0,0,0,0,0
"E429","I32",32,1,1,0,0,0
"E429","I33",33,0,0,0,0,0
"E429","I34",34,0,0,0,0,0
"E429","I35",35,1,1,0,0,0
"E429","I36",36,1,1,0,0,0
"E429","I37",37,1,1,0,0,0
"E429","I38",38,0,0,0,0,0
"E429","I39",39,1,1,0,0,0
"E429","I40",40,1,1,0,0,0
"E430","I01",1,1,1,0,0,0
"E430","I02",2,0,0,0,0,0
"E430","I03",3,0,0,0,0,0
"E430","I04",4,0,0,0,0,0
"E430","I05",5,1,1,0,0,0
"E430","I06",6,1,1,0,0,0
"E430","I07",7,0,0,0,0,0
"E430","I08",8,1,1,0,0,0
"E430","I09",9,0,0,0,0,0
"E430","I10",10,1,0,1,0,1
"E430","I11",11,0,0,0,0,0
"E430","I12",12,1,1,0,0,0
"E430","I13",13,1,1,0,0,0
"E430","I14",14,0,0,0,0,0
"E430","I15",15,0,0,0,0,0
"E430","I16",16,1,1,0,0,0
"E430","I17",17,0,0,0,0,0
"E430","I18",18,1,1,0,0,0
"E430","I19",19,1,1,0,0,0
"E430","I20",20,1,1,0,0,0
"E430","I21",21,0,0,0,0,0
"E430","I22",22,0,0,0,0,0
"E430","I23",23,1,1,0,0,0
"E430","I24",24,0,0,0,0,0
"E430","I25",25,1,1,0,0,0
"E430","I26",26,1,1,0,0,0
"E430","I27",27,1,1,0,0,0
"E430","I28",28,0,0,0,0,0
"E430","I29",29,0,0,0,0,0
"E430","I30",30,0,0,0,0,0
"E430","I31",31,1,0,1,0,1
"E430","I32",32,1,1,0,0,0
"E430","I33",33,1,1,0,0,0
"E430","I34",34,0,0,0,0,0
"E430","I35",35,0,0,0,0,0
"E430","I36",36,0,0,0,0,0
"E430","I37",37,1,1,0,0,0
"E430","I38",38,0,0,0,0,0
"E430","I39",39,0,0,0,0,0
"E430","I40",40,0,0,0,0,0
"E431","I01",1,1,1,0,0,0
"E431","I02",2,0,0,0,0,0
"E431","I03",3,1,1,0,0,0
"E431","I04",4,1,1,0,0,0
"E431","I05",5,0,0,0,0,0
"E431","I06",6,0,0,0,0,0
"E431","I07",7,0,0,0,0,0
"E431","I08",8,1,1,0,0,0
"E431","I09",9,1,1,0,0,0
"E431","I10",10,1,1,0,0,0
"E431","I11",11,0,0,0,0,0
"E431","I12",12,0,1,1,1,0
"E431","I13",13,1,1,0,0,0
"E431","I14",14,0,0,0,0,0
"E431","I15",15,0,0,0,0,0
"E431","I16",16,1,1,0,0,0
"E431","I17",17,0,0,0,0,0
"E431","I18",18,0,0,0,0,0
"E431","I19",19,0,1,1,1,0
"E431","I20",20,1,1,0,0,0
"E431","I21",21,0,0,0,0,0
"E431","I22",22,0,0,0,0,0
"E431","I23",23,1,1,0,0,0
"E431","I24",24,0,0,0,0,0
"E431","I25",25,1,1,0,0,0
"E431","I26",26,1,1,0,0,0
"E431","I27",27,1,1,0,0,0
"E431","I28",28,0,0,0,0,0
"E431","I29",29,1,1,0,0,0
"E431","I30",30,1,1,0,0,0
"E431","I31",31,0,0,0,0,0
"E431","I32",32,1,1,0,0,0
"E431","I33",33,0,0,0,0,0
"E431","I34",34,0,0,0,0,0
"E431","I35",35,1,1,0,0,0
"E431","I36",36,1,1,0,0,0
"E431","I37",37,0,0,0,0,0
"E431","I38",38,1,1,0,0,0
"E431","I39",39,1,1,0,0,0
"E431","I40",40,0,0,0,0,0
"E432","I01",1,1,1,0,0,0
"E432","I02",2,0,0,0,0,0
"E432","I03",3,1,1,0,0,0
"E432","I04",4,1,1,0,0,0
"E432","I05",5,1,1,0,0,0
"E432","I06",6,1,1,0,0,0
"E432","I07",7,1,1,0,0,0
"E432","I08",8,1,1,0,0,0
"E432","I09",9,1,1,0,0,0
"E432","I10",10,1,1,0,0,0
"E432","I11",11,1,0,1,0,1
"E432","I12",12,1,1,0,0,0
"E432","I13",13,1,1,0,0,0
"E432","I14",14,1,1,0,0,0
"E432","I15",15,1,1,0,0,0
"E432","I16",16,1,1,0,0,0
"E432","I17",17,0,0,0,0,0
"E432","I18",18,1,1,0,0,0
"E432","I19",19,1,1,0,0,0
"E432","I20",20,1,1,0,0,0
"E432","I21",21,0,0,0,0,0
"E432","I22",22,1,1,0,0,0
"E432","I23",23,1,1,0,0,0
"E432","I24",24,1,1,0,0,0
"E432","I25",25,1,1,0,0,0
"E432","I26",26,1,1,0,0,0
"E432","I27",27,1,1,0,0,0
"E432","I28",28,1,1,0,0,0
"E432","I29",29,1,1,0,0,0
"E432","I30",30,1,1,0,0,0
"E432","I31",31,1,0,1,0,1
"E432","I32",32,1,1,0,0,0
"E432","I33",33,0,0,0,0,0
"E432","I34",34,1,1,0,0,0
"E432","I35",35,1,1,0,0,0
"E432","I36",36,1,1,0,0,0
"E432","I37",37,1,1,0,0,0
"E432","I38",38,1,1,0,0,0
"E432","I39",39,1,1,0,0,0
"E432","I40",40,0,0,0,0,0
"E433","I01",1,1,1,0,0,0
"E433","I02",2,1,1,0,0,0
"E433","I03",3,1,1,0,0,0
"E433","I04",4,1,1,0,0,0
"E433","I05",5,1,1,0,0,0
"E433","I06",6,1,1,0,0,0
"E433","I07",7,1,1,0,0,0
"E433","I08",8,0,0,0,0,0
"E433","I09",9,1,1,0,0,0
"E433","I10",10,1,1,0,0,0
"E433","I11",11,1,1,0,0,0
"E433","I12",12,1,1,0,0,0
"E433","I13",13,1,1,0,0,0
"E433","I14",14,1,1,0,0,0
"E433","I15",15,1,1,0,0,0
"E433","I16",16,1,1,0,0,0
"E433","I17",17,1,1,0,0,0
"E433","I18",18,1,1,0,0,0
"E433","I19",19,1,1,0,0,0
"E433","I20",20,0,0,0,0,0
"E433","I21",21,0,0,0,0,0
"E433","I22",22,1,1,0,0,0
"E433","I23",23,1,1,0,0,0
"E433","I24",24,0,0,0,0,0
"E433","I25",25,1,1,0,0,0
"E433","I26",26,1,1,0,0,0
"E433","I27",27,1,1,0,0,0
"E433","I28",28,1,1,0,0,0
"E433","I29",29,1,1,0,0,0
"E433","I30",30,1,1,0,0,0
"E433","I31",31,1,1,0,0,0
"E433","I32",32,0,0,0,0,0
"E433","I33",33,1,1,0,0,0
"E433","I34",34,0,0,0,0,0
"E433","I35",35,1,1,0,0,0
"E433","I36",36,0,0,0,0,0
"E433","I37",37,0,1,1,1,0
"E433","I38",38,1,1,0,0,0
"E433","I39",39,1,1,0,0,0
"E433","I40",40,0,0,0,0,0
"E434","I01",1,1,1,0,0,0
"E434","I02",2,0,0,0,0,0
"E434","I03",3,1,1,0,0,0
"E434","I04",4,1,1,0,0,0
"E434","I05",5,1,1,0,0,0
"E434","I06",6,1,1,0,0,0
"E434","I07",7,1,1,0,0,0
"E434","I08",8,1,1,0,0,0
"E434","I09",9,1,1,0,0,0
"E434","I10",10,1,0,1,0,1
"E434","I11",11,0,0,0,0,0
"E434","I12",12,1,1,0,0,0
"E434","I13",13,1,1,0,0,0
"E434","I14",14,1,1,0,0,0
"E434","I15",15,1,1,0,0,0
"E434","I16",16,1,1,0,0,0
"E434","I17",17,1,1,0,0,0
"E434","I18",18,1,1,0,0,0
"E434","I19",19,1,1,0,0,0
"E434","I20",20,1,1,0,0,0
"E434","I21",21,0,0,0,0,0
"E434","I22",22,0,0,0,0,0
"E434","I23",23,1,1,0,0,0
"E434","I24",24,0,0,0,0,0
"E434","I25",25,1,1,0,0,0
"E434","I26",26,1,1,0,0,0
"E434","I27",27,0,0,0,0,0
"E434","I28",28,1,1,0,0,0
"E434","I29",29,1,1,0,0,0
"E434","I30",30,0,0,0,0,0
"E434","I31",31,1,1,0,0,0
"E434","I32",32,1,1,0,0,0
"E434","I33",33,0,0,0,0,0
"E434","I34",34,0,0,0,0,0
"E434","I35",35,1,1,0,0,0
"E434","I36",36,1,1,0,0,0
"E434","I37",37,1,1,0,0,0
"E434","I38",38,0,0,0,0,0
"E434","I39",39,0,0,0,0,0
"E434","I40",40,0,0,0,0,0
"E435","I01",1,1,1,0,0,0
"E435","I02",2,1,1,0,0,0
"E435","I03",3,0,0,0,0,0
"E435","I04",4,1,1,0,0,0
"E435","I05",5,1,1,0,0,0
"E435","I06",6,1,1,0,0,0
"E435","I07",7,1,1,0,0,0
"E435","I08",8,1,1,0,0,0
"E435","I09",9,1,1,0,0,0
"E435","I10",10,1,1,0,0,0
"E435","I11",11,0,0,0,0,0
"E435","I12",12,1,1,0,0,0
"E435","I13",13,0,0,0,0,0
"E435","I14",14,0,0,0,0,0
"E435","I15",15,0,0,0,0,0
"E435","I16",16,0,0,0,0,0
"E435","I17",17,1,1,0,0,0
"E435","I18",18,1,1,0,0,0
"E435","I19",19,1,1,0,0,0
"E435","I20",20,0,1,1,1,0
"E435","I21",21,1,1,0,0,0
"E435","I22",22,1,1,0,0,0
"E435","I23",23,0,0,0,0,0
"E435","I24",24,1,1,0,0,0
"E435","I25",25,0,0,0,0,0
"E435","I26",26,1,1,0,0,0
"E435","I27",27,0,0,0,0,0
"E435","I28",28,0,0,0,0,0
"E435","I29",29,0,0,0,0,0
"E435","I30",30,1,1,0,0,0
"E435","I31",31,1,1,0,0,0
"E435","I32",32,1,1,0,0,0
"E435","I33",33,0,0,0,0,0
"E435","I34",34,1,1,0,0,0
"E435","I35",35,1,1,0,0,0
"E435","I36",36,1,1,0,0,0
"E435","I37",37,0,1,1,1,0
"E435","I38",38,1,1,0,0,0
"E435","I39",39,0,0,0,0,0
"E435","I40",40,1,0,1,0,1
"E436","I01",1,1,1,0,0,0
"E436","I02",2,0,0,0,0,0
"E436","I03",3,0,0,0,0,0
"E436","I04",4,1,1,0,0,0
"E436","I05",5,0,0,0,0,0
"E436","I06",6,0,0,0,0,0
"E436","I07",7,0,0,0,0,0
"E436","I08",8,0,0,0,0,0
"E436","I09",9,0,0,0,0,0
"E436","I10",10,0,0,0,0,0
"E436","I11",11,0,0,0,0,0
"E436","I12",12,0,0,0,0,0
"E436","I13",13,0,0,0,0,0
"E436","I14",14,1,1,0,0,0
"E436","I15",15,0,0,0,0,0
"E436","I16",16,0,0,0,0,0
"E436","I17",17,0,0,0,0,0
"E436","I18",18,0,0,0,0,0
"E436","I19",19,0,0,0,0,0
"E436","I20",20,0,0,0,0,0
"E436","I21",21,0,0,0,0,0
"E436","I22",22,0,0,0,0,0
"E436","I23",23,0,0,0,0,0
"E436","I24",24,0,0,0,0,0
"E436","I25",25,0,0,0,0,0
"E436","I26",26,0,0,0,0,0
"E436","I27",27,0,0,0,0,0
"E436","I28",28,1,1,0,0,0
"E436","I29",29,0,0,0,0,0
"E436","I30",30,0,0,0,0,0
"E436","I31",31,0,0,0,0,0
"E436","I32",32,0,0,0,0,0
"E436","I33",33,0,0,0,0,0
"E436","I34",34,0,0,0,0,0
"E436","I35",35,0,0,0,0,0
"E436","I36",36,0,0,0,0,0
"E436","I37",37,0,0,0,0,0
"E436","I38",38,0,0,0,0,0
"E436","I39",39,0,0,0,0,0
"E436","I40",40,0,0,0,0,0
"E437","I01",1,1,1,0,0,0
"E437","I02",2,1,1,0,0,0
"E437","I03",3,1,1,0,0,0
"E437","I04",4,1,1,0,0,0
"E437","I05",5,1,1,0,0,0
"E437","I06",6,1,1,0,0,0
"E437","I07",7,0,0,0,0,0
"E437","I08",8,1,1,0,0,0
"E437","I09",9,0,0,0,0,0
"E437","I10",10,1,1,0,0,0
"E437","I11",11,1,1,0,0,0
"E437","I12",12,1,1,0,0,0
"E437","I13",13,1,1,0,0,0
"E437","I14",14,0,0,0,0,0
"E437","I15",15,0,0,0,0,0
"E437","I16",16,1,1,0,0,0
"E437","I17",17,0,0,0,0,0
"E437","I18",18,1,1,0,0,0
"E437","I19",19,1,1,0,0,0
"E437","I20",20,0,0,0,0,0
"E437","I21",21,0,0,0,0,0
"E437","I22",22,1,1,0,0,0
"E437","I23",23,0,0,0,0,0
"E437","I24",24,0,0,0,0,0
"E437","I25",25,1,1,0,0,0
"E437","I26",26,1,1,0,0,0
"E437","I27",27,0,0,0,0,0
"E437","I28",28,1,1,0,0,0
"E437","I29",29,1,1,0,0,0
"E437","I30",30,0,0,0,0,0
"E437","I31",31,1,0,1,0,1
"E437","I32",32,1,1,0,0,0
"E437","I33",33,1,0,1,0,1
"E437","I34",34,0,0,0,0,0
"E437","I35",35,0,0,0,0,0
"E437","I36",36,1,1,0,0,0
"E437","I37",37,1,1,0,0,0
"E437","I38",38,1,1,0,0,0
"E437","I39",39,0,0,0,0,0
"E437","I40",40,0,0,0,0,0
"E438","I01",1,0,1,1,1,0
"E438","I02",2,0,0,0,0,0
"E438","I03",3,0,0,0,0,0
"E438","I04",4,1,1,0,0,0
"E438","I05",5,0,0,0,0,0
"E438","I06",6,0,0,0,0,0
"E438","I07",7,0,0,0,0,0
"E438","I08",8,0,0,0,0,0
"E438","I09",9,0,0,0,0,0
"E438","I10",10,0,0,0,0,0
"E438","I11",11,0,0,0,0,0
"E438","I12",12,0,0,0,0,0
"E438","I13",13,0,0,0,0,0
"E438","I14",14,0,0,0,0,0
"E438","I15",15,0,0,0,0,0
"E438","I16",16,0,0,0,0,0
"E438","I17",17,0,0,0,0,0
"E438","I18",18,0,0,0,0,0
"E438","I19",19,0,0,0,0,0
"E438","I20",20,0,0,0,0,0
"E438","I21",21,0,0,0,0,0
"E438","I22",22,0,0,0,0,0
"E438","I23",23,1,1,0,0,0
"E438","I24",24,0,0,0,0,0
"E438","I25",25,0,0,0,0,0
"E438","I26",26,0,0,0,0,0
"E438","I27",27,0,0,0,0,0
"E438","I28",28,1,0,1,0,1
"E438","I29",29,0,0,0,0,0
"E438","I30",30,0,0,0,0,0
"E438","I31",31,0,0,0,0,0
"E438","I32",32,1,1,0,0,0
"E438","I33",33,0,0,0,0,0
"E438","I34",34,0,0,0,0,0
"E438","I35",35,0,0,0,0,0
"E438","I36",36,1,1,0,0,0
"E438","I37",37,0,0,0,0,0
"E438","I38",38,0,0,0,0,0
"E438","I39",39,0,0,0,0,0
"E438","I40",40,0,0,0,0,0
"E439","I01",1,1,1,0,0,0
"E439","I02",2,1,1,0,0,0
"E439","I03",3,1,1,0,0,0
"E439","I04",4,1,1,0,0,0
"E439","I05",5,0,0,0,0,0
"E439","I06",6,1,1,0,0,0
"E439","I07",7,0,0,0,0,0
"E439","I08",8,0,0,0,0,0
"E439","I09",9,1,1,0,0,0
"E439","I10",10,0,0,0,0,0
"E439","I11",11,1,1,0,0,0
"E439","I12",12,0,0,0,0,0
"E439","I13",13,0,0,0,0,0
"E439","I14",14,1,1,0,0,0
"E439","I15",15,1,1,0,0,0
"E439","I16",16,1,1,0,0,0
"E439","I17",17,1,1,0,0,0
"E439","I18",18,0,0,0,0,0
"E439","I19",19,1,1,0,0,0
"E439","I20",20,0,0,0,0,0
"E439","I21",21,0,0,0,0,0
"E439","I22",22,0,0,0,0,0
"E439","I23",23,1,1,0,0,0
"E439","I24",24,0,0,0,0,0
"E439","I25",25,0,0,0,0,0
"E439","I26",26,1,1,0,0,0
"E439","I27",27,0,0,0,0,0
"E439","I28",28,0,0,0,0,0
"E439","I29",29,0,0,0,0,0
"E439","I30",30,0,0,0,0,0
"E439","I31",31,0,0,0,0,0
"E439","I32",32,1,1,0,0,0
"E439","I33",33,0,0,0,0,0
"E439","I34",34,0,0,0,0,0
"E439","I35",35,0,0,0,0,0
"E439","I36",36,1,1,0,0,0
"E439","I37",37,1,1,0,0,0
"E439","I38",38,1,1,0,0,0
"E439","I39",39,0,0,0,0,0
"E439","I40",40,0,0,0,0,0
"E440","I01",1,1,1,0,0,0
"E440","I02",2,0,0,0,0,0
"E440","I03",3,1,1,0,0,0
"E440","I04",4,1,1,0,0,0
"E440","I05",5,1,1,0,0,0
"E440","I06",6,0,0,0,0,0
"E440","I07",7,1,1,0,0,0
"E440","I08",8,1,1,0,0,0
"E440","I09",9,1,1,0,0,0
"E440","I10",10,1,1,0,0,0
"E440","I11",11,1,1,0,0,0
"E440","I12",12,1,1,0,0,0
"E440","I13",13,0,0,0,0,0
"E440","I14",14,1,1,0,0,0
"E440","I15",15,1,1,0,0,0
"E440","I16",16,1,1,0,0,0
"E440","I17",17,1,1,0,0,0
"E440","I18",18,1,1,0,0,0
"E440","I19",19,1,1,0,0,0
"E440","I20",20,1,1,0,0,0
"E440","I21",21,0,0,0,0,0
"E440","I22",22,0,0,0,0,0
"E440","I23",23,0,0,0,0,0
"E440","I24",24,1,1,0,0,0
"E440","I25",25,1,1,0,0,0
"E440","I26",26,0,0,0,0,0
"E440","I27",27,1,1,0,0,0
"E440","I28",28,1,1,0,0,0
"E440","I29",29,0,0,0,0,0
"E440","I30",30,1,1,0,0,0
"E440","I31",31,1,1,0,0,0
"E440","I32",32,1,1,0,0,0
"E440","I33",33,0,0,0,0,0
"E440","I34",34,0,0,0,0,0
"E440","I35",35,1,1,0,0,0
"E440","I36",36,1,1,0,0,0
"E440","I37",37,1,1,0,0,0
"E440","I38",38,1,1,0,0,0
"E440","I39",39,1,1,0,0,0
"E440","I40",40,0,0,0,0,0
"E441","I01",1,1,1,0,0,0
"E441","I02",2,1,1,0,0,0
"E441","I03",3,1,1,0,0,0
"E441","I04",4,1,1,0,0,0
"E441","I05",5,0,0,0,0,0
"E441","I06",6,1,1,0,0,0
"E441","I07",7,0,1,1,1,0
"E441","I08",8,0,0,0,0,0
"E441","I09",9,1,1,0,0,0
"E441","I10",10,0,0,0,0,0
"E441","I11",11,1,1,0,0,0
"E441","I12",12,0,0,0,0,0
"E441","I13",13,0,0,0,0,0
"E441","I14",14,1,1,0,0,0
"E441","I15",15,0,0,0,0,0
"E441","I16",16,0,0,0,0,0
"E441","I17",17,0,0,0,0,0
"E441","I18",18,0,1,1,1,0
"E441","I19",19,1,1,0,0,0
"E441","I20",20,1,1,0,0,0
"E441","I21",21,0,0,0,0,0
"E441","I22",22,1,1,0,0,0
"E441","I23",23,1,1,0,0,0
"E441","I24",24,0,0,0,0,0
"E441","I25",25,1,1,0,0,0
"E441","I26",26,1,1,0,0,0
"E441","I27",27,1,1,0,0,0
"E441","I28",28,1,1,0,0,0
"E441","I29",29,1,1,0,0,0
"E441","I30",30,1,1,0,0,0
"E441","I31",31,0,0,0,0,0
"E441","I32",32,1,0,1,0,1
"E441","I33",33,0,0,0,0,0
"E441","I34",34,0,0,0,0,0
"E441","I35",35,1,1,0,0,0
"E441","I36",36,1,1,0,0,0
"E441","I37",37,1,1,0,0,0
"E441","I38",38,1,1,0,0,0
"E441","I39",39,1,1,0,0,0
"E441","I40",40,0,0,0,0,0
"E442","I01",1,1,1,0,0,0
"E442","I02",2,0,0,0,0,0
"E442","I03",3,0,0,0,0,0
"E442","I04",4,1,1,0,0,0
"E442","I05",5,1,1,0,0,0
"E442","I06",6,1,1,0,0,0
"E442","I07",7,1,1,0,0,0
"E442","I08",8,0,0,0,0,0
"E442","I09",9,1,1,0,0,0
"E442","I10",10,0,0,0,0,0
"E442","I11",11,0,0,0,0,0
"E442","I12",12,1,1,0,0,0
"E442","I13",13,0,0,0,0,0
"E442","I14",14,0,0,0,0,0
"E442","I15",15,0,0,0,0,0
"E442","I16",16,1,1,0,0,0
"E442","I17",17,1,1,0,0,0
"E442","I18",18,0,0,0,0,0
"E442","I19",19,1,1,0,0,0
"E442","I20",20,1,1,0,0,0
"E442","I21",21,0,0,0,0,0
"E442","I22",22,0,0,0,0,0
"E442","I23",23,1,1,0,0,0
"E442","I24",24,1,1,0,0,0
"E442","I25",25,1,1,0,0,0
"E442","I26",26,0,0,0,0,0
"E442","I27",27,1,0,1,0,1
"E442","I28",28,0,1,1,1,0
"E442","I29",29,1,0,1,0,1
"E442","I30",30,1,1,0,0,0
"E442","I31",31,0,0,0,0,0
"E442","I32",32,1,1,0,0,0
"E442","I33",33,0,0,0,0,0
"E442","I34",34,0,0,0,0,0
"E442","I35",35,0,0,0,0,0
"E442","I36",36,0,0,0,0,0
"E442","I37",37,1,1,0,0,0
"E442","I38",38,1,1,0,0,0
"E442","I39",39,0,0,0,0,0
"E442","I40",40,0,0,0,0,0
"E443","I01",1,1,1,0,0,0
"E443","I02",2,0,0,0,0,0
"E443","I03",3,0,0,0,0,0
"E443","I04",4,1,1,0,0,0
"E443","I05",5,1,1,0,0,0
"E443","I06",6,0,0,0,0,0
"E443","I07",7,1,1,0,0,0
"E443","I08",8,1,1,0,0,0
"E443","I09",9,1,0,1,0,1
"E443","I10",10,0,0,0,0,0
"E443","I11",11,0,0,0,0,0
"E443","I12",12,0,0,0,0,0
"E443","I13",13,1,1,0,0,0
"E443","I14",14,1,1,0,0,0
"E443","I15",15,0,0,0,0,0
"E443","I16",16,1,1,0,0,0
"E443","I17",17,0,1,1,1,0
"E443","I18",18,0,0,0,0,0
"E443","I19",19,1,1,0,0,0
"E443","I20",20,1,0,1,0,1
"E443","I21",21,0,0,0,0,0
"E443","I22",22,0,0,0,0,0
"E443","I23",23,0,0,0,0,0
"E443","I24",24,0,0,0,0,0
"E443","I25",25,1,1,0,0,0
"E443","I26",26,0,0,0,0,0
"E443","I27",27,0,0,0,0,0
"E443","I28",28,0,0,0,0,0
"E443","I29",29,1,1,0,0,0
"E443","I30",30,1,1,0,0,0
"E443","I31",31,0,0,0,0,0
"E443","I32",32,1,1,0,0,0
"E443","I33",33,0,0,0,0,0
"E443","I34",34,0,0,0,0,0
"E443","I35",35,1,1,0,0,0
"E443","I36",36,1,1,0,0,0
"E443","I37",37,0,0,0,0,0
"E443","I38",38,0,0,0,0,0
"E443","I39",39,1,1,0,0,0
"E443","I40",40,0,0,0,0,0
"E444","I01",1,1,1,0,0,0
"E444","I02",2,0,0,0,0,0
"E444","I03",3,0,0,0,0,0
"E444","I04",4,1,1,0,0,0
"E444","I05",5,0,0,0,0,0
"E444","I06",6,0,0,0,0,0
"E444","I07",7,1,1,0,0,0
"E444","I08",8,0,0,0,0,0
"E444","I09",9,0,0,0,0,0
"E444","I10",10,0,0,0,0,0
"E444","I11",11,0,0,0,0,0
"E444","I12",12,1,1,0,0,0
"E444","I13",13,1,0,1,0,1
"E444","I14",14,1,1,0,0,0
"E444","I15",15,0,0,0,0,0
"E444","I16",16,1,1,0,0,0
"E444","I17",17,0,0,0,0,0
"E444","I18",18,1,1,0,0,0
"E444","I19",19,1,1,0,0,0
"E444","I20",20,1,1,0,0,0
"E444","I21",21,1,1,0,0,0
"E444","I22",22,0,0,0,0,0
"E444","I23",23,0,0,0,0,0
"E444","I24",24,0,0,0,0,0
"E444","I25",25,0,0,0,0,0
"E444","I26",26,1,1,0,0,0
"E444","I27",27,0,0,0,0,0
"E444","I28",28,1,1,0,0,0
"E444","I29",29,1,1,0,0,0
"E444","I30",30,0,0,0,0,0
"E444","I31",31,0,0,0,0,0
"E444","I32",32,0,0,0,0,0
"E444","I33",33,0,0,0,0,0
"E444","I34",34,0,0,0,0,0
"E444","I35",35,0,0,0,0,0
"E444","I36",36,0,0,0,0,0
"E444","I37",37,0,0,0,0,0
"E444","I38",38,1,0,1,0,1
"E444","I39",39,0,0,0,0,0
"E444","I40",40,0,0,0,0,0
"E445","I01",1,1,1,0,0,0
"E445","I02",2,0,0,0,0,0
"E445","I03",3,1,1,0,0,0
"E445","I04",4,1,1,0,0,0
"E445","I05",5,1,1,0,0,0
"E445","I06",6,0,0,0,0,0
"E445","I07",7,1,1,0,0,0
"E445","I08",8,1,1,0,0,0
"E445","I09",9,1,1,0,0,0
"E445","I10",10,1,1,0,0,0
"E445","I11",11,0,0,0,0,0
"E445","I12",12,0,0,0,0,0
"E445","I13",13,0,1,1,1,0
"E445","I14",14,1,1,0,0,0
"E445","I15",15,0,0,0,0,0
"E445","I16",16,1,1,0,0,0
"E445","I17",17,0,0,0,0,0
"E445","I18",18,1,1,0,0,0
"E445","I19",19,1,1,0,0,0
"E445","I20",20,1,1,0,0,0
"E445","I21",21,0,0,0,0,0
"E445","I22",22,1,1,0,0,0
"E445","I23",23,0,0,0,0,0
"E445","I24",24,0,0,0,0,0
"E445","I25",25,1,1,0,0,0
"E445","I26",26,1,1,0,0,0
"E445","I27",27,0,0,0,0,0
"E445","I28",28,1,1,0,0,0
"E445","I29",29,0,0,0,0,0
"E445","I30",30,1,1,0,0,0
"E445","I31",31,0,0,0,0,0
"E445","I32",32,1,1,0,0,0
"E445","I33",33,1,1,0,0,0
"E445","I34",34,0,0,0,0,0
"E445","I35",35,0,0,0,0,0
"E445","I36",36,1,1,0,0,0
"E445","I37",37,1,1,0,0,0
"E445","I38",38,1,1,0,0,0
"E445","I39",39,0,0,0,0,0
"E445","I40",40,1,1,0,0,0
"E446","I01",1,1,1,0,0,0
"E446","I02",2,1,1,0,0,0
"E446","I03",3,0,1,1,1,0
"E446","I04",4,1,1,0,0,0
"E446","I05",5,0,0,0,0,0
"E446","I06",6,0,0,0,0,0
"E446","I07",7,1,1,0,0,0
"E446","I08",8,0,0,0,0,0
"E446","I09",9,0,0,0,0,0
"E446","I10",10,0,0,0,0,0
"E446","I11",11,0,0,0,0,0
"E446","I12",12,0,0,0,0,0
"E446","I13",13,0,0,0,0,0
"E446","I14",14,1,1,0,0,0
"E446","I15",15,0,0,0,0,0
"E446","I16",16,0,0,0,0,0
"E446","I17",17,1,0,1,0,1
"E446","I18",18,0,0,0,0,0
"E446","I19",19,0,0,0,0,0
"E446","I20",20,0,0,0,0,0
"E446","I21",21,0,0,0,0,0
"E446","I22",22,0,0,0,0,0
"E446","I23",23,0,0,0,0,0
"E446","I24",24,0,0,0,0,0
"E446","I25",25,0,0,0,0,0
"E446","I26",26,1,1,0,0,0
"E446","I27",27,1,1,0,0,0
"E446","I28",28,0,0,0,0,0
"E446","I29",29,0,0,0,0,0
"E446","I30",30,0,0,0,0,0
"E446","I31",31,1,0,1,0,1
"E446","I32",32,0,0,0,0,0
"E446","I33",33,0,0,0,0,0
"E446","I34",34,0,0,0,0,0
"E446","I35",35,0,0,0,0,0
"E446","I36",36,0,0,0,0,0
"E446","I37",37,0,0,0,0,0
"E446","I38",38,0,0,0,0,0
"E446","I39",39,0,0,0,0,0
"E446","I40",40,0,0,0,0,0
"E447","I01",1,1,1,0,0,0
"E447","I02",2,1,1,0,0,0
"E447","I03",3,1,1,0,0,0
"E447","I04",4,1,1,0,0,0
"E447","I05",5,1,1,0,0,0
"E447","I06",6,1,1,0,0,0
"E447","I07",7,1,1,0,0,0
"E447","I08",8,1,1,0,0,0
"E447","I09",9,0,0,0,0,0
"E447","I10",10,0,0,0,0,0
"E447","I11",11,1,1,0,0,0
"E447","I12",12,1,1,0,0,0
"E447","I13",13,1,1,0,0,0
"E447","I14",14,1,1,0,0,0
"E447","I15",15,1,1,0,0,0
"E447","I16",16,1,1,0,0,0
"E447","I17",17,1,1,0,0,0
"E447","I18",18,1,1,0,0,0
"E447","I19",19,1,1,0,0,0
"E447","I20",20,0,1,1,1,0
"E447","I21",21,1,1,0,0,0
"E447","I22",22,1,1,0,0,0
"E447","I23",23,1,1,0,0,0
"E447","I24",24,1,1,0,0,0
"E447","I25",25,0,0,0,0,0
"E447","I26",26,1,1,0,0,0
"E447","I27",27,1,1,0,0,0
"E447","I28",28,1,1,0,0,0
"E447","I29",29,1,1,0,0,0
"E447","I30",30,1,1,0,0,0
"E447","I31",31,0,0,0,0,0
"E447","I32",32,1,1,0,0,0
"E447","I33",33,1,1,0,0,0
"E447","I34",34,1,1,0,0,0
"E447","I35",35,1,1,0,0,0
"E447","I36",36,1,1,0,0,0
"E447","I37",37,1,1,0,0,0
"E447","I38",38,1,1,0,0,0
"E447","I39",39,0,0,0,0,0
"E447","I40",40,1,1,0,0,0
"E448","I01",1,1,1,0,0,0
"E448","I02",2,0,0,0,0,0
"E448","I03",3,1,1,0,0,0
"E448","I04",4,0,1,1,1,0
"E448","I05",5,0,0,0,0,0
"E448","I06",6,1,1,0,0,0
"E448","I07",7,1,1,0,0,0
"E448","I08",8,1,1,0,0,0
"E448","I09",9,0,0,0,0,0
"E448","I10",10,1,1,0,0,0
"E448","I11",11,0,0,0,0,0
"E448","I12",12,0,0,0,0,0
"E448","I13",13,1,1,0,0,0
"E448","I14",14,0,0,0,0,0
"E448","I15",15,1,0,1,0,1
"E448","I16",16,1,1,0,0,0
"E448","I17",17,1,1,0,0,0
"E448","I18",18,1,1,0,0,0
"E448","I19",19,1,1,0,0,0
"E448","I20",20,1,1,0,0,0
"E448","I21",21,1,1,0,0,0
"E448","I22",22,0,0,0,0,0
"E448","I23",23,1,1,0,0,0
"E448","I24",24,0,0,0,0,0
"E448","I25",25,1,1,0,0,0
"E448","I26",26,0,0,0,0,0
"E448","I27",27,0,0,0,0,0
"E448","I28",28,1,1,0,0,0
"E448","I29",29,1,1,0,0,0
"E448","I30",30,0,0,0,0,0
"E448","I31",31,0,0,0,0,0
"E448","I32",32,1,1,0,0,0
"E448","I33",33,0,0,0,0,0
"E448","I34",34,0,0,0,0,0
"E448","I35",35,0,0,0,0,0
"E448","I36",36,1,1,0,0,0
"E448","I37",37,1,1,0,0,0
"E448","I38",38,0,0,0,0,0
"E448","I39",39,1,1,0,0,0
"E448","I40",40,0,1,1,1,0
"E449","I01",1,1,1,0,0,0
"E449","I02",2,1,1,0,0,0
"E449","I03",3,1,1,0,0,0
"E449","I04",4,1,1,0,0,0
"E449","I05",5,1,1,0,0,0
"E449","I06",6,0,0,0,0,0
"E449","I07",7,1,1,0,0,0
"E449","I08",8,0,0,0,0,0
"E449","I09",9,1,1,0,0,0
"E449","I10",10,1,1,0,0,0
"E449","I11",11,1,1,0,0,0
"E449","I12",12,1,1,0,0,0
"E449","I13",13,1,1,0,0,0
"E449","I14",14,0,0,0,0,0
"E449","I15",15,1,1,0,0,0
"E449","I16",16,1,1,0,0,0
"E449","I17",17,0,0,0,0,0
"E449","I18",18,1,1,0,0,0
"E449","I19",19,0,0,0,0,0
"E449","I20",20,1,1,0,0,0
"E449","I21",21,0,0,0,0,0
"E449","I22",22,1,1,0,0,0
"E449","I23",23,1,1,0,0,0
"E449","I24",24,0,0,0,0,0
"E449","I25",25,1,1,0,0,0
"E449","I26",26,0,1,1,1,0
"E449","I27",27,0,0,0,0,0
"E449","I28",28,1,1,0,0,0
"E449","I29",29,1,1,0,0,0
"E449","I30",30,0,0,0,0,0
"E449","I31",31,0,0,0,0,0
"E449","I32",32,0,0,0,0,0
"E449","I33",33,0,0,0,0,0
"E449","I34",34,0,0,0,0,0
"E449","I35",35,1,1,0,0,0
"E449","I36",36,1,1,0,0,0
"E449","I37",37,1,1,0,0,0
"E449","I38",38,1,1,0,0,0
"E449","I39",39,0,0,0,0,0
"E449","I40",40,1,1,0,0,0
"E450","I01",1,1,0,1,0,1
"E450","I02",2,0,0,0,0,0
"E450","I03",3,0,0,0,0,0
"E450","I04",4,0,0,0,0,0
"E450","I05",5,0,0,0,0,0
"E450","I06",6,0,0,0,0,0
"E450","I07",7,0,0,0,0,0
"E450","I08",8,1,1,0,0,0
"E450","I09",9,0,0,0,0,0
"E450","I10",10,1,1,0,0,0
"E450","I11",11,0,0,0,0,0
"E450","I12",12,0,0,0,0,0
"E450","I13",13,0,0,0,0,0
"E450","I14",14,0,0,0,0,0
"E450","I15",15,0,0,0,0,0
"E450","I16",16,0,0,0,0,0
"E450","I17",17,1,0,1,0,1
"E450","I18",18,0,0,0,0,0
"E450","I19",19,0,0,0,0,0
"E450","I20",20,1,0,1,0,1
"E450","I21",21,0,0,0,0,0
"E450","I22",22,0,0,0,0,0
"E450","I23",23,0,0,0,0,0
"E450","I24",24,0,0,0,0,0
"E450","I25",25,1,1,0,0,0
"E450","I26",26,0,0,0,0,0
"E450","I27",27,0,0,0,0,0
"E450","I28",28,0,0,0,0,0
"E450","I29",29,0,0,0,0,0
"E450","I30",30,0,0,0,0,0
"E450","I31",31,0,0,0,0,0
"E450","I32",32,0,0,0,0,0
"E450","I33",33,0,0,0,0,0
"E450","I34",34,0,0,0,0,0
"E450","I35",35,0,0,0,0,0
"E450","I36",36,0,0,0,0,0
"E450","I37",37,0,0,0,0,0
"E450","I38",38,0,0,0,0,0
"E450","I39",39,0,0,0,0,0
"E450","I40",40,0,0,0,0,0
"E451","I01",1,1,1,0,0,0
"E451","I02",2,0,0,0,0,0
"E451","I03",3,1,1,0,0,0
"E451","I04",4,0,1,1,1,0
"E451","I05",5,1,0,1,0,1
"E451","I06",6,1,1,0,0,0
"E451","I07",7,1,1,0,0,0
"E451","I08",8,1,1,0,0,0
"E451","I09",9,0,0,0,0,0
"E451","I10",10,1,1,0,0,0
"E451","I11",11,0,0,0,0,0
"E451","I12",12,1,1,0,0,0
"E451","I13",13,1,1,0,0,0
"E451","I14",14,0,0,0,0,0
"E451","I15",15,0,0,0,0,0
"E451","I16",16,1,1,0,0,0
"E451","I17",17,0,0,0,0,0
"E451","I18",18,0,0,0,0,0
"E451","I19",19,1,1,0,0,0
"E451","I20",20,1,1,0,0,0
"E451","I21",21,1,1,0,0,0
"E451","I22",22,1,1,0,0,0
"E451","I23",23,1,1,0,0,0
"E451","I24",24,0,0,0,0,0
"E451","I25",25,0,0,0,0,0
"E451","I26",26,1,1,0,0,0
"E451","I27",27,0,0,0,0,0
"E451","I28",28,0,1,1,1,0
"E451","I29",29,1,1,0,0,0
"E451","I30",30,0,0,0,0,0
"E451","I31",31,0,0,0,0,0
"E451","I32",32,1,1,0,0,0
"E451","I33",33,0,0,0,0,0
"E451","I34",34,0,0,0,0,0
"E451","I35",35,0,0,0,0,0
"E451","I36",36,1,1,0,0,0
"E451","I37",37,1,1,0,0,0
"E451","I38",38,1,1,0,0,0
"E451","I39",39,1,1,0,0,0
"E451","I40",40,1,1,0,0,0
"E452","I01",1,1,1,0,0,0
"E452","I02",2,1,1,0,0,0
"E452","I03",3,1,1,0,0,0
"E452","I04",4,1,1,0,0,0
"E452","I05",5,1,1,0,0,0
"E452","I06",6,1,1,0,0,0
"E452","I07",7,1,1,0,0,0
"E452","I08",8,1,1,0,0,0
"E452","I09",9,0,0,0,0,0
"E452","I10",10,1,1,0,0,0
"E452","I11",11,1,1,0,0,0
"E452","I12",12,1,1,0,0,0
"E452","I13",13,0,0,0,0,0
"E452","I14",14,1,1,0,0,0
"E452","I15",15,1,1,0,0,0
"E452","I16",16,1,1,0,0,0
"E452","I17",17,0,0,0,0,0
"E452","I18",18,0,1,1,1,0
"E452","I19",19,1,1,0,0,0
"E452","I20",20,1,1,0,0,0
"E452","I21",21,1,1,0,0,0
"E452","I22",22,0,0,0,0,0
"E452","I23",23,0,0,0,0,0
"E452","I24",24,0,0,0,0,0
"E452","I25",25,1,1,0,0,0
"E452","I26",26,1,1,0,0,0
"E452","I27",27,1,1,0,0,0
"E452","I28",28,1,1,0,0,0
"E452","I29",29,1,1,0,0,0
"E452","I30",30,1,1,0,0,0
"E452","I31",31,0,0,0,0,0
"E452","I32",32,0,0,0,0,0
"E452","I33",33,0,1,1,1,0
"E452","I34",34,0,0,0,0,0
"E452","I35",35,1,1,0,0,0
"E452","I36",36,1,1,0,0,0
"E452","I37",37,1,1,0,0,0
"E452","I38",38,1,1,0,0,0
"E452","I39",39,1,1,0,0,0
"E452","I40",40,1,1,0,0,0
"E453","I01",1,1,1,0,0,0
"E453","I02",2,0,0,0,0,0
"E453","I03",3,0,0,0,0,0
"E453","I04",4,0,0,0,0,0
"E453","I05",5,1,1,0,0,0
"E453","I06",6,1,1,0,0,0
"E453","I07",7,0,0,0,0,0
"E453","I08",8,0,0,0,0,0
"E453","I09",9,1,1,0,0,0
"E453","I10",10,0,0,0,0,0
"E453","I11",11,0,0,0,0,0
"E453","I12",12,1,1,0,0,0
"E453","I13",13,1,0,1,0,1
"E453","I14",14,0,0,0,0,0
"E453","I15",15,0,0,0,0,0
"E453","I16",16,1,1,0,0,0
"E453","I17",17,0,0,0,0,0
"E453","I18",18,0,0,0,0,0
"E453","I19",19,1,1,0,0,0
"E453","I20",20,1,1,0,0,0
"E453","I21",21,1,1,0,0,0
"E453","I22",22,0,0,0,0,0
"E453","I23",23,0,0,0,0,0
"E453","I24",24,1,1,0,0,0
"E453","I25",25,1,1,0,0,0
"E453","I26",26,1,1,0,0,0
"E453","I27",27,0,0,0,0,0
"E453","I28",28,1,1,0,0,0
"E453","I29",29,1,1,0,0,0
"E453","I30",30,1,1,0,0,0
"E453","I31",31,1,1,0,0,0
"E453","I32",32,0,0,0,0,0
"E453","I33",33,0,0,0,0,0
"E453","I34",34,0,0,0,0,0
"E453","I35",35,1,1,0,0,0
"E453","I36",36,1,1,0,0,0
"E453","I37",37,1,1,0,0,0
"E453","I38",38,0,0,0,0,0
"E453","I39",39,0,1,1,1,0
"E453","I40",40,0,0,0,0,0
"E454","I01",1,1,1,0,0,0
"E454","I02",2,0,0,0,0,0
"E454","I03",3,0,0,0,0,0
"E454","I04",4,1,1,0,0,0
"E454","I05",5,1,1,0,0,0
"E454","I06",6,0,0,0,0,0
"E454","I07",7,1,1,0,0,0
"E454","I08",8,0,0,0,0,0
"E454","I09",9,1,1,0,0,0
"E454","I10",10,0,0,0,0,0
"E454","I11",11,0,0,0,0,0
"E454","I12",12,1,1,0,0,0
"E454","I13",13,1,1,0,0,0
"E454","I14",14,0,0,0,0,0
"E454","I15",15,1,1,0,0,0
"E454","I16",16,1,1,0,0,0
"E454","I17",17,0,0,0,0,0
"E454","I18",18,0,0,0,0,0
"E454","I19",19,1,1,0,0,0
"E454","I20",20,1,1,0,0,0
"E454","I21",21,1,1,0,0,0
"E454","I22",22,1,1,0,0,0
"E454","I23",23,0,0,0,0,0
"E454","I24",24,1,1,0,0,0
"E454","I25",25,1,1,0,0,0
"E454","I26",26,1,1,0,0,0
"E454","I27",27,0,0,0,0,0
"E454","I28",28,1,1,0,0,0
"E454","I29",29,0,0,0,0,0
"E454","I30",30,0,0,0,0,0
"E454","I31",31,0,0,0,0,0
"E454","I32",32,1,1,0,0,0
"E454","I33",33,1,0,1,0,1
"E454","I34",34,0,0,0,0,0
"E454","I35",35,0,0,0,0,0
"E454","I36",36,1,1,0,0,0
"E454","I37",37,1,1,0,0,0
"E454","I38",38,1,1,0,0,0
"E454","I39",39,0,0,0,0,0
"E454","I40",40,0,0,0,0,0
"E455","I01",1,1,1,0,0,0
"E455","I02",2,1,1,0,0,0
"E455","I03",3,1,1,0,0,0
"E455","I04",4,1,1,0,0,0
"E455","I05",5,0,0,0,0,0
"E455","I06",6,1,1,0,0,0
"E455","I07",7,1,1,0,0,0
"E455","I08",8,1,1,0,0,0
"E455","I09",9,1,1,0,0,0
"E455","I10",10,1,1,0,0,0
"E455","I11",11,1,1,0,0,0
"E455","I12",12,1,1,0,0,0
"E455","I13",13,1,1,0,0,0
"E455","I14",14,1,1,0,0,0
"E455","I15",15,1,1,0,0,0
"E455","I16",16,1,1,0,0,0
"E455","I17",17,1,1,0,0,0
"E455","I18",18,1,1,0,0,0
"E455","I19",19,1,1,0,0,0
"E455","I20",20,1,1,0,0,0
"E455","I21",21,1,1,0,0,0
"E455","I22",22,1,1,0,0,0
"E455","I23",23,1,1,0,0,0
"E455","I24",24,1,1,0,0,0
"E455","I25",25,1,1,0,0,0
"E455","I26",26,0,0,0,0,0
"E455","I27",27,0,0,0,0,0
"E455","I28",28,1,1,0,0,0
"E455","I29",29,1,1,0,0,0
"E455","I30",30,0,0,0,0,0
"E455","I31",31,1,1,0,0,0
"E455","I32",32,1,1,0,0,0
"E455","I33",33,1,1,0,0,0
"E455","I34",34,0,0,0,0,0
"E455","I35",35,0,0,0,0,0
"E455","I36",36,1,1,0,0,0
"E455","I37",37,0,1,1,1,0
"E455","I38",38,1,1,0,0,0
"E455","I39",39,1,1,0,0,0
"E455","I40",40,1,0,1,0,1
"E456","I01",1,1,1,0,0,0
"E456","I02",2,1,1,0,0,0
"E456","I03",3,1,1,0,0,0
"E456","I04",4,0,0,0,0,0
"E456","I05",5,1,1,0,0,0
"E456","I06",6,1,1,0,0,0
"E456","I07",7,1,1,0,0,0
"E456","I08",8,1,1,0,0,0
"E456","I09",9,1,1,0,0,0
"E456","I10",10,0,0,0,0,0
"E456","I11",11,1,1,0,0,0
"E456","I12",12,1,1,0,0,0
"E456","I13",13,1,1,0,0,0
"E456","I14",14,0,0,0,0,0
"E456","I15",15,0,0,0,0,0
"E456","I16",16,1,1,0,0,0
"E456","I17",17,0,0,0,0,0
"E456","I18",18,0,0,0,0,0
"E456","I19",19,0,0,0,0,0
"E456","I20",20,1,1,0,0,0
"E456","I21",21,1,1,0,0,0
"E456","I22",22,0,0,0,0,0
"E456","I23",23,0,0,0,0,0
"E456","I24",24,1,1,0,0,0
"E456","I25",25,1,1,0,0,0
"E456","I26",26,0,0,0,0,0
"E456","I27",27,0,0,0,0,0
"E456","I28",28,1,1,0,0,0
"E456","I29",29,0,0,0,0,0
"E456","I30",30,0,1,1,1,0
"E456","I31",31,0,0,0,0,0
"E456","I32",32,0,0,0,0,0
"E456","I33",33,0,0,0,0,0
"E456","I34",34,0,0,0,0,0
"E456","I35",35,1,1,0,0,0
"E456","I36",36,1,1,0,0,0
"E456","I37",37,0,0,0,0,0
"E456","I38",38,1,1,0,0,0
"E456","I39",39,1,1,0,0,0
"E456","I40",40,0,0,0,0,0
"E457","I01",1,1,1,0,0,0
"E457","I02",2,0,0,0,0,0
"E457","I03",3,1,1,0,0,0
"E457","I04",4,1,1,0,0,0
"E457","I05",5,1,1,0,0,0
"E457","I06",6,1,1,0,0,0
"E457","I07",7,1,1,0,0,0
"E457","I08",8,0,0,0,0,0
"E457","I09",9,0,0,0,0,0
"E457","I10",10,1,1,0,0,0
"E457","I11",11,1,1,0,0,0
"E457","I12",12,1,1,0,0,0
"E457","I13",13,1,1,0,0,0
"E457","I14",14,0,0,0,0,0
"E457","I15",15,0,0,0,0,0
"E457","I16",16,1,1,0,0,0
"E457","I17",17,0,0,0,0,0
"E457","I18",18,1,1,0,0,0
"E457","I19",19,1,1,0,0,0
"E457","I20",20,1,1,0,0,0
"E457","I21",21,0,0,0,0,0
"E457","I22",22,1,1,0,0,0
"E457","I23",23,0,0,0,0,0
"E457","I24",24,1,1,0,0,0
"E457","I25",25,1,1,0,0,0
"E457","I26",26,1,1,0,0,0
"E457","I27",27,1,1,0,0,0
"E457","I28",28,1,1,0,0,0
"E457","I29",29,0,0,0,0,0
"E457","I30",30,0,0,0,0,0
"E457","I31",31,0,0,0,0,0
"E457","I32",32,1,1,0,0,0
"E457","I33",33,0,0,0,0,0
"E457","I34",34,0,0,0,0,0
"E457","I35",35,1,1,0,0,0
"E457","I36",36,1,1,0,0,0
"E457","I37",37,1,1,0,0,0
"E457","I38",38,0,0,0,0,0
"E457","I39",39,0,0,0,0,0
"E457","I40",40,0,0,0,0,0
"E458","I01",1,1,1,0,0,0
"E458","I02",2,1,1,0,0,0
"E458","I03",3,1,1,0,0,0
"E458","I04",4,0,0,0,0,0
"E458","I05",5,0,0,0,0,0
"E458","I06",6,1,1,0,0,0
"E458","I07",7,1,1,0,0,0
"E458","I08",8,1,1,0,0,0
"E458","I09",9,0,0,0,0,0
"E458","I10",10,1,1,0,0,0
"E458","I11",11,1,1,0,0,0
"E458","I12",12,1,1,0,0,0
"E458","I13",13,1,1,0,0,0
"E458","I14",14,1,1,0,0,0
"E458","I15",15,1,1,0,0,0
"E458","I16",16,1,1,0,0,0
"E458","I17",17,1,1,0,0,0
"E458","I18",18,1,1,0,0,0
"E458","I19",19,1,1,0,0,0
"E458","I20",20,1,1,0,0,0
"E458","I21",21,0,0,0,0,0
"E458","I22",22,1,1,0,0,0
"E458","I23",23,1,1,0,0,0
"E458","I24",24,1,1,0,0,0
"E458","I25",25,1,1,0,0,0
"E458","I26",26,1,1,0,0,0
"E458","I27",27,1,1,0,0,0
"E458","I28",28,1,1,0,0,0
"E458","I29",29,1,1,0,0,0
"E458","I30",30,0,0,0,0,0
"E458","I31",31,1,1,0,0,0
"E458","I32",32,1,1,0,0,0
"E458","I33",33,1,1,0,0,0
"E458","I34",34,1,0,1,0,1
"E458","I35",35,1,1,0,0,0
"E458","I36",36,1,1,0,0,0
"E458","I37",37,1,1,0,0,0
"E458","I38",38,1,1,0,0,0
"E458","I39",39,0,0,0,0,0
"E458","I40",40,0,0,0,0,0
"E459","I01",1,1,1,0,0,0
"E459","I02",2,1,1,0,0,0
"E459","I03",3,1,1,0,0,0
"E459","I04",4,0,0,0,0,0
"E459","I05",5,0,0,0,0,0
"E459","I06",6,0,0,0,0,0
"E459","I07",7,1,1,0,0,0
"E459","I08",8,0,0,0,0,0
"E459","I09",9,1,1,0,0,0
"E459","I10",10,0,0,0,0,0
"E459","I11",11,1,1,0,0,0
"E459","I12",12,1,1,0,0,0
"E459","I13",13,1,1,0,0,0
"E459","I14",14,1,1,0,0,0
"E459","I15",15,0,0,0,0,0
"E459","I16",16,1,1,0,0,0
"E459","I17",17,1,1,0,0,0
"E459","I18",18,0,0,0,0,0
"E459","I19",19,1,1,0,0,0
"E459","I20",20,1,1,0,0,0
"E459","I21",21,0,0,0,0,0
"E459","I22",22,1,1,0,0,0
"E459","I23",23,0,0,0,0,0
"E459","I24",24,0,0,0,0,0
"E459","I25",25,0,0,0,0,0
"E459","I26",26,1,1,0,0,0
"E459","I27",27,0,0,0,0,0
"E459","I28",28,1,1,0,0,0
"E459","I29",29,1,1,0,0,0
"E459","I30",30,0,0,0,0,0
"E459","I31",31,0,0,0,0,0
"E459","I32",32,1,1,0,0,0
"E459","I33",33,0,0,0,0,0
"E459","I34",34,0,0,0,0,0
"E459","I35",35,1,1,0,0,0
"E459","I36",36,1,1,0,0,0
"E459","I37",37,1,1,0,0,0
"E459","I38",38,0,0,0,0,0
"E459","I39",39,1,1,0,0,0
"E459","I40",40,0,0,0,0,0
"E460","I01",1,0,1,1,1,0
"E460","I02",2,1,1,0,0,0
"E460","I03",3,1,1,0,0,0
"E460","I04",4,1,1,0,0,0
"E460","I05",5,1,1,0,0,0
"E460","I06",6,1,1,0,0,0
"E460","I07",7,1,1,0,0,0
"E460","I08",8,1,1,0,0,0
"E460","I09",9,1,1,0,0,0
"E460","I10",10,1,1,0,0,0
"E460","I11",11,1,1,0,0,0
"E460","I12",12,1,1,0,0,0
"E460","I13",13,1,1,0,0,0
"E460","I14",14,1,1,0,0,0
"E460","I15",15,0,1,1,1,0
"E460","I16",16,1,1,0,0,0
"E460","I17",17,1,1,0,0,0
"E460","I18",18,1,1,0,0,0
"E460","I19",19,1,1,0,0,0
"E460","I20",20,1,1,0,0,0
"E460","I21",21,1,1,0,0,0
"E460","I22",22,1,1,0,0,0
"E460","I23",23,1,1,0,0,0
"E460","I24",24,0,0,0,0,0
"E460","I25",25,1,1,0,0,0
"E460","I26",26,1,1,0,0,0
"E460","I27",27,1,1,0,0,0
"E460","I28",28,1,1,0,0,0
"E460","I29",29,1,1,0,0,0
"E460","I30",30,1,1,0,0,0
"E460","I31",31,1,1,0,0,0
"E460","I32",32,1,1,0,0,0
"E460","I33",33,0,1,1,1,0
"E460","I34",34,1,1,0,0,0
"E460","I35",35,1,1,0,0,0
"E460","I36",36,1,1,0,0,0
"E460","I37",37,1,1,0,0,0
"E460","I38",38,1,1,0,0,0
"E460","I39",39,1,1,0,0,0
"E460","I40",40,1,1,0,0,0
"E461","I01",1,1,1,0,0,0
"E461","I02",2,1,1,0,0,0
"E461","I03",3,1,1,0,0,0
"E461","I04",4,1,1,0,0,0
"E461","I05",5,1,1,0,0,0
"E461","I06",6,1,1,0,0,0
"E461","I07",7,1,1,0,0,0
"E461","I08",8,1,1,0,0,0
"E461","I09",9,0,0,0,0,0
"E461","I10",10,0,0,0,0,0
"E461","I11",11,0,0,0,0,0
"E461","I12",12,1,1,0,0,0
"E461","I13",13,0,0,0,0,0
"E461","I14",14,1,1,0,0,0
"E461","I15",15,1,1,0,0,0
"E461","I16",16,1,1,0,0,0
"E461","I17",17,0,0,0,0,0
"E461","I18",18,0,0,0,0,0
"E461","I19",19,1,1,0,0,0
"E461","I20",20,0,0,0,0,0
"E461","I21",21,0,0,0,0,0
"E461","I22",22,0,0,0,0,0
"E461","I23",23,1,1,0,0,0
"E461","I24",24,0,0,0,0,0
"E461","I25",25,0,1,1,1,0
"E461","I26",26,1,1,0,0,0
"E461","I27",27,0,0,0,0,0
"E461","I28",28,1,1,0,0,0
"E461","I29",29,1,1,0,0,0
"E461","I30",30,1,1,0,0,0
"E461","I31",31,0,0,0,0,0
"E461","I32",32,1,1,0,0,0
"E461","I33",33,1,1,0,0,0
"E461","I34",34,0,0,0,0,0
"E461","I35",35,1,1,0,0,0
"E461","I36",36,0,1,1,1,0
"E461","I37",37,1,1,0,0,0
"E461","I38",38,1,1,0,0,0
"E461","I39",39,0,0,0,0,0
"E461","I40",40,0,0,0,0,0
"E462","I01",1,1,1,0,0,0
"E462","I02",2,1,1,0,0,0
"E462","I03",3,1,1,0,0,0
"E462","I04",4,1,1,0,0,0
"E462","I05",5,1,1,0,0,0
"E462","I06",6,0,0,0,0,0
"E462","I07",7,1,1,0,0,0
"E462","I08",8,0,0,0,0,0
"E462","I09",9,1,1,0,0,0
"E462","I10",10,0,0,0,0,0
"E462","I11",11,0,0,0,0,0
"E462","I12",12,1,1,0,0,0
"E462","I13",13,1,1,0,0,0
"E462","I14",14,1,1,0,0,0
"E462","I15",15,0,0,0,0,0
"E462","I16",16,1,1,0,0,0
"E462","I17",17,1,1,0,0,0
"E462","I18",18,1,1,0,0,0
"E462","I19",19,1,1,0,0,0
"E462","I20",20,1,1,0,0,0
"E462","I21",21,1,1,0,0,0
"E462","I22",22,1,1,0,0,0
"E462","I23",23,1,1,0,0,0
"E462","I24",24,1,1,0,0,0
"E462","I25",25,1,1,0,0,0
"E462","I26",26,1,1,0,0,0
"E462","I27",27,0,0,0,0,0
"E462","I28",28,1,1,0,0,0
"E462","I29",29,1,1,0,0,0
"E462","I30",30,1,1,0,0,0
"E462","I31",31,0,0,0,0,0
"E462","I32",32,1,1,0,0,0
"E462","I33",33,0,0,0,0,0
"E462","I34",34,0,0,0,0,0
"E462","I35",35,1,1,0,0,0
"E462","I36",36,1,1,0,0,0
"E462","I37",37,1,1,0,0,0
"E462","I38",38,1,1,0,0,0
"E462","I39",39,1,1,0,0,0
"E462","I40",40,1,1,0,0,0
"E463","I01",1,1,1,0,0,0
"E463","I02",2,0,0,0,0,0
"E463","I03",3,0,0,0,0,0
"E463","I04",4,1,1,0,0,0
"E463","I05",5,0,0,0,0,0
"E463","I06",6,1,1,0,0,0
"E463","I07",7,1,1,0,0,0
"E463","I08",8,1,1,0,0,0
"E463","I09",9,1,1,0,0,0
"E463","I10",10,1,1,0,0,0
"E463","I11",11,1,1,0,0,0
"E463","I12",12,0,0,0,0,0
"E463","I13",13,0,0,0,0,0
"E463","I14",14,1,1,0,0,0
"E463","I15",15,1,1,0,0,0
"E463","I16",16,1,1,0,0,0
"E463","I17",17,1,1,0,0,0
"E463","I18",18,1,1,0,0,0
"E463","I19",19,1,1,0,0,0
"E463","I20",20,1,1,0,0,0
"E463","I21",21,1,1,0,0,0
"E463","I22",22,0,0,0,0,0
"E463","I23",23,0,0,0,0,0
"E463","I24",24,0,0,0,0,0
"E463","I25",25,1,1,0,0,0
"E463","I26",26,1,1,0,0,0
"E463","I27",27,0,0,0,0,0
"E463","I28",28,1,1,0,0,0
"E463","I29",29,1,1,0,0,0
"E463","I30",30,0,0,0,0,0
"E463","I31",31,0,0,0,0,0
"E463","I32",32,1,1,0,0,0
"E463","I33",33,1,1,0,0,0
"E463","I34",34,0,0,0,0,0
"E463","I35",35,0,0,0,0,0
"E463","I36",36,1,1,0,0,0
"E463","I37",37,1,1,0,0,0
"E463","I38",38,1,1,0,0,0
"E463","I39",39,0,1,1,1,0
"E463","I40",40,1,1,0,0,0
"E464","I01",1,1,1,0,0,0
"E464","I02",2,1,1,0,0,0
"E464","I03",3,1,1,0,0,0
"E464","I04",4,1,1,0,0,0
"E464","I05",5,1,1,0,0,0
"E464","I06",6,0,0,0,0,0
"E464","I07",7,0,0,0,0,0
"E464","I08",8,1,1,0,0,0
"E464","I09",9,0,1,1,1,0
"E464","I10",10,1,1,0,0,0
"E464","I11",11,1,1,0,0,0
"E464","I12",12,1,1,0,0,0
"E464","I13",13,1,1,0,0,0
"E464","I14",14,1,1,0,0,0
"E464","I15",15,0,0,0,0,0
"E464","I16",16,1,1,0,0,0
"E464","I17",17,0,0,0,0,0
"E464","I18",18,1,1,0,0,0
"E464","I19",19,1,1,0,0,0
"E464","I20",20,1,1,0,0,0
"E464","I21",21,0,0,0,0,0
"E464","I22",22,0,0,0,0,0
"E464","I23",23,1,1,0,0,0
"E464","I24",24,1,1,0,0,0
"E464","I25",25,1,1,0,0,0
"E464","I26",26,1,1,0,0,0
"E464","I27",27,0,0,0,0,0
"E464","I28",28,1,1,0,0,0
"E464","I29",29,1,1,0,0,0
"E464","I30",30,0,0,0,0,0
"E464","I31",31,0,0,0,0,0
"E464","I32",32,1,1,0,0,0
"E464","I33",33,0,0,0,0,0
"E464","I34",34,1,1,0,0,0
"E464","I35",35,1,1,0,0,0
"E464","I36",36,0,0,0,0,0
"E464","I37",37,1,1,0,0,0
"E464","I38",38,1,1,0,0,0
"E464","I39",39,0,0,0,0,0
"E464","I40",40,1,1,0,0,0
"E465","I01",1,1,1,0,0,0
"E465","I02",2,1,1,0,0,0
"E465","I03",3,1,1,0,0,0
"E465","I04",4,1,1,0,0,0
"E465","I05",5,0,0,0,0,0
"E465","I06",6,1,1,0,0,0
"E465","I07",7,1,1,0,0,0
"E465","I08",8,1,1,0,0,0
"E465","I09",9,1,1,0,0,0
"E465","I10",10,1,1,0,0,0
"E465","I11",11,0,0,0,0,0
"E465","I12",12,1,1,0,0,0
"E465","I13",13,1,1,0,0,0
"E465","I14",14,1,1,0,0,0
"E465","I15",15,0,0,0,0,0
"E465","I16",16,1,1,0,0,0
"E465","I17",17,1,1,0,0,0
"E465","I18",18,0,0,0,0,0
"E465","I19",19,1,1,0,0,0
"E465","I20",20,0,1,1,1,0
"E465","I21",21,1,1,0,0,0
"E465","I22",22,0,0,0,0,0
"E465","I23",23,1,1,0,0,0
"E465","I24",24,1,1,0,0,0
"E465","I25",25,1,1,0,0,0
"E465","I26",26,1,1,0,0,0
"E465","I27",27,1,1,0,0,0
"E465","I28",28,1,1,0,0,0
"E465","I29",29,1,1,0,0,0
"E465","I30",30,0,1,1,1,0
"E465","I31",31,1,0,1,0,1
"E465","I32",32,1,1,0,0,0
"E465","I33",33,0,0,0,0,0
"E465","I34",34,0,0,0,0,0
"E465","I35",35,1,1,0,0,0
"E465","I36",36,0,0,0,0,0
"E465","I37",37,1,1,0,0,0
"E465","I38",38,1,1,0,0,0
"E465","I39",39,0,0,0,0,0
"E465","I40",40,0,0,0,0,0
"E466","I01",1,1,1,0,0,0
"E466","I02",2,0,0,0,0,0
"E466","I03",3,1,1,0,0,0
"E466","I04",4,1,1,0,0,0
"E466","I05",5,1,1,0,0,0
"E466","I06",6,1,1,0,0,0
"E466","I07",7,1,1,0,0,0
"E466","I08",8,0,1,1,1,0
"E466","I09",9,1,0,1,0,1
"E466","I10",10,1,1,0,0,0
"E466","I11",11,0,0,0,0,0
"E466","I12",12,1,1,0,0,0
"E466","I13",13,0,0,0,0,0
"E466","I14",14,0,0,0,0,0
"E466","I15",15,0,0,0,0,0
"E466","I16",16,1,1,0,0,0
"E466","I17",17,1,1,0,0,0
"E466","I18",18,0,0,0,0,0
"E466","I19",19,1,1,0,0,0
"E466","I20",20,1,1,0,0,0
"E466","I21",21,0,0,0,0,0
"E466","I22",22,1,1,0,0,0
"E466","I23",23,0,0,0,0,0
"E466","I24",24,0,0,0,0,0
"E466","I25",25,0,0,0,0,0
"E466","I26",26,0,0,0,0,0
"E466","I27",27,1,1,0,0,0
"E466","I28",28,1,1,0,0,0
"E466","I29",29,1,1,0,0,0
"E466","I30",30,1,1,0,0,0
"E466","I31",31,1,1,0,0,0
"E466","I32",32,1,1,0,0,0
"E466","I33",33,1,1,0,0,0
"E466","I34",34,0,0,0,0,0
"E466","I35",35,1,1,0,0,0
"E466","I36",36,0,0,0,0,0
"E466","I37",37,1,1,0,0,0
"E466","I38",38,1,1,0,0,0
"E466","I39",39,1,1,0,0,0
"E466","I40",40,1,0,1,0,1
"E467","I01",1,0,0,0,0,0
"E467","I02",2,0,0,0,0,0
"E467","I03",3,0,0,0,0,0
"E467","I04",4,1,1,0,0,0
"E467","I05",5,0,0,0,0,0
"E467","I06",6,0,0,0,0,0
"E467","I07",7,0,0,0,0,0
"E467","I08",8,0,1,1,1,0
"E467","I09",9,0,1,1,1,0
"E467","I10",10,0,0,0,0,0
"E467","I11",11,0,1,1,1,0
"E467","I12",12,0,1,1,1,0
"E467","I13",13,0,0,0,0,0
"E467","I14",14,0,1,1,1,0
"E467","I15",15,1,1,0,0,0
"E467","I16",16,0,0,0,0,0
"E467","I17",17,0,0,0,0,0
"E467","I18",18,0,0,0,0,0
"E467","I19",19,0,1,1,1,0
"E467","I20",20,1,1,0,0,0
"E467","I21",21,0,0,0,0,0
"E467","I22",22,0,0,0,0,0
"E467","I23",23,0,0,0,0,0
"E467","I24",24,1,1,0,0,0
"E467","I25",25,0,0,0,0,0
"E467","I26",26,1,0,1,0,1
"E467","I27",27,0,1,1,1,0
"E467","I28",28,0,0,0,0,0
"E467","I29",29,1,0,1,0,1
"E467","I30",30,0,0,0,0,0
"E467","I31",31,0,0,0,0,0
"E467","I32",32,0,0,0,0,0
"E467","I33",33,0,0,0,0,0
"E467","I34",34,0,0,0,0,0
"E467","I35",35,0,0,0,0,0
"E467","I36",36,0,0,0,0,0
"E467","I37",37,1,1,0,0,0
"E467","I38",38,0,0,0,0,0
"E467","I39",39,0,1,1,1,0
"E467","I40",40,0,0,0,0,0
"E468","I01",1,1,1,0,0,0
"E468","I02",2,0,0,0,0,0
"E468","I03",3,0,0,0,0,0
"E468","I04",4,1,1,0,0,0
"E468","I05",5,1,1,0,0,0
"E468","I06",6,1,1,0,0,0
"E468","I07",7,1,1,0,0,0
"E468","I08",8,0,0,0,0,0
"E468","I09",9,0,0,0,0,0
"E468","I10",10,0,0,0,0,0
"E468","I11",11,0,0,0,0,0
"E468","I12",12,0,0,0,0,0
"E468","I13",13,0,0,0,0,0
"E468","I14",14,0,0,0,0,0
"E468","I15",15,0,0,0,0,0
"E468","I16",16,1,1,0,0,0
"E468","I17",17,1,1,0,0,0
"E468","I18",18,0,0,0,0,0
"E468","I19",19,0,0,0,0,0
"E468","I20",20,1,1,0,0,0
"E468","I21",21,0,0,0,0,0
"E468","I22",22,1,1,0,0,0
"E468","I23",23,1,1,0,0,0
"E468","I24",24,0,0,0,0,0
"E468","I25",25,0,0,0,0,0
"E468","I26",26,0,0,0,0,0
"E468","I27",27,0,0,0,0,0
"E468","I28",28,0,0,0,0,0
"E468","I29",29,0,0,0,0,0
"E468","I30",30,0,0,0,0,0
"E468","I31",31,0,0,0,0,0
"E468","I32",32,0,0,0,0,0
"E468","I33",33,0,0,0,0,0
"E468","I34",34,0,0,0,0,0
"E468","I35",35,0,0,0,0,0
"E468","I36",36,0,0,0,0,0
"E468","I37",37,1,1,0,0,0
"E468","I38",38,0,0,0,0,0
"E468","I39",39,1,1,0,0,0
"E468","I40",40,0,0,0,0,0
"E469","I01",1,1,1,0,0,0
"E469","I02",2,1,1,0,0,0
"E469","I03",3,1,1,0,0,0
"E469","I04",4,1,1,0,0,0
"E469","I05",5,1,1,0,0,0
"E469","I06",6,1,1,0,0,0
"E469","I07",7,1,1,0,0,0
"E469","I08",8,1,1,0,0,0
"E469","I09",9,1,1,0,0,0
"E469","I10",10,1,1,0,0,0
"E469","I11",11,1,1,0,0,0
"E469","I12",12,1,1,0,0,0
"E469","I13",13,1,1,0,0,0
"E469","I14",14,0,0,0,0,0
"E469","I15",15,1,1,0,0,0
"E469","I16",16,1,1,0,0,0
"E469","I17",17,1,1,0,0,0
"E469","I18",18,1,1,0,0,0
"E469","I19",19,1,1,0,0,0
"E469","I20",20,1,1,0,0,0
"E469","I21",21,1,1,0,0,0
"E469","I22",22,1,1,0,0,0
"E469","I23",23,1,1,0,0,0
"E469","I24",24,1,1,0,0,0
"E469","I25",25,0,0,0,0,0
"E469","I26",26,1,1,0,0,0
"E469","I27",27,1,1,0,0,0
"E469","I28",28,1,1,0,0,0
"E469","I29",29,1,1,0,0,0
"E469","I30",30,1,1,0,0,0
"E469","I31",31,0,0,0,0,0
"E469","I32",32,1,1,0,0,0
"E469","I33",33,1,1,0,0,0
"E469","I34",34,0,1,1,1,0
"E469","I35",35,1,1,0,0,0
"E469","I36",36,1,1,0,0,0
"E469","I37",37,1,1,0,0,0
"E469","I38",38,1,1,0,0,0
"E469","I39",39,1,1,0,0,0
"E469","I40",40,1,1,0,0,0
"E470","I01",1,1,1,0,0,0
"E470","I02",2,1,1,0,0,0
"E470","I03",3,0,1,1,1,0
"E470","I04",4,0,0,0,0,0
"E470","I05",5,1,1,0,0,0
"E470","I06",6,1,1,0,0,0
"E470","I07",7,1,1,0,0,0
"E470","I08",8,1,1,0,0,0
"E470","I09",9,1,1,0,0,0
"E470","I10",10,1,1,0,0,0
"E470","I11",11,0,1,1,1,0
"E470","I12",12,1,1,0,0,0
"E470","I13",13,1,1,0,0,0
"E470","I14",14,0,1,1,1,0
"E470","I15",15,0,1,1,1,0
"E470","I16",16,1,1,0,0,0
"E470","I17",17,0,1,1,1,0
"E470","I18",18,0,1,1,1,0
"E470","I19",19,0,1,1,1,0
"E470","I20",20,1,1,0,0,0
"E470","I21",21,0,0,0,0,0
"E470","I22",22,1,1,0,0,0
"E470","I23",23,1,1,0,0,0
"E470","I24",24,0,0,0,0,0
"E470","I25",25,1,1,0,0,0
"E470","I26",26,1,1,0,0,0
"E470","I27",27,1,1,0,0,0
"E470","I28",28,0,1,1,1,0
"E470","I29",29,1,1,0,0,0
"E470","I30",30,1,1,0,0,0
"E470","I31",31,1,1,0,0,0
"E470","I32",32,1,1,0,0,0
"E470","I33",33,0,0,0,0,0
"E470","I34",34,0,0,0,0,0
"E470","I35",35,1,1,0,0,0
"E470","I36",36,0,1,1,1,0
"E470","I37",37,1,1,0,0,0
"E470","I38",38,1,1,0,0,0
"E470","I39",39,0,0,0,0,0
"E470","I40",40,1,1,0,0,0
"E471","I01",1,1,1,0,0,0
"E471","I02",2,1,1,0,0,0
"E471","I03",3,1,1,0,0,0
"E471","I04",4,1,1,0,0,0
"E471","I05",5,0,0,0,0,0
"E471","I06",6,0,0,0,0,0
"E471","I07",7,1,1,0,0,0
"E471","I08",8,1,0,1,0,1
"E471","I09",9,1,0,1,0,1
"E471","I10",10,0,0,0,0,0
"E471","I11",11,0,0,0,0,0
"E471","I12",12,0,0,0,0,0
"E471","I13",13,1,1,0,0,0
"E471","I14",14,1,1,0,0,0
"E471","I15",15,0,0,0,0,0
"E471","I16",16,0,0,0,0,0
"E471","I17",17,1,1,0,0,0
"E471","I18",18,1,1,0,0,0
"E471","I19",19,0,0,0,0,0
"E471","I20",20,1,1,0,0,0
"E471","I21",21,1,1,0,0,0
"E471","I22",22,0,0,0,0,0
"E471","I23",23,0,0,0,0,0
"E471","I24",24,1,1,0,0,0
"E471","I25",25,1,1,0,0,0
"E471","I26",26,0,0,0,0,0
"E471","I27",27,0,0,0,0,0
"E471","I28",28,1,1,0,0,0
"E471","I29",29,1,1,0,0,0
"E471","I30",30,0,0,0,0,0
"E471","I31",31,0,0,0,0,0
"E471","I32",32,1,1,0,0,0
"E471","I33",33,0,0,0,0,0
"E471","I34",34,0,0,0,0,0
"E471","I35",35,0,0,0,0,0
"E471","I36",36,1,1,0,0,0
"E471","I37",37,1,1,0,0,0
"E471","I38",38,0,0,0,0,0
"E471","I39",39,1,1,0,0,0
"E471","I40",40,0,0,0,0,0
"E472","I01",1,1,1,0,0,0
"E472","I02",2,0,0,0,0,0
"E472","I03",3,0,0,0,0,0
"E472","I04",4,0,0,0,0,0
"E472","I05",5,0,0,0,0,0
"E472","I06",6,0,0,0,0,0
"E472","I07",7,0,0,0,0,0
"E472","I08",8,1,1,0,0,0
"E472","I09",9,0,0,0,0,0
"E472","I10",10,0,0,0,0,0
"E472","I11",11,0,0,0,0,0
"E472","I12",12,1,0,1,0,1
"E472","I13",13,0,0,0,0,0
"E472","I14",14,0,0,0,0,0
"E472","I15",15,0,0,0,0,0
"E472","I16",16,0,0,0,0,0
"E472","I17",17,0,0,0,0,0
"E472","I18",18,0,0,0,0,0
"E472","I19",19,1,1,0,0,0
"E472","I20",20,0,0,0,0,0
"E472","I21",21,1,0,1,0,1
"E472","I22",22,0,0,0,0,0
"E472","I23",23,0,0,0,0,0
"E472","I24",24,0,0,0,0,0
"E472","I25",25,0,0,0,0,0
"E472","I26",26,0,0,0,0,0
"E472","I27",27,0,0,0,0,0
"E472","I28",28,0,0,0,0,0
"E472","I29",29,0,0,0,0,0
"E472","I30",30,0,0,0,0,0
"E472","I31",31,1,0,1,0,1
"E472","I32",32,0,0,0,0,0
"E472","I33",33,0,0,0,0,0
"E472","I34",34,0,0,0,0,0
"E472","I35",35,0,0,0,0,0
"E472","I36",36,0,0,0,0,0
"E472","I37",37,0,0,0,0,0
"E472","I38",38,0,0,0,0,0
"E472","I39",39,0,0,0,0,0
"E472","I40",40,0,0,0,0,0
"E473","I01",1,1,1,0,0,0
"E473","I02",2,0,0,0,0,0
"E473","I03",3,0,0,0,0,0
"E473","I04",4,1,1,0,0,0
"E473","I05",5,0,0,0,0,0
"E473","I06",6,0,0,0,0,0
"E473","I07",7,0,0,0,0,0
"E473","I08",8,1,1,0,0,0
"E473","I09",9,0,0,0,0,0
"E473","I10",10,0,0,0,0,0
"E473","I11",11,1,0,1,0,1
"E473","I12",12,1,1,0,0,0
"E473","I13",13,1,1,0,0,0
"E473","I14",14,1,1,0,0,0
"E473","I15",15,0,0,0,0,0
"E473","I16",16,0,0,0,0,0
"E473","I17",17,1,0,1,0,1
"E473","I18",18,0,0,0,0,0
"E473","I19",19,1,1,0,0,0
"E473","I20",20,0,1,1,1,0
"E473","I21",21,0,0,0,0,0
"E473","I22",22,0,0,0,0,0
"E473","I23",23,1,1,0,0,0
"E473","I24",24,1,1,0,0,0
"E473","I25",25,1,1,0,0,0
"E473","I26",26,1,1,0,0,0
"E473","I27",27,0,0,0,0,0
"E473","I28",28,1,1,0,0,0
"E473","I29",29,1,1,0,0,0
"E473","I30",30,1,1,0,0,0
"E473","I31",31,0,0,0,0,0
"E473","I32",32,0,0,0,0,0
"E473","I33",33,0,0,0,0,0
"E473","I34",34,0,0,0,0,0
"E473","I35",35,0,0,0,0,0
"E473","I36",36,1,1,0,0,0
"E473","I37",37,0,0,0,0,0
"E473","I38",38,1,1,0,0,0
"E473","I39",39,0,0,0,0,0
"E473","I40",40,0,0,0,0,0
"E474","I01",1,1,1,0,0,0
"E474","I02",2,1,1,0,0,0
"E474","I03",3,0,0,0,0,0
"E474","I04",4,0,0,0,0,0
"E474","I05",5,1,1,0,0,0
"E474","I06",6,0,0,0,0,0
"E474","I07",7,1,1,0,0,0
"E474","I08",8,0,0,0,0,0
"E474","I09",9,0,0,0,0,0
"E474","I10",10,0,0,0,0,0
"E474","I11",11,0,0,0,0,0
"E474","I12",12,0,0,0,0,0
"E474","I13",13,1,1,0,0,0
"E474","I14",14,0,0,0,0,0
"E474","I15",15,0,0,0,0,0
"E474","I16",16,0,0,0,0,0
"E474","I17",17,1,1,0,0,0
"E474","I18",18,0,0,0,0,0
"E474","I19",19,0,0,0,0,0
"E474","I20",20,0,0,0,0,0
"E474","I21",21,0,0,0,0,0
"E474","I22",22,1,1,0,0,0
"E474","I23",23,0,0,0,0,0
"E474","I24",24,0,0,0,0,0
"E474","I25",25,0,0,0,0,0
"E474","I26",26,1,1,0,0,0
"E474","I27",27,0,0,0,0,0
"E474","I28",28,1,1,0,0,0
"E474","I29",29,1,1,0,0,0
"E474","I30",30,0,0,0,0,0
"E474","I31",31,0,0,0,0,0
"E474","I32",32,1,1,0,0,0
"E474","I33",33,0,0,0,0,0
"E474","I34",34,0,0,0,0,0
"E474","I35",35,1,1,0,0,0
"E474","I36",36,1,1,0,0,0
"E474","I37",37,0,0,0,0,0
"E474","I38",38,0,0,0,0,0
"E474","I39",39,0,0,0,0,0
"E474","I40",40,0,0,0,0,0
"E475","I01",1,1,1,0,0,0
"E475","I02",2,0,0,0,0,0
"E475","I03",3,0,0,0,0,0
"E475","I04",4,1,1,0,0,0
"E475","I05",5,0,0,0,0,0
"E475","I06",6,0,0,0,0,0
"E475","I07",7,0,0,0,0,0
"E475","I08",8,0,0,0,0,0
"E475","I09",9,0,0,0,0,0
"E475","I10",10,1,0,1,0,1
"E475","I11",11,0,0,0,0,0
"E475","I12",12,1,1,0,0,0
"E475","I13",13,0,0,0,0,0
"E475","I14",14,0,0,0,0,0
"E475","I15",15,0,0,0,0,0
"E475","I16",16,1,1,0,0,0
"E475","I17",17,0,0,0,0,0
"E475","I18",18,1,1,0,0,0
"E475","I19",19,0,0,0,0,0
"E475","I20",20,1,1,0,0,0
"E475","I21",21,0,0,0,0,0
"E475","I22",22,0,0,0,0,0
"E475","I23",23,0,0,0,0,0
"E475","I24",24,1,1,0,0,0
"E475","I25",25,0,0,0,0,0
"E475","I26",26,0,0,0,0,0
"E475","I27",27,0,0,0,0,0
"E475","I28",28,0,0,0,0,0
"E475","I29",29,1,0,1,0,1
"E475","I30",30,0,0,0,0,0
"E475","I31",31,1,1,0,0,0
"E475","I32",32,0,0,0,0,0
"E475","I33",33,0,0,0,0,0
"E475","I34",34,0,0,0,0,0
"E475","I35",35,0,0,0,0,0
"E475","I36",36,0,1,1,1,0
"E475","I37",37,1,1,0,0,0
"E475","I38",38,0,0,0,0,0
"E475","I39",39,0,0,0,0,0
"E475","I40",40,0,0,0,0,0
"E476","I01",1,1,1,0,0,0
"E476","I02",2,1,1,0,0,0
"E476","I03",3,0,0,0,0,0
"E476","I04",4,1,1,0,0,0
"E476","I05",5,1,1,0,0,0
"E476","I06",6,1,1,0,0,0
"E476","I07",7,1,1,0,0,0
"E476","I08",8,0,0,0,0,0
"E476","I09",9,1,1,0,0,0
"E476","I10",10,0,0,0,0,0
"E476","I11",11,0,0,0,0,0
"E476","I12",12,1,1,0,0,0
"E476","I13",13,1,1,0,0,0
"E476","I14",14,1,1,0,0,0
"E476","I15",15,0,0,0,0,0
"E476","I16",16,1,1,0,0,0
"E476","I17",17,1,1,0,0,0
"E476","I18",18,1,1,0,0,0
"E476","I19",19,1,1,0,0,0
"E476","I20",20,1,1,0,0,0
"E476","I21",21,1,1,0,0,0
"E476","I22",22,1,1,0,0,0
"E476","I23",23,1,1,0,0,0
"E476","I24",24,0,0,0,0,0
"E476","I25",25,1,1,0,0,0
"E476","I26",26,1,1,0,0,0
"E476","I27",27,0,0,0,0,0
"E476","I28",28,1,1,0,0,0
"E476","I29",29,1,1,0,0,0
"E476","I30",30,1,1,0,0,0
"E476","I31",31,0,0,0,0,0
"E476","I32",32,1,1,0,0,0
"E476","I33",33,0,0,0,0,0
"E476","I34",34,0,0,0,0,0
"E476","I35",35,1,1,0,0,0
"E476","I36",36,0,0,0,0,0
"E476","I37",37,0,0,0,0,0
"E476","I38",38,1,1,0,0,0
"E476","I39",39,0,0,0,0,0
"E476","I40",40,0,0,0,0,0
"E477","I01",1,1,1,0,0,0
"E477","I02",2,1,1,0,0,0
"E477","I03",3,0,0,0,0,0
"E477","I04",4,1,1,0,0,0
"E477","I05",5,0,0,0,0,0
"E477","I06",6,1,1,0,0,0
"E477","I07",7,1,1,0,0,0
"E477","I08",8,0,0,0,0,0
"E477","I09",9,0,0,0,0,0
"E477","I10",10,0,0,0,0,0
"E477","I11",11,0,0,0,0,0
"E477","I12",12,0,0,0,0,0
"E477","I13",13,1,1,0,0,0
"E477","I14",14,1,1,0,0,0
"E477","I15",15,1,1,0,0,0
"E477","I16",16,0,0,0,0,0
"E477","I17",17,1,1,0,0,0
"E477","I18",18,1,1,0,0,0
"E477","I19",19,1,1,0,0,0
"E477","I20",20,0,0,0,0,0
"E477","I21",21,1,1,0,0,0
"E477","I22",22,0,0,0,0,0
"E477","I23",23,1,1,0,0,0
"E477","I24",24,1,1,0,0,0
"E477","I25",25,1,1,0,0,0
"E477","I26",26,0,0,0,0,0
"E477","I27",27,0,0,0,0,0
"E477","I28",28,1,1,0,0,0
"E477","I29",29,0,0,0,0,0
"E477","I30",30,0,0,0,0,0
"E477","I31",31,1,0,1,0,1
"E477","I32",32,1,1,0,0,0
"E477","I33",33,1,0,1,0,1
"E477","I34",34,0,0,0,0,0
"E477","I35",35,1,1,0,0,0
"E477","I36",36,1,1,0,0,0
"E477","I37",37,1,1,0,0,0
"E477","I38",38,0,0,0,0,0
"E477","I39",39,0,0,0,0,0
"E477","I40",40,0,0,0,0,0
"E478","I01",1,1,1,0,0,0
"E478","I02",2,1,1,0,0,0
"E478","I03",3,1,1,0,0,0
"E478","I04",4,1,1,0,0,0
"E478","I05",5,0,0,0,0,0
"E478","I06",6,1,1,0,0,0
"E478","I07",7,1,1,0,0,0
"E478","I08",8,1,1,0,0,0
"E478","I09",9,1,1,0,0,0
"E478","I10",10,1,1,0,0,0
"E478","I11",11,0,0,0,0,0
"E478","I12",12,1,1,0,0,0
"E478","I13",13,1,1,0,0,0
"E478","I14",14,0,0,0,0,0
"E478","I15",15,0,0,0,0,0
"E478","I16",16,1,1,0,0,0
"E478","I17",17,1,1,0,0,0
"E478","I18",18,1,1,0,0,0
"E478","I19",19,1,1,0,0,0
"E478","I20",20,1,1,0,0,0
"E478","I21",21,0,0,0,0,0
"E478","I22",22,1,1,0,0,0
"E478","I23",23,1,1,0,0,0
"E478","I24",24,1,1,0,0,0
"E478","I25",25,1,1,0,0,0
"E478","I26",26,1,1,0,0,0
"E478","I27",27,1,1,0,0,0
"E478","I28",28,1,1,0,0,0
"E478","I29",29,1,1,0,0,0
"E478","I30",30,0,0,0,0,0
"E478","I31",31,1,1,0,0,0
"E478","I32",32,1,1,0,0,0
"E478","I33",33,0,0,0,0,0
"E478","I34",34,0,0,0,0,0
"E478","I35",35,1,1,0,0,0
"E478","I36",36,1,1,0,0,0
"E478","I37",37,1,1,0,0,0
"E478","I38",38,1,1,0,0,0
"E478","I39",39,1,1,0,0,0
"E478","I40",40,1,1,0,0,0
"E479","I01",1,0,0,0,0,0
"E479","I02",2,0,0,0,0,0
"E479","I03",3,0,0,0,0,0
"E479","I04",4,1,1,0,0,0
"E479","I05",5,0,0,0,0,0
"E479","I06",6,0,0,0,0,0
"E479","I07",7,1,1,0,0,0
"E479","I08",8,1,1,0,0,0
"E479","I09",9,0,0,0,0,0
"E479","I10",10,1,0,1,0,1
"E479","I11",11,0,0,0,0,0
"E479","I12",12,0,0,0,0,0
"E479","I13",13,1,1,0,0,0
"E479","I14",14,1,0,1,0,1
"E479","I15",15,0,0,0,0,0
"E479","I16",16,1,1,0,0,0
"E479","I17",17,0,0,0,0,0
"E479","I18",18,1,1,0,0,0
"E479","I19",19,0,0,0,0,0
"E479","I20",20,1,1,0,0,0
"E479","I21",21,0,0,0,0,0
"E479","I22",22,0,0,0,0,0
"E479","I23",23,0,0,0,0,0
"E479","I24",24,0,0,0,0,0
"E479","I25",25,0,0,0,0,0
"E479","I26",26,1,1,0,0,0
"E479","I27",27,0,0,0,0,0
"E479","I28",28,0,0,0,0,0
"E479","I29",29,0,0,0,0,0
"E479","I30",30,0,0,0,0,0
"E479","I31",31,0,0,0,0,0
"E479","I32",32,1,1,0,0,0
"E479","I33",33,1,1,0,0,0
"E479","I34",34,0,0,0,0,0
"E479","I35",35,0,0,0,0,0
"E479","I36",36,0,0,0,0,0
"E479","I37",37,0,0,0,0,0
"E479","I38",38,1,1,0,0,0
"E479","I39",39,0,0,0,0,0
"E479","I40",40,0,0,0,0,0
"E480","I01",1,1,1,0,0,0
"E480","I02",2,0,0,0,0,0
"E480","I03",3,0,0,0,0,0
"E480","I04",4,1,1,0,0,0
"E480","I05",5,0,0,0,0,0
"E480","I06",6,0,0,0,0,0
"E480","I07",7,0,0,0,0,0
"E480","I08",8,0,0,0,0,0
"E480","I09",9,0,0,0,0,0
"E480","I10",10,0,0,0,0,0
"E480","I11",11,0,0,0,0,0
"E480","I12",12,0,0,0,0,0
"E480","I13",13,1,1,0,0,0
"E480","I14",14,1,1,0,0,0
"E480","I15",15,1,1,0,0,0
"E480","I16",16,1,1,0,0,0
"E480","I17",17,0,0,0,0,0
"E480","I18",18,0,0,0,0,0
"E480","I19",19,0,0,0,0,0
"E480","I20",20,0,0,0,0,0
"E480","I21",21,0,0,0,0,0
"E480","I22",22,0,0,0,0,0
"E480","I23",23,1,1,0,0,0
"E480","I24",24,0,0,0,0,0
"E480","I25",25,0,0,0,0,0
"E480","I26",26,0,0,0,0,0
"E480","I27",27,0,0,0,0,0
"E480","I28",28,1,1,0,0,0
"E480","I29",29,0,0,0,0,0
"E480","I30",30,0,0,0,0,0
"E480","I31",31,0,0,0,0,0
"E480","I32",32,1,0,1,0,1
"E480","I33",33,0,0,0,0,0
"E480","I34",34,0,0,0,0,0
"E480","I35",35,0,0,0,0,0
"E480","I36",36,0,0,0,0,0
"E480","I37",37,0,0,0,0,0
"E480","I38",38,0,0,0,0,0
"E480","I39",39,0,0,0,0,0
"E480","I40",40,0,0,0,0,0
"E481","I01",1,1,1,0,0,0
"E481","I02",2,1,1,0,0,0
"E481","I03",3,1,1,0,0,0
"E481","I04",4,0,0,0,0,0
"E481","I05",5,1,1,0,0,0
"E481","I06",6,1,1,0,0,0
"E481","I07",7,1,1,0,0,0
"E481","I08",8,1,1,0,0,0
"E481","I09",9,0,0,0,0,0
"E481","I10",10,1,1,0,0,0
"E481","I11",11,0,0,0,0,0
"E481","I12",12,1,1,0,0,0
"E481","I13",13,1,1,0,0,0
"E481","I14",14,0,0,0,0,0
"E481","I15",15,0,0,0,0,0
"E481","I16",16,1,1,0,0,0
"E481","I17",17,1,1,0,0,0
"E481","I18",18,1,1,0,0,0
"E481","I19",19,1,1,0,0,0
"E481","I20",20,0,0,0,0,0
"E481","I21",21,0,0,0,0,0
"E481","I22",22,0,0,0,0,0
"E481","I23",23,1,1,0,0,0
"E481","I24",24,1,1,0,0,0
"E481","I25",25,0,0,0,0,0
"E481","I26",26,0,1,1,1,0
"E481","I27",27,0,0,0,0,0
"E481","I28",28,1,1,0,0,0
"E481","I29",29,0,0,0,0,0
"E481","I30",30,0,0,0,0,0
"E481","I31",31,0,0,0,0,0
"E481","I32",32,1,1,0,0,0
"E481","I33",33,0,0,0,0,0
"E481","I34",34,0,0,0,0,0
"E481","I35",35,1,1,0,0,0
"E481","I36",36,0,1,1,1,0
"E481","I37",37,0,1,1,1,0
"E481","I38",38,0,0,0,0,0
"E481","I39",39,0,0,0,0,0
"E481","I40",40,0,0,0,0,0
"E482","I01",1,1,1,0,0,0
"E482","I02",2,1,1,0,0,0
"E482","I03",3,0,0,0,0,0
"E482","I04",4,1,1,0,0,0
"E482","I05",5,1,1,0,0,0
"E482","I06",6,0,0,0,0,0
"E482","I07",7,1,1,0,0,0
"E482","I08",8,1,1,0,0,0
"E482","I09",9,0,0,0,0,0
"E482","I10",10,0,0,0,0,0
"E482","I11",11,0,0,0,0,0
"E482","I12",12,0,0,0,0,0
"E482","I13",13,1,1,0,0,0
"E482","I14",14,1,1,0,0,0
"E482","I15",15,1,1,0,0,0
"E482","I16",16,1,1,0,0,0
"E482","I17",17,1,1,0,0,0
"E482","I18",18,1,1,0,0,0
"E482","I19",19,1,1,0,0,0
"E482","I20",20,1,1,0,0,0
"E482","I21",21,1,1,0,0,0
"E482","I22",22,1,1,0,0,0
"E482","I23",23,1,1,0,0,0
"E482","I24",24,1,1,0,0,0
"E482","I25",25,0,0,0,0,0
"E482","I26",26,1,1,0,0,0
"E482","I27",27,0,0,0,0,0
"E482","I28",28,0,1,1,1,0
"E482","I29",29,1,0,1,0,1
"E482","I30",30,0,0,0,0,0
"E482","I31",31,1,1,0,0,0
"E482","I32",32,1,1,0,0,0
"E482","I33",33,0,0,0,0,0
"E482","I34",34,0,0,0,0,0
"E482","I35",35,1,1,0,0,0
"E482","I36",36,1,1,0,0,0
"E482","I37",37,1,1,0,0,0
"E482","I38",38,1,1,0,0,0
"E482","I39",39,1,1,0,0,0
"E482","I40",40,1,1,0,0,0
"E483","I01",1,1,1,0,0,0
"E483","I02",2,0,0,0,0,0
"E483","I03",3,1,1,0,0,0
"E483","I04",4,0,0,0,0,0
"E483","I05",5,1,1,0,0,0
"E483","I06",6,1,1,0,0,0
"E483","I07",7,0,0,0,0,0
"E483","I08",8,0,0,0,0,0
"E483","I09",9,1,1,0,0,0
"E483","I10",10,0,0,0,0,0
"E483","I11",11,0,0,0,0,0
"E483","I12",12,1,1,0,0,0
"E483","I13",13,1,1,0,0,0
"E483","I14",14,1,1,0,0,0
"E483","I15",15,0,0,0,0,0
"E483","I16",16,1,1,0,0,0
"E483","I17",17,0,0,0,0,0
"E483","I18",18,1,1,0,0,0
"E483","I19",19,0,0,0,0,0
"E483","I20",20,0,0,0,0,0
"E483","I21",21,0,0,0,0,0
"E483","I22",22,1,1,0,0,0
"E483","I23",23,1,1,0,0,0
"E483","I24",24,0,0,0,0,0
"E483","I25",25,0,0,0,0,0
"E483","I26",26,0,0,0,0,0
"E483","I27",27,0,0,0,0,0
"E483","I28",28,1,1,0,0,0
"E483","I29",29,0,0,0,0,0
"E483","I30",30,0,0,0,0,0
"E483","I31",31,0,0,0,0,0
"E483","I32",32,0,0,0,0,0
"E483","I33",33,0,0,0,0,0
"E483","I34",34,0,0,0,0,0
"E483","I35",35,0,0,0,0,0
"E483","I36",36,1,1,0,0,0
"E483","I37",37,1,1,0,0,0
"E483","I38",38,1,1,0,0,0
"E483","I39",39,0,0,0,0,0
"E483","I40",40,0,0,0,0,0
"E484","I01",1,1,1,0,0,0
"E484","I02",2,0,0,0,0,0
"E484","I03",3,0,0,0,0,0
"E484","I04",4,0,0,0,0,0
"E484","I05",5,0,0,0,0,0
"E484","I06",6,1,1,0,0,0
"E484","I07",7,0,0,0,0,0
"E484","I08",8,0,0,0,0,0
"E484","I09",9,0,0,0,0,0
"E484","I10",10,0,0,0,0,0
"E484","I11",11,0,0,0,0,0
"E484","I12",12,1,0,1,0,1
"E484","I13",13,1,1,0,0,0
"E484","I14",14,0,0,0,0,0
"E484","I15",15,0,0,0,0,0
"E484","I16",16,0,0,0,0,0
"E484","I17",17,0,0,0,0,0
"E484","I18",18,0,0,0,0,0
"E484","I19",19,1,1,0,0,0
"E484","I20",20,1,1,0,0,0
"E484","I21",21,0,0,0,0,0
"E484","I22",22,0,0,0,0,0
"E484","I23",23,0,0,0,0,0
"E484","I24",24,0,0,0,0,0
"E484","I25",25,1,0,1,0,1
"E484","I26",26,1,1,0,0,0
"E484","I27",27,0,0,0,0,0
"E484","I28",28,1,1,0,0,0
"E484","I29",29,0,0,0,0,0
"E484","I30",30,0,0,0,0,0
"E484","I31",31,0,0,0,0,0
"E484","I32",32,0,0,0,0,0
"E484","I33",33,0,0,0,0,0
"E484","I34",34,0,0,0,0,0
"E484","I35",35,0,0,0,0,0
"E484","I36",36,0,0,0,0,0
"E484","I37",37,1,1,0,0,0
"E484","I38",38,1,0,1,0,1
"E484","I39",39,1,1,0,0,0
"E484","I40",40,0,0,0,0,0
"E485","I01",1,1,1,0,0,0
"E485","I02",2,0,0,0,0,0
"E485","I03",3,1,1,0,0,0
"E485","I04",4,1,1,0,0,0
"E485","I05",5,1,1,0,0,0
"E485","I06",6,1,1,0,0,0
"E485","I07",7,1,1,0,0,0
"E485","I08",8,1,1,0,0,0
"E485","I09",9,1,1,0,0,0
"E485","I10",10,0,0,0,0,0
"E485","I11",11,1,1,0,0,0
"E485","I12",12,0,0,0,0,0
"E485","I13",13,1,1,0,0,0
"E485","I14",14,1,1,0,0,0
"E485","I15",15,1,1,0,0,0
"E485","I16",16,0,0,0,0,0
"E485","I17",17,1,1,0,0,0
"E485","I18",18,1,1,0,0,0
"E485","I19",19,1,1,0,0,0
"E485","I20",20,1,1,0,0,0
"E485","I21",21,0,0,0,0,0
"E485","I22",22,1,0,1,0,1
"E485","I23",23,0,0,0,0,0
"E485","I24",24,1,1,0,0,0
"E485","I25",25,0,0,0,0,0
"E485","I26",26,1,1,0,0,0
"E485","I27",27,1,1,0,0,0
"E485","I28",28,1,1,0,0,0
"E485","I29",29,1,1,0,0,0
"E485","I30",30,1,1,0,0,0
"E485","I31",31,1,1,0,0,0
"E485","I32",32,1,1,0,0,0
"E485","I33",33,0,0,0,0,0
"E485","I34",34,1,1,0,0,0
"E485","I35",35,1,1,0,0,0
"E485","I36",36,0,0,0,0,0
"E485","I37",37,0,0,0,0,0
"E485","I38",38,0,1,1,1,0
"E485","I39",39,0,0,0,0,0
"E485","I40",40,0,1,1,1,0
"E486","I01",1,1,1,0,0,0
"E486","I02",2,1,1,0,0,0
"E486","I03",3,0,0,0,0,0
"E486","I04",4,1,1,0,0,0
"E486","I05",5,1,1,0,0,0
"E486","I06",6,1,1,0,0,0
"E486","I07",7,1,1,0,0,0
"E486","I08",8,1,1,0,0,0
"E486","I09",9,0,0,0,0,0
"E486","I10",10,1,1,0,0,0
"E486","I11",11,1,1,0,0,0
"E486","I12",12,1,1,0,0,0
"E486","I13",13,0,0,0,0,0
"E486","I14",14,1,1,0,0,0
"E486","I15",15,1,1,0,0,0
"E486","I16",16,1,1,0,0,0
"E486","I17",17,1,1,0,0,0
"E486","I18",18,1,1,0,0,0
"E486","I19",19,0,1,1,1,0
"E486","I20",20,1,1,0,0,0
"E486","I21",21,1,1,0,0,0
"E486","I22",22,1,1,0,0,0
"E486","I23",23,0,0,0,0,0
"E486","I24",24,1,1,0,0,0
"E486","I25",25,1,1,0,0,0
"E486","I26",26,1,1,0,0,0
"E486","I27",27,1,1,0,0,0
"E486","I28",28,1,1,0,0,0
"E486","I29",29,1,1,0,0,0
"E486","I30",30,0,0,0,0,0
"E486","I31",31,0,0,0,0,0
"E486","I32",32,1,1,0,0,0
"E486","I33",33,1,1,0,0,0
"E486","I34",34,0,0,0,0,0
"E486","I35",35,1,1,0,0,0
"E486","I36",36,1,1,0,0,0
"E486","I37",37,1,1,0,0,0
"E486","I38",38,1,1,0,0,0
"E486","I39",39,1,1,0,0,0
"E486","I40",40,0,0,0,0,0
"E487","I01",1,1,1,0,0,0
"E487","I02",2,0,0,0,0,0
"E487","I03",3,1,1,0,0,0
"E487","I04",4,0,0,0,0,0
"E487","I05",5,1,1,0,0,0
"E487","I06",6,1,1,0,0,0
"E487","I07",7,1,0,1,0,1
"E487","I08",8,1,1,0,0,0
"E487","I09",9,0,0,0,0,0
"E487","I10",10,0,0,0,0,0
"E487","I11",11,0,0,0,0,0
"E487","I12",12,0,0,0,0,0
"E487","I13",13,0,0,0,0,0
"E487","I14",14,1,1,0,0,0
"E487","I15",15,0,0,0,0,0
"E487","I16",16,0,0,0,0,0
"E487","I17",17,1,1,0,0,0
"E487","I18",18,1,1,0,0,0
"E487","I19",19,1,1,0,0,0
"E487","I20",20,0,0,0,0,0
"E487","I21",21,0,0,0,0,0
"E487","I22",22,1,1,0,0,0
"E487","I23",23,1,1,0,0,0
"E487","I24",24,1,1,0,0,0
"E487","I25",25,1,1,0,0,0
"E487","I26",26,1,1,0,0,0
"E487","I27",27,1,1,0,0,0
"E487","I28",28,1,1,0,0,0
"E487","I29",29,1,1,0,0,0
"E487","I30",30,1,1,0,0,0
"E487","I31",31,1,1,0,0,0
"E487","I32",32,0,0,0,0,0
"E487","I33",33,1,1,0,0,0
"E487","I34",34,0,0,0,0,0
"E487","I35",35,0,0,0,0,0
"E487","I36",36,1,1,0,0,0
"E487","I37",37,1,1,0,0,0
"E487","I38",38,1,1,0,0,0
"E487","I39",39,0,0,0,0,0
"E487","I40",40,0,0,0,0,0
"E488","I01",1,1,1,0,0,0
"E488","I02",2,1,1,0,0,0
"E488","I03",3,1,1,0,0,0
"E488","I04",4,1,1,0,0,0
"E488","I05",5,1,1,0,0,0
"E488","I06",6,1,1,0,0,0
"E488","I07",7,1,1,0,0,0
"E488","I08",8,0,0,0,0,0
"E488","I09",9,1,1,0,0,0
"E488","I10",10,1,1,0,0,0
"E488","I11",11,0,0,0,0,0
"E488","I12",12,0,0,0,0,0
"E488","I13",13,0,0,0,0,0
"E488","I14",14,1,1,0,0,0
"E488","I15",15,0,0,0,0,0
"E488","I16",16,1,1,0,0,0
"E488","I17",17,1,1,0,0,0
"E488","I18",18,1,1,0,0,0
"E488","I19",19,1,1,0,0,0
"E488","I20",20,1,1,0,0,0
"E488","I21",21,1,1,0,0,0
"E488","I22",22,1,1,0,0,0
"E488","I23",23,1,1,0,0,0
"E488","I24",24,1,1,0,0,0
"E488","I25",25,0,1,1,1,0
"E488","I26",26,0,0,0,0,0
"E488","I27",27,1,1,0,0,0
"E488","I28",28,1,1,0,0,0
"E488","I29",29,1,1,0,0,0
"E488","I30",30,1,1,0,0,0
"E488","I31",31,0,0,0,0,0
"E488","I32",32,1,1,0,0,0
"E488","I33",33,1,0,1,0,1
"E488","I34",34,1,1,0,0,0
"E488","I35",35,1,1,0,0,0
"E488","I36",36,1,1,0,0,0
"E488","I37",37,1,1,0,0,0
"E488","I38",38,0,1,1,1,0
"E488","I39",39,0,0,0,0,0
"E488","I40",40,1,1,0,0,0
"E489","I01",1,1,1,0,0,0
"E489","I02",2,1,1,0,0,0
"E489","I03",3,0,0,0,0,0
"E489","I04",4,1,1,0,0,0
"E489","I05",5,0,0,0,0,0
"E489","I06",6,0,0,0,0,0
"E489","I07",7,0,0,0,0,0
"E489","I08",8,0,0,0,0,0
"E489","I09",9,0,0,0,0,0
"E489","I10",10,0,0,0,0,0
"E489","I11",11,0,0,0,0,0
"E489","I12",12,1,1,0,0,0
"E489","I13",13,1,1,0,0,0
"E489","I14",14,0,0,0,0,0
"E489","I15",15,0,0,0,0,0
"E489","I16",16,0,0,0,0,0
"E489","I17",17,0,0,0,0,0
"E489","I18",18,0,0,0,0,0
"E489","I19",19,1,1,0,0,0
"E489","I20",20,1,1,0,0,0
"E489","I21",21,0,0,0,0,0
"E489","I22",22,0,0,0,0,0
"E489","I23",23,0,0,0,0,0
"E489","I24",24,0,0,0,0,0
"E489","I25",25,0,0,0,0,0
"E489","I26",26,1,1,0,0,0
"E489","I27",27,0,0,0,0,0
"E489","I28",28,1,1,0,0,0
"E489","I29",29,0,0,0,0,0
"E489","I30",30,0,0,0,0,0
"E489","I31",31,0,0,0,0,0
"E489","I32",32,1,1,0,0,0
"E489","I33",33,0,0,0,0,0
"E489","I34",34,0,0,0,0,0
"E489","I35",35,0,0,0,0,0
"E489","I36",36,0,0,0,0,0
"E489","I37",37,0,0,0,0,0
"E489","I38",38,1,1,0,0,0
"E489","I39",39,0,0,0,0,0
"E489","I40",40,0,0,0,0,0
"E490","I01",1,1,1,0,0,0
"E490","I02",2,1,1,0,0,0
"E490","I03",3,0,0,0,0,0
"E490","I04",4,1,0,1,0,1
"E490","I05",5,0,0,0,0,0
"E490","I06",6,0,0,0,0,0
"E490","I07",7,1,1,0,0,0
"E490","I08",8,0,0,0,0,0
"E490","I09",9,0,0,0,0,0
"E490","I10",10,0,0,0,0,0
"E490","I11",11,0,0,0,0,0
"E490","I12",12,0,0,0,0,0
"E490","I13",13,1,1,0,0,0
"E490","I14",14,1,0,1,0,1
"E490","I15",15,0,0,0,0,0
"E490","I16",16,0,0,0,0,0
"E490","I17",17,0,0,0,0,0
"E490","I18",18,0,0,0,0,0
"E490","I19",19,0,0,0,0,0
"E490","I20",20,0,0,0,0,0
"E490","I21",21,0,0,0,0,0
"E490","I22",22,0,0,0,0,0
"E490","I23",23,1,1,0,0,0
"E490","I24",24,0,0,0,0,0
"E490","I25",25,0,0,0,0,0
"E490","I26",26,0,0,0,0,0
"E490","I27",27,0,0,0,0,0
"E490","I28",28,1,1,0,0,0
"E490","I29",29,1,1,0,0,0
"E490","I30",30,0,0,0,0,0
"E490","I31",31,0,0,0,0,0
"E490","I32",32,0,0,0,0,0
"E490","I33",33,0,0,0,0,0
"E490","I34",34,0,0,0,0,0
"E490","I35",35,0,0,0,0,0
"E490","I36",36,1,1,0,0,0
"E490","I37",37,0,0,0,0,0
"E490","I38",38,0,0,0,0,0
"E490","I39",39,0,0,0,0,0
"E490","I40",40,0,0,0,0,0
"E491","I01",1,0,1,1,1,0
"E491","I02",2,1,1,0,0,0
"E491","I03",3,1,1,0,0,0
"E491","I04",4,1,1,0,0,0
"E491","I05",5,1,1,0,0,0
"E491","I06",6,1,1,0,0,0
"E491","I07",7,1,1,0,0,0
"E491","I08",8,1,1,0,0,0
"E491","I09",9,1,1,0,0,0
"E491","I10",10,1,1,0,0,0
"E491","I11",11,1,1,0,0,0
"E491","I12",12,1,1,0,0,0
"E491","I13",13,1,1,0,0,0
"E491","I14",14,1,1,0,0,0
"E491","I15",15,1,1,0,0,0
"E491","I16",16,1,1,0,0,0
"E491","I17",17,1,1,0,0,0
"E491","I18",18,1,1,0,0,0
"E491","I19",19,1,1,0,0,0
"E491","I20",20,1,1,0,0,0
"E491","I21",21,1,1,0,0,0
"E491","I22",22,0,0,0,0,0
"E491","I23",23,1,1,0,0,0
"E491","I24",24,1,1,0,0,0
"E491","I25",25,1,1,0,0,0
"E491","I26",26,1,1,0,0,0
"E491","I27",27,0,1,1,1,0
"E491","I28",28,1,1,0,0,0
"E491","I29",29,1,1,0,0,0
"E491","I30",30,1,1,0,0,0
"E491","I31",31,0,1,1,1,0
"E491","I32",32,1,1,0,0,0
"E491","I33",33,1,1,0,0,0
"E491","I34",34,1,1,0,0,0
"E491","I35",35,1,1,0,0,0
"E491","I36",36,1,1,0,0,0
"E491","I37",37,1,1,0,0,0
"E491","I38",38,1,1,0,0,0
"E491","I39",39,1,1,0,0,0
"E491","I40",40,1,1,0,0,0
"E492","I01",1,1,1,0,0,0
"E492","I02",2,1,1,0,0,0
"E492","I03",3,1,1,0,0,0
"E492","I04",4,1,1,0,0,0
"E492","I05",5,0,0,0,0,0
"E492","I06",6,0,0,0,0,0
"E492","I07",7,1,1,0,0,0
"E492","I08",8,1,1,0,0,0
"E492","I09",9,0,1,1,1,0
"E492","I10",10,0,0,0,0,0
"E492","I11",11,0,0,0,0,0
"E492","I12",12,1,1,0,0,0
"E492","I13",13,1,1,0,0,0
"E492","I14",14,1,1,0,0,0
"E492","I15",15,1,1,0,0,0
"E492","I16",16,0,0,0,0,0
"E492","I17",17,1,1,0,0,0
"E492","I18",18,1,1,0,0,0
"E492","I19",19,1,1,0,0,0
"E492","I20",20,1,1,0,0,0
"E492","I21",21,0,0,0,0,0
"E492","I22",22,0,0,0,0,0
"E492","I23",23,1,1,0,0,0
"E492","I24",24,0,0,0,0,0
"E492","I25",25,1,1,0,0,0
"E492","I26",26,0,0,0,0,0
"E492","I27",27,1,1,0,0,0
"E492","I28",28,1,1,0,0,0
"E492","I29",29,0,0,0,0,0
"E492","I30",30,0,0,0,0,0
"E492","I31",31,0,0,0,0,0
"E492","I32",32,1,1,0,0,0
"E492","I33",33,0,0,0,0,0
"E492","I34",34,0,0,0,0,0
"E492","I35",35,0,0,0,0,0
"E492","I36",36,1,1,0,0,0
"E492","I37",37,0,0,0,0,0
"E492","I38",38,1,1,0,0,0
"E492","I39",39,1,1,0,0,0
"E492","I40",40,0,0,0,0,0
"E493","I01",1,1,1,0,0,0
"E493","I02",2,0,0,0,0,0
"E493","I03",3,0,0,0,0,0
"E493","I04",4,1,1,0,0,0
"E493","I05",5,1,1,0,0,0
"E493","I06",6,0,0,0,0,0
"E493","I07",7,1,1,0,0,0
"E493","I08",8,1,1,0,0,0
"E493","I09",9,1,1,0,0,0
"E493","I10",10,1,1,0,0,0
"E493","I11",11,0,0,0,0,0
"E493","I12",12,1,1,0,0,0
"E493","I13",13,1,1,0,0,0
"E493","I14",14,1,1,0,0,0
"E493","I15",15,0,0,0,0,0
"E493","I16",16,1,1,0,0,0
"E493","I17",17,0,0,0,0,0
"E493","I18",18,1,1,0,0,0
"E493","I19",19,1,1,0,0,0
"E493","I20",20,1,1,0,0,0
"E493","I21",21,0,0,0,0,0
"E493","I22",22,0,0,0,0,0
"E493","I23",23,0,0,0,0,0
"E493","I24",24,1,1,0,0,0
"E493","I25",25,0,0,0,0,0
"E493","I26",26,0,0,0,0,0
"E493","I27",27,1,1,0,0,0
"E493","I28",28,0,0,0,0,0
"E493","I29",29,1,1,0,0,0
"E493","I30",30,1,1,0,0,0
"E493","I31",31,0,0,0,0,0
"E493","I32",32,0,0,0,0,0
"E493","I33",33,1,1,0,0,0
"E493","I34",34,0,0,0,0,0
"E493","I35",35,1,1,0,0,0
"E493","I36",36,0,0,0,0,0
"E493","I37",37,0,0,0,0,0
"E493","I38",38,0,0,0,0,0
"E493","I39",39,1,1,0,0,0
"E493","I40",40,0,0,0,0,0
"E494","I01",1,1,1,0,0,0
"E494","I02",2,1,1,0,0,0
"E494","I03",3,1,1,0,0,0
"E494","I04",4,1,1,0,0,0
"E494","I05",5,1,1,0,0,0
"E494","I06",6,0,1,1,1,0
"E494","I07",7,1,1,0,0,0
"E494","I08",8,1,1,0,0,0
"E494","I09",9,1,1,0,0,0
"E494","I10",10,0,0,0,0,0
"E494","I11",11,1,1,0,0,0
"E494","I12",12,1,1,0,0,0
"E494","I13",13,1,1,0,0,0
"E494","I14",14,1,1,0,0,0
"E494","I15",15,1,1,0,0,0
"E494","I16",16,1,1,0,0,0
"E494","I17",17,0,0,0,0,0
"E494","I18",18,0,0,0,0,0
"E494","I19",19,0,1,1,1,0
"E494","I20",20,1,1,0,0,0
"E494","I21",21,1,1,0,0,0
"E494","I22",22,0,0,0,0,0
"E494","I23",23,1,1,0,0,0
"E494","I24",24,1,1,0,0,0
"E494","I25",25,1,1,0,0,0
"E494","I26",26,1,1,0,0,0
"E494","I27",27,1,1,0,0,0
"E494","I28",28,1,1,0,0,0
"E494","I29",29,1,1,0,0,0
"E494","I30",30,0,1,1,1,0
"E494","I31",31,1,1,0,0,0
"E494","I32",32,1,1,0,0,0
"E494","I33",33,1,1,0,0,0
"E494","I34",34,0,0,0,0,0
"E494","I35",35,1,1,0,0,0
"E494","I36",36,1,1,0,0,0
"E494","I37",37,1,1,0,0,0
"E494","I38",38,1,1,0,0,0
"E494","I39",39,1,1,0,0,0
"E494","I40",40,1,1,0,0,0
"E495","I01",1,1,1,0,0,0
"E495","I02",2,1,1,0,0,0
"E495","I03",3,0,0,0,0,0
"E495","I04",4,1,1,0,0,0
"E495","I05",5,0,0,0,0,0
"E495","I06",6,1,1,0,0,0
"E495","I07",7,1,1,0,0,0
"E495","I08",8,1,1,0,0,0
"E495","I09",9,0,0,0,0,0
"E495","I10",10,1,1,0,0,0
"E495","I11",11,0,0,0,0,0
"E495","I12",12,0,0,0,0,0
"E495","I13",13,1,1,0,0,0
"E495","I14",14,0,0,0,0,0
"E495","I15",15,1,1,0,0,0
"E495","I16",16,0,0,0,0,0
"E495","I17",17,0,0,0,0,0
"E495","I18",18,0,0,0,0,0
"E495","I19",19,1,1,0,0,0
"E495","I20",20,0,0,0,0,0
"E495","I21",21,0,0,0,0,0
"E495","I22",22,0,0,0,0,0
"E495","I23",23,0,0,0,0,0
"E495","I24",24,1,1,0,0,0
"E495","I25",25,0,0,0,0,0
"E495","I26",26,1,1,0,0,0
"E495","I27",27,0,0,0,0,0
"E495","I28",28,1,1,0,0,0
"E495","I29",29,0,0,0,0,0
"E495","I30",30,0,0,0,0,0
"E495","I31",31,0,0,0,0,0
"E495","I32",32,1,1,0,0,0
"E495","I33",33,0,0,0,0,0
"E495","I34",34,0,0,0,0,0
"E495","I35",35,1,1,0,0,0
"E495","I36",36,0,0,0,0,0
"E495","I37",37,1,1,0,0,0
"E495","I38",38,1,1,0,0,0
"E495","I39",39,1,1,0,0,0
"E495","I40",40,0,0,0,0,0
"E496","I01",1,1,1,0,0,0
"E496","I02",2,0,0,0,0,0
"E496","I03",3,1,1,0,0,0
"E496","I04",4,0,0,0,0,0
"E496","I05",5,1,1,0,0,0
"E496","I06",6,1,1,0,0,0
"E496","I07",7,1,1,0,0,0
"E496","I08",8,1,1,0,0,0
"E496","I09",9,0,0,0,0,0
"E496","I10",10,0,0,0,0,0
"E496","I11",11,0,0,0,0,0
"E496","I12",12,1,1,0,0,0
"E496","I13",13,0,0,0,0,0
"E496","I14",14,1,1,0,0,0
"E496","I15",15,0,0,0,0,0
"E496","I16",16,1,1,0,0,0
"E496","I17",17,0,0,0,0,0
"E496","I18",18,0,0,0,0,0
"E496","I19",19,0,0,0,0,0
"E496","I20",20,1,1,0,0,0
"E496","I21",21,0,0,0,0,0
"E496","I22",22,0,0,0,0,0
"E496","I23",23,1,1,0,0,0
"E496","I24",24,0,0,0,0,0
"E496","I25",25,0,0,0,0,0
"E496","I26",26,1,1,0,0,0
"E496","I27",27,0,0,0,0,0
"E496","I28",28,0,0,0,0,0
"E496","I29",29,0,0,0,0,0
"E496","I30",30,0,0,0,0,0
"E496","I31",31,0,0,0,0,0
"E496","I32",32,1,1,0,0,0
"E496","I33",33,0,0,0,0,0
"E496","I34",34,0,0,0,0,0
"E496","I35",35,1,0,1,0,1
"E496","I36",36,1,1,0,0,0
"E496","I37",37,0,0,0,0,0
"E496","I38",38,1,1,0,0,0
"E496","I39",39,1,1,0,0,0
"E496","I40",40,1,1,0,0,0
"E497","I01",1,1,1,0,0,0
"E497","I02",2,0,0,0,0,0
"E497","I03",3,1,1,0,0,0
"E497","I04",4,1,1,0,0,0
"E497","I05",5,1,1,0,0,0
"E497","I06",6,1,1,0,0,0
"E497","I07",7,1,1,0,0,0
"E497","I08",8,1,1,0,0,0
"E497","I09",9,0,0,0,0,0
"E497","I10",10,1,1,0,0,0
"E497","I11",11,1,1,0,0,0
"E497","I12",12,1,1,0,0,0
"E497","I13",13,0,0,0,0,0
"E497","I14",14,1,1,0,0,0
"E497","I15",15,1,1,0,0,0
"E497","I16",16,1,1,0,0,0
"E497","I17",17,0,0,0,0,0
"E497","I18",18,0,0,0,0,0
"E497","I19",19,0,0,0,0,0
"E497","I20",20,0,1,1,1,0
"E497","I21",21,1,1,0,0,0
"E497","I22",22,0,0,0,0,0
"E497","I23",23,1,1,0,0,0
"E497","I24",24,1,1,0,0,0
"E497","I25",25,1,1,0,0,0
"E497","I26",26,1,1,0,0,0
"E497","I27",27,1,1,0,0,0
"E497","I28",28,1,1,0,0,0
"E497","I29",29,1,1,0,0,0
"E497","I30",30,1,1,0,0,0
"E497","I31",31,1,1,0,0,0
"E497","I32",32,1,1,0,0,0
"E497","I33",33,1,0,1,0,1
"E497","I34",34,0,0,0,0,0
"E497","I35",35,1,1,0,0,0
"E497","I36",36,0,0,0,0,0
"E497","I37",37,1,1,0,0,0
"E497","I38",38,1,1,0,0,0
"E497","I39",39,1,1,0,0,0
"E497","I40",40,0,0,0,0,0
"E498","I01",1,1,1,0,0,0
"E498","I02",2,0,0,0,0,0
"E498","I03",3,0,0,0,0,0
"E498","I04",4,1,1,0,0,0
"E498","I05",5,0,0,0,0,0
"E498","I06",6,0,0,0,0,0
"E498","I07",7,0,0,0,0,0
"E498","I08",8,0,0,0,0,0
"E498","I09",9,0,0,0,0,0
"E498","I10",10,0,0,0,0,0
"E498","I11",11,1,1,0,0,0
"E498","I12",12,1,0,1,0,1
"E498","I13",13,1,1,0,0,0
"E498","I14",14,0,0,0,0,0
"E498","I15",15,0,0,0,0,0
"E498","I16",16,1,1,0,0,0
"E498","I17",17,1,0,1,0,1
"E498","I18",18,0,0,0,0,0
"E498","I19",19,1,1,0,0,0
"E498","I20",20,0,0,0,0,0
"E498","I21",21,0,0,0,0,0
"E498","I22",22,0,0,0,0,0
"E498","I23",23,0,0,0,0,0
"E498","I24",24,0,0,0,0,0
"E498","I25",25,0,0,0,0,0
"E498","I26",26,1,1,0,0,0
"E498","I27",27,0,0,0,0,0
"E498","I28",28,0,0,0,0,0
"E498","I29",29,1,0,1,0,1
"E498","I30",30,1,1,0,0,0
"E498","I31",31,0,0,0,0,0
"E498","I32",32,1,1,0,0,0
"E498","I33",33,0,0,0,0,0
"E498","I34",34,0,0,0,0,0
"E498","I35",35,0,0,0,0,0
"E498","I36",36,1,1,0,0,0
"E498","I37",37,0,0,0,0,0
"E498","I38",38,0,0,0,0,0
"E498","I39",39,0,0,0,0,0
"E498","I40",40,1,1,0,0,0
"E499","I01",1,1,1,0,0,0
"E499","I02",2,1,1,0,0,0
"E499","I03",3,0,0,0,0,0
"E499","I04",4,1,1,0,0,0
"E499","I05",5,1,1,0,0,0
"E499","I06",6,0,0,0,0,0
"E499","I07",7,1,1,0,0,0
"E499","I08",8,0,0,0,0,0
"E499","I09",9,1,1,0,0,0
"E499","I10",10,0,0,0,0,0
"E499","I11",11,0,0,0,0,0
"E499","I12",12,0,0,0,0,0
"E499","I13",13,0,0,0,0,0
"E499","I14",14,0,0,0,0,0
"E499","I15",15,0,0,0,0,0
"E499","I16",16,1,1,0,0,0
"E499","I17",17,1,1,0,0,0
"E499","I18",18,0,0,0,0,0
"E499","I19",19,1,1,0,0,0
"E499","I20",20,0,0,0,0,0
"E499","I21",21,0,0,0,0,0
"E499","I22",22,1,1,0,0,0
"E499","I23",23,1,1,0,0,0
"E499","I24",24,0,0,0,0,0
"E499","I25",25,0,0,0,0,0
"E499","I26",26,0,0,0,0,0
"E499","I27",27,1,1,0,0,0
"E499","I28",28,0,0,0,0,0
"E499","I29",29,1,1,0,0,0
"E499","I30",30,0,0,0,0,0
"E499","I31",31,1,1,0,0,0
"E499","I32",32,0,0,0,0,0
"E499","I33",33,0,0,0,0,0
"E499","I34",34,0,0,0,0,0
"E499","I35",35,0,0,0,0,0
"E499","I36",36,1,1,0,0,0
"E499","I37",37,1,1,0,0,0
"E499","I38",38,0,0,0,0,0
"E499","I39",39,0,0,0,0,0
"E499","I40",40,0,0,0,0,0
"E500","I01",1,1,1,0,0,0
"E500","I02",2,0,0,0,0,0
"E500","I03",3,0,0,0,0,0
"E500","I04",4,0,0,0,0,0
"E500","I05",5,0,0,0,0,0
"E500","I06",6,1,1,0,0,0
"E500","I07",7,1,1,0,0,0
"E500","I08",8,1,1,0,0,0
"E500","I09",9,1,1,0,0,0
"E500","I10",10,1,1,0,0,0
"E500","I11",11,0,0,0,0,0
"E500","I12",12,1,1,0,0,0
"E500","I13",13,1,1,0,0,0
"E500","I14",14,1,1,0,0,0
"E500","I15",15,0,0,0,0,0
"E500","I16",16,0,1,1,1,0
"E500","I17",17,0,0,0,0,0
"E500","I18",18,0,0,0,0,0
"E500","I19",19,0,0,0,0,0
"E500","I20",20,1,1,0,0,0
"E500","I21",21,1,1,0,0,0
"E500","I22",22,0,0,0,0,0
"E500","I23",23,0,0,0,0,0
"E500","I24",24,1,1,0,0,0
"E500","I25",25,1,1,0,0,0
"E500","I26",26,1,1,0,0,0
"E500","I27",27,1,1,0,0,0
"E500","I28",28,0,0,0,0,0
"E500","I29",29,1,1,0,0,0
"E500","I30",30,1,1,0,0,0
"E500","I31",31,0,0,0,0,0
"E500","I32",32,1,1,0,0,0
"E500","I33",33,0,0,0,0,0
"E500","I34",34,0,0,0,0,0
"E500","I35",35,0,0,0,0,0
"E500","I36",36,0,0,0,0,0
"E500","I37",37,0,0,0,0,0
"E500","I38",38,0,0,0,0,0
"E500","I39",39,1,1,0,0,0
"E500","I40",40,0,0,0,0,0
